id,name,ticker,category,sub,source,sourceUrl,confidence,rawScore,score,fundamental,price,change,volume
ath-P-25850,Kristine Lilly,KRLI,Athlete,Football • Midfielder • 2007,Fjelstul World Cup Database,https://en.wikipedia.org/wiki/Kristine_Lilly,0.89,99.0,93.6,217.02,227.09,-2.28,835000
ath-P-74058,Martín Cáceres,MACA,Athlete,Football • Defender • 2022,Fjelstul World Cup Database,https://en.wikipedia.org/wiki/Mart%C3%ADn_C%C3%A1ceres,0.89,99.0,93.6,217.02,215.12,5.68,805000
ath-P-44926,Tim Cahill,TICA,Athlete,Football • Forward • 2018,Fjelstul World Cup Database,https://en.wikipedia.org/wiki/Tim_Cahill,0.89,98.9,93.5,216.62,246.58,3.77,865000
ath-P-59238,Florence Omagbemi,FLOM,Athlete,Football • Midfielder • 2003,Fjelstul World Cup Database,https://en.wikipedia.org/wiki/Florence_Omagbemi,0.89,98.8,93.4,216.05,202.19,7.57,838754
ath-P-29491,Luka Modrić,LUMO,Athlete,Football • Midfielder • 2022,Fjelstul World Cup Database,https://en.wikipedia.org/wiki/Luka_Modri%C4%87,0.89,98.8,93.4,216.14,210.75,4.45,895000
ath-P-07458,Marta,MART,Athlete,Football • Forward • 2019,Fjelstul World Cup Database,https://en.wikipedia.org/wiki/Marta_(footballer),0.89,98.7,93.4,215.91,238.55,8.37,1085000
ath-P-28010,Sergio Busquets,SEBU,Athlete,Football • Midfielder • 2022,Fjelstul World Cup Database,https://en.wikipedia.org/wiki/Sergio_Busquets,0.89,98.7,93.4,215.79,218.64,4.95,865000
ath-P-29415,Xavi,XAVI,Athlete,Football • Midfielder • 2014,Fjelstul World Cup Database,https://en.wikipedia.org/wiki/Xavi,0.89,98.7,93.4,215.75,213.13,-4.74,875000
ath-P-78440,Diego Godín,DIGO,Athlete,Football • Defender • 2022,Fjelstul World Cup Database,https://en.wikipedia.org/wiki/Diego_God%C3%ADn,0.89,98.7,93.3,215.69,222.61,3.82,815000
ath-P-41105,Karina LeBlanc,KAL2,Athlete,Football • Goalkeeper • 2015,Fjelstul World Cup Database,https://en.wikipedia.org/wiki/Karina_LeBlanc,0.89,98.7,93.3,215.63,220.61,7.49,895000
ath-P-56330,Andrés Iniesta,ANIN,Athlete,Football • Midfielder • 2018,Fjelstul World Cup Database,https://en.wikipedia.org/wiki/Andr%C3%A9s_Iniesta,0.89,98.5,93.2,214.82,242.28,-6.12,845000
ath-P-94354,Caroline Seger,CASE,Athlete,Football • Midfielder • 2019,Fjelstul World Cup Database,https://en.wikipedia.org/wiki/Caroline_Seger,0.89,98.5,93.2,214.83,241.98,7.21,755000
ath-P-30711,Hugo Lloris,HULL,Athlete,Football • Goalkeeper • 2022,Fjelstul World Cup Database,https://en.wikipedia.org/wiki/Hugo_Lloris,0.89,98.6,93.2,215.18,207.5,1.91,715000
ath-P-17805,Nozomi Yamago,NOYA,Athlete,Football • Goalkeeper • 2011,Fjelstul World Cup Database,https://en.wikipedia.org/wiki/Nozomi_Yamago,0.89,98.6,93.2,215.17,230.23,-5.51,987370
ath-P-00393,Abby Erceg,ABER,Athlete,Football • Defender • 2019,Fjelstul World Cup Database,https://en.wikipedia.org/wiki/Abby_Erceg,0.89,98.3,93.0,214.13,199.83,1.24,895000
ath-P-91976,DaMarcus Beasley,DABE,Athlete,Football • Midfielder • 2014,Fjelstul World Cup Database,https://en.wikipedia.org/wiki/DaMarcus_Beasley,0.89,98.3,93.0,214.14,221.58,2.24,1015000
ath-P-59138,Edinson Cavani,EDCA,Athlete,Football • Forward • 2022,Fjelstul World Cup Database,https://en.wikipedia.org/wiki/Edinson_Cavani,0.89,98.3,93.0,214.03,250.51,-2.37,845000
ath-P-19610,Formiga,FORM,Athlete,Football • Forward • 2019,Fjelstul World Cup Database,"https://en.wikipedia.org/wiki/Formiga_(footballer,_born_1978)",0.89,98.4,93.0,214.22,200.64,0.54,715000
ath-P-33014,Kozue Ando,KOAN,Athlete,Football • Forward • 2015,Fjelstul World Cup Database,https://en.wikipedia.org/wiki/Kozue_Ando,0.89,98.3,93.0,214.03,203.74,-4.82,1015000
ath-P-15222,Sun-hong Hwang,SUHW,Athlete,Football • Forward • 2002,Fjelstul World Cup Database,https://en.wikipedia.org/wiki/Hwang_Sun-hong,0.89,98.3,93.0,213.85,240.9,4.27,1016229
ath-P-64332,Melissa Barbieri,MEBA,Athlete,Football • Goalkeeper • 2015,Fjelstul World Cup Database,https://en.wikipedia.org/wiki/Melissa_Barbieri,0.89,98.2,92.9,213.54,231.61,3.83,885000
ath-P-52228,Nilla Fischer,NIFI,Athlete,Football • Midfielder • 2019,Fjelstul World Cup Database,https://en.wikipedia.org/wiki/Nilla_Fischer,0.89,98.2,92.9,213.43,223.26,8.25,1075000
ath-P-61084,Ria Percival,RIPE,Athlete,Football • Midfielder • 2019,Fjelstul World Cup Database,https://en.wikipedia.org/wiki/Ria_Percival,0.89,98.2,92.9,213.51,248.75,-2.15,715000
ath-P-53205,Sandra Minnert,SAMI,Athlete,Football • Defender • 2007,Fjelstul World Cup Database,https://en.wikipedia.org/wiki/Sandra_Minnert,0.89,98.2,92.9,213.41,212.36,3.15,892462
ath-P-51395,Thierry Henry,THHE,Athlete,Football • Forward • 2010,Fjelstul World Cup Database,https://en.wikipedia.org/wiki/Thierry_Henry,0.89,98.2,92.9,213.44,207.66,-5.54,1052229
ath-P-66036,Andréia,ANDR,Athlete,Football • Goalkeeper • 2011,Fjelstul World Cup Database,https://en.wikipedia.org/wiki/Andr%C3%A9ia_Suntaque,0.89,98.1,92.8,212.88,231.52,5.23,848460
ath-P-90908,Antoine Griezmann,ANGR,Athlete,Football • Forward • 2022,Fjelstul World Cup Database,https://en.wikipedia.org/wiki/Antoine_Griezmann,0.89,98.1,92.8,213.0,239.72,9.35,852936
ath-P-61069,Bárbara,BARB,Athlete,Football • Goalkeeper • 2019,Fjelstul World Cup Database,https://en.wikipedia.org/wiki/B%C3%A1rbara_(footballer),0.89,98.1,92.8,213.15,223.63,8.45,1025000
ath-P-53272,Eiji Kawashima,EIKA,Athlete,Football • Goalkeeper • 2022,Fjelstul World Cup Database,https://en.wikipedia.org/wiki/Eiji_Kawashima,0.89,98.1,92.8,213.16,239.03,-5.51,735000
ath-P-97813,Christine Sinclair,CHSI,Athlete,Football • Forward • 2019,Fjelstul World Cup Database,https://en.wikipedia.org/wiki/Christine_Sinclair,0.89,98.0,92.7,212.51,206.58,-1.77,775000
ath-P-34666,Karen Carney,KACA,Athlete,Football • Forward • 2019,Fjelstul World Cup Database,https://en.wikipedia.org/wiki/Karen_Carney,0.89,98.0,92.7,212.67,238.82,-4.86,965000
ath-P-94956,Lydia Williams,LYWI,Athlete,Football • Goalkeeper • 2019,Fjelstul World Cup Database,https://en.wikipedia.org/wiki/Lydia_Williams,0.89,98.0,92.7,212.74,227.82,-5.67,1025000
ath-P-99210,Mizuho Sakaguchi,MISA,Athlete,Football • Midfielder • 2019,Fjelstul World Cup Database,https://en.wikipedia.org/wiki/Mizuho_Sakaguchi,0.89,98.0,92.7,212.62,211.96,-0.77,755000
ath-P-19498,Stella Mbachu,STMB,Athlete,Football • Forward • 2011,Fjelstul World Cup Database,https://en.wikipedia.org/wiki/Stella_Mbachu,0.89,98.0,92.7,212.71,230.78,8.2,798850
ath-P-35812,Clare Polkinghorne,CLPO,Athlete,Football • Defender • 2019,Fjelstul World Cup Database,https://en.wikipedia.org/wiki/Clare_Polkinghorne,0.89,97.8,92.6,211.89,224.39,3.47,1035000
ath-P-48831,Dino Zoff,DIZO,Athlete,Football • Goalkeeper • 1982,Fjelstul World Cup Database,https://en.wikipedia.org/wiki/Dino_Zoff,0.89,97.9,92.6,212.01,216.39,3.05,859374
ath-P-27779,Hedvig Lindahl,HELI,Athlete,Football • Goalkeeper • 2019,Fjelstul World Cup Database,https://en.wikipedia.org/wiki/Hedvig_Lindahl,0.89,97.9,92.6,212.23,219.64,9.05,1065000
ath-P-49502,Lothar Matthäus,LOMA,Athlete,Football • Midfielder • 1998,Fjelstul World Cup Database,https://en.wikipedia.org/wiki/Lothar_Matth%C3%A4us,0.89,97.8,92.6,211.91,200.58,-0.34,715000
ath-P-30486,Luis Suárez,LUSU,Athlete,Football • Forward • 2022,Fjelstul World Cup Database,https://en.wikipedia.org/wiki/Luis_Su%C3%A1rez,0.89,97.8,92.6,211.93,248.45,-5.07,665000
ath-P-44334,Pepe Reina,PERE,Athlete,Football • Goalkeeper • 2018,Fjelstul World Cup Database,https://en.wikipedia.org/wiki/Pepe_Reina,0.89,97.8,92.6,211.9,198.9,0.76,675000
ath-P-32798,Thiago Silva,THSI,Athlete,Football • Defender • 2022,Fjelstul World Cup Database,https://en.wikipedia.org/wiki/Thiago_Silva,0.89,97.8,92.6,211.8,207.05,4.85,995000
ath-P-29694,Trine Rønning,TRRN,Athlete,Football • Forward • 2015,Fjelstul World Cup Database,https://en.wikipedia.org/wiki/Trine_R%C3%B8nning,0.89,97.8,92.6,211.9,209.33,-6.84,575000
ath-P-69129,Ali Riley,ALRI,Athlete,Football • Defender • 2019,Fjelstul World Cup Database,https://en.wikipedia.org/wiki/Ali_Riley,0.89,97.7,92.5,211.49,249.79,-5.77,615000
ath-P-90420,Kátia,KATI,Athlete,Football • Forward • 2007,Fjelstul World Cup Database,https://en.wikipedia.org/wiki/K%C3%A1tia_Cilene_Teixeira,0.89,97.7,92.5,211.41,217.07,8.57,765718
ath-P-19408,Manuel Neuer,MANE,Athlete,Football • Goalkeeper • 2022,Fjelstul World Cup Database,https://en.wikipedia.org/wiki/Manuel_Neuer,0.89,97.7,92.5,211.52,227.78,-6.98,565000
ath-P-27787,Miroslav Klose,MIKL,Athlete,Football • Forward • 2014,Fjelstul World Cup Database,https://en.wikipedia.org/wiki/Miroslav_Klose,0.89,97.8,92.5,211.7,199.82,-2.65,695000
ath-P-12996,Mohamed Al-Deayea,MOAL,Athlete,Football • Goalkeeper • 2006,Fjelstul World Cup Database,https://en.wikipedia.org/wiki/Mohamed_Al-Deayea,0.89,97.8,92.5,211.56,233.53,3.3,655608
ath-P-63214,Andoni Zubizarreta,ANZU,Athlete,Football • Goalkeeper • 1998,Fjelstul World Cup Database,https://en.wikipedia.org/wiki/Andoni_Zubizarreta,0.89,97.6,92.4,211.08,198.86,-0.89,932904
ath-P-19145,Cheryl Salisbury,CHSA,Athlete,Football • Forward • 2007,Fjelstul World Cup Database,https://en.wikipedia.org/wiki/Cheryl_Salisbury,0.89,97.7,92.4,211.24,213.31,-2.8,833965
ath-P-82898,Katie Duncan,KADU,Athlete,Football • Midfielder • 2019,Fjelstul World Cup Database,https://en.wikipedia.org/wiki/Katie_Duncan,0.89,97.7,92.4,211.15,206.72,-2.32,595000
ath-P-83079,Lisa De Vanna,LIVA,Athlete,Football • Forward • 2019,Fjelstul World Cup Database,https://en.wikipedia.org/wiki/Lisa_De_Vanna,0.89,97.6,92.4,210.97,210.74,1.24,635000
ath-P-54576,Nadine Angerer,NAAN,Athlete,Football • Goalkeeper • 2015,Fjelstul World Cup Database,https://en.wikipedia.org/wiki/Nadine_Angerer,0.89,97.6,92.4,210.99,223.34,-7.05,555000
ath-P-88041,Sami Al-Jaber,SAAL,Athlete,Football • Forward • 2006,Fjelstul World Cup Database,https://en.wikipedia.org/wiki/Sami_Al-Jaber,0.89,97.6,92.4,210.83,225.78,-0.22,995325
ath-P-62104,Carli Lloyd,CALL,Athlete,Football • Forward • 2019,Fjelstul World Cup Database,https://en.wikipedia.org/wiki/Carli_Lloyd,0.89,97.5,92.3,210.56,214.53,-6.54,815000
ath-P-69659,Marc Wilmots,MAWI,Athlete,Football • Forward • 2002,Fjelstul World Cup Database,https://en.wikipedia.org/wiki/Marc_Wilmots,0.89,97.5,92.3,210.33,199.24,7.59,1035300
ath-P-95092,Sophie Schmidt,SOSC,Athlete,Football • Midfielder • 2019,Fjelstul World Cup Database,https://en.wikipedia.org/wiki/Sophie_Schmidt,0.89,97.5,92.3,210.6,211.01,-6.92,915000
ath-P-39183,Bente Nordby,BENO,Athlete,Football • Goalkeeper • 2007,Fjelstul World Cup Database,https://en.wikipedia.org/wiki/Bente_Nordby,0.89,97.4,92.2,210.21,199.72,3.45,995000
ath-P-72113,Homare Sawa,HOSA,Athlete,Football • Forward • 2015,Fjelstul World Cup Database,https://en.wikipedia.org/wiki/Homare_Sawa,0.89,97.5,92.2,210.27,211.13,-0.99,645000
ath-P-55990,Perpetua Nkwocha,PENK,Athlete,Football • Forward • 2015,Fjelstul World Cup Database,https://en.wikipedia.org/wiki/Perpetua_Nkwocha,0.89,97.5,92.2,210.24,223.39,-5.72,1005000
ath-P-92403,Shannon Boxx,SHBO,Athlete,Football • Midfielder • 2015,Fjelstul World Cup Database,https://en.wikipedia.org/wiki/Shannon_Boxx,0.89,97.4,92.2,210.04,220.74,-2.07,795000
ath-P-78451,Tameka Yallop,TAYA,Athlete,Football • Midfielder • 2019,Fjelstul World Cup Database,https://en.wikipedia.org/wiki/Tameka_Yallop,0.89,97.4,92.2,209.97,235.23,1.79,799413
ath-P-26303,Yuto Nagatomo,YUNA,Athlete,Football • Defender • 2022,Fjelstul World Cup Database,https://en.wikipedia.org/wiki/Yuto_Nagatomo,0.89,97.5,92.2,210.23,225.72,3.85,855000
ath-P-40312,Andrés Guardado,ANGU,Athlete,Football • Midfielder • 2022,Fjelstul World Cup Database,https://en.wikipedia.org/wiki/Andr%C3%A9s_Guardado,0.89,97.3,92.1,209.6,239.31,1.32,565000
ath-P-88863,Fabio Cannavaro,FACA,Athlete,Football • Defender • 2010,Fjelstul World Cup Database,https://en.wikipedia.org/wiki/Fabio_Cannavaro,0.89,97.3,92.1,209.67,225.52,-0.67,933688
ath-P-11392,Gianluigi Buffon,GIBU,Athlete,Football • Goalkeeper • 2014,Fjelstul World Cup Database,https://en.wikipedia.org/wiki/Gianluigi_Buffon,0.89,97.3,92.1,209.73,223.19,7.69,875000
ath-P-21208,Héctor Moreno,HEMO,Athlete,Football • Defender • 2022,Fjelstul World Cup Database,https://en.wikipedia.org/wiki/H%C3%A9ctor_Moreno,0.89,97.3,92.1,209.45,192.2,-3.23,735000
ath-P-01416,Jordi Alba,JOAL,Athlete,Football • Defender • 2022,Fjelstul World Cup Database,https://en.wikipedia.org/wiki/Jordi_Alba,0.89,97.3,92.1,209.53,208.45,4.13,725976
ath-P-24251,Seigo Narazaki,SENA,Athlete,Football • Goalkeeper • 2010,Fjelstul World Cup Database,https://en.wikipedia.org/wiki/Seigo_Narazaki,0.89,97.3,92.1,209.77,219.76,-2.71,834904
ath-P-00471,Christie Rampone,CHRA,Athlete,Football • Defender • 2015,Fjelstul World Cup Database,https://en.wikipedia.org/wiki/Christie_Pearce,0.89,97.2,92.0,209.12,218.57,-5.64,765000
ath-P-97459,Claudio Reyna,CLRE,Athlete,Football • Midfielder • 2006,Fjelstul World Cup Database,https://en.wikipedia.org/wiki/Claudio_Reyna,0.89,97.2,92.0,209.15,194.68,-1.65,675020
ath-P-86360,Faith Michael,FAMI,Athlete,Football • Midfielder • 2019,Fjelstul World Cup Database,https://en.wikipedia.org/wiki/Faith_Michael,0.89,97.2,92.0,209.06,200.75,5.25,505000
ath-P-33751,Oliver Kahn,OLKA,Athlete,Football • Goalkeeper • 2006,Fjelstul World Cup Database,https://en.wikipedia.org/wiki/Oliver_Kahn,0.89,97.2,92.0,208.94,201.82,-0.11,510015
ath-P-61703,Samuel Eto'o,SAET,Athlete,Football • Forward • 2014,Fjelstul World Cup Database,https://en.wikipedia.org/wiki/Samuel_Eto%27o,0.89,97.2,92.0,209.26,191.78,-4.94,935000
ath-P-47418,Stephanie Labbé,STLA,Athlete,Football • Goalkeeper • 2019,Fjelstul World Cup Database,https://en.wikipedia.org/wiki/Stephanie_Labb%C3%A9,0.89,97.2,92.0,209.17,217.34,2.85,824447
ath-P-95194,Therese Sjögran,THSJ,Athlete,Football • Midfielder • 2015,Fjelstul World Cup Database,https://en.wikipedia.org/wiki/Therese_Sj%C3%B6gran,0.89,97.1,92.0,208.87,207.4,-7.27,795000
ath-P-57722,Christian Bolaños,CHBO,Athlete,Football • Midfielder • 2018,Fjelstul World Cup Database,https://en.wikipedia.org/wiki/Christian_Bola%C3%B1os,0.89,97.1,91.9,208.57,223.64,-3.26,895295
ath-P-97414,Enzo Scifo,ENSC,Athlete,Football • Midfielder • 1998,Fjelstul World Cup Database,https://en.wikipedia.org/wiki/Enzo_Scifo,0.89,97.1,91.9,208.57,205.95,1.92,867339
ath-P-80826,Guillermo Ochoa,GUOC,Athlete,Football • Goalkeeper • 2022,Fjelstul World Cup Database,https://en.wikipedia.org/wiki/Guillermo_Ochoa,0.89,97.1,91.9,208.81,196.9,-1.14,915000
ath-P-84771,Rumi Utsugi,RUUT,Athlete,Football • Midfielder • 2019,Fjelstul World Cup Database,https://en.wikipedia.org/wiki/Rumi_Utsugi,0.89,97.1,91.9,208.77,226.72,2.67,705000
ath-P-89236,Abby Wambach,ABWA,Athlete,Football • Forward • 2015,Fjelstul World Cup Database,https://en.wikipedia.org/wiki/Abby_Wambach,0.89,97.0,91.8,208.28,197.2,0.63,745000
ath-P-87255,Andrea Neil,ANNE,Athlete,Football • Midfielder • 2007,Fjelstul World Cup Database,https://en.wikipedia.org/wiki/Andrea_Neil,0.89,96.9,91.8,208.0,201.72,4.55,531728
ath-P-75785,Ehsan Hajsafi,EHHA,Athlete,Football • Midfielder • 2022,Fjelstul World Cup Database,https://en.wikipedia.org/wiki/Ehsan_Hajsafi,0.89,96.9,91.8,207.98,217.45,0.91,869864
ath-P-55097,Myung-bo Hong,MYHO,Athlete,Football • Defender • 2002,Fjelstul World Cup Database,https://en.wikipedia.org/wiki/Hong_Myung-bo,0.89,97.0,91.8,208.28,232.69,9.18,510847
ath-P-68759,Nkiru Okosieme,NKOK,Athlete,Football • Midfielder • 2003,Fjelstul World Cup Database,https://en.wikipedia.org/wiki/Nkiru_Okosieme,0.89,97.0,91.8,208.33,220.58,3.77,848332
ath-P-43222,Paolo Maldini,PAM2,Athlete,Football • Defender • 2002,Fjelstul World Cup Database,https://en.wikipedia.org/wiki/Paolo_Maldini,0.89,96.9,91.8,207.97,224.95,-2.65,739699
ath-P-62722,Ronaldo,RONA,Athlete,Football • Forward • 2006,Fjelstul World Cup Database,https://en.wikipedia.org/wiki/Ronaldo_(Brazilian_footballer),0.89,97.0,91.8,208.29,228.65,-7.48,1043856
ath-P-10543,Tânia,TANI,Athlete,Football • Forward • 2007,Fjelstul World Cup Database,https://en.wikipedia.org/wiki/T%C3%A2nia_Maria_Pereira_Ribeiro,0.89,97.0,91.8,208.38,199.0,-1.87,629224
ath-P-39460,Xherdan Shaqiri,XHSH,Athlete,Football • Midfielder • 2022,Fjelstul World Cup Database,https://en.wikipedia.org/wiki/Xherdan_Shaqiri,0.89,96.9,91.8,207.91,214.51,0.24,595000
ath-P-80895,Annalie Longo,ANLO,Athlete,Football • Midfielder • 2019,Fjelstul World Cup Database,https://en.wikipedia.org/wiki/Annalie_Longo,0.89,96.8,91.7,207.63,220.45,4.41,525000
ath-P-36065,Desiree Scott,DESC,Athlete,Football • Midfielder • 2019,Fjelstul World Cup Database,https://en.wikipedia.org/wiki/Desiree_Scott,0.89,96.8,91.7,207.56,214.77,5.21,857827
ath-P-41187,Jill Scott,JISC,Athlete,Football • Midfielder • 2019,Fjelstul World Cup Database,https://en.wikipedia.org/wiki/Jill_Scott_(footballer),0.89,96.9,91.7,207.8,197.66,7.32,635000
ath-P-36196,Mark Milligan,MAMI,Athlete,Football • Midfielder • 2018,Fjelstul World Cup Database,https://en.wikipedia.org/wiki/Mark_Milligan,0.89,96.9,91.7,207.83,213.97,-0.6,615000
ath-P-89177,Sergio Ramos,SERA,Athlete,Football • Defender • 2018,Fjelstul World Cup Database,https://en.wikipedia.org/wiki/Sergio_Ramos,0.89,96.9,91.7,207.88,223.36,-5.31,825000
ath-P-70069,Solveig Gulbrandsen,SOGU,Athlete,Football • Midfielder • 2015,Fjelstul World Cup Database,https://en.wikipedia.org/wiki/Solveig_Gulbrandsen,0.89,96.8,91.7,207.6,233.98,0.14,625000
ath-P-78246,Ariane Hingst,ARHI,Athlete,Football • Midfielder • 2011,Fjelstul World Cup Database,https://en.wikipedia.org/wiki/Ariane_Hingst,0.89,96.8,91.6,207.32,229.88,-3.88,828616
ath-P-53366,Bettina Wiegmann,BEWI,Athlete,Football • Midfielder • 2003,Fjelstul World Cup Database,https://en.wikipedia.org/wiki/Bettina_Wiegmann,0.89,96.7,91.6,207.12,197.87,9.33,541819
ath-P-77063,Javier Mascherano,JAMA,Athlete,Football • Midfielder • 2018,Fjelstul World Cup Database,https://en.wikipedia.org/wiki/Javier_Mascherano,0.89,96.7,91.6,207.13,191.1,4.98,515000
ath-P-81972,Pepe,PEPE,Athlete,Football • Defender • 2022,Fjelstul World Cup Database,"https://en.wikipedia.org/wiki/Pepe_(footballer,_born_1983)",0.89,96.7,91.6,207.01,217.0,0.54,645000
ath-P-54713,Valon Behrami,VABE,Athlete,Football • Midfielder • 2018,Fjelstul World Cup Database,https://en.wikipedia.org/wiki/Valon_Behrami,0.89,96.8,91.6,207.34,209.09,-3.74,945000
ath-P-52478,Birgit Prinz,BIPR,Athlete,Football • Forward • 2011,Fjelstul World Cup Database,https://en.wikipedia.org/wiki/Birgit_Prinz,0.89,96.6,91.5,206.59,202.22,-4.69,1005000
ath-P-36126,Matthias Ginter,MAGI,Athlete,Football • Defender • 2022,Fjelstul World Cup Database,https://en.wikipedia.org/wiki/Matthias_Ginter,0.89,96.6,91.5,206.64,198.73,-3.1,903720
ath-P-17759,Briana Scurry,BRSC,Athlete,Football • Goalkeeper • 2007,Fjelstul World Cup Database,https://en.wikipedia.org/wiki/Briana_Scurry,0.89,96.5,91.4,206.26,238.01,8.35,521978
ath-P-30345,Joy Fawcett,JOFA,Athlete,Football • Defender • 2003,Fjelstul World Cup Database,https://en.wikipedia.org/wiki/Joy_Fawcett,0.89,96.5,91.4,206.14,225.67,0.39,560976
ath-P-28901,Mia Hamm,MIHA,Athlete,Football • Forward • 2003,Fjelstul World Cup Database,https://en.wikipedia.org/wiki/Mia_Hamm,0.89,96.5,91.4,206.13,207.54,-5.84,733390
ath-P-35069,Rhian Wilkinson,RHWI,Athlete,Football • Forward • 2015,Fjelstul World Cup Database,https://en.wikipedia.org/wiki/Rhian_Wilkinson,0.89,96.5,91.4,206.14,203.64,-2.23,595000
ath-P-49074,Sandra Smisek,SASM,Athlete,Football • Forward • 2007,Fjelstul World Cup Database,https://en.wikipedia.org/wiki/Sandra_Smisek,0.89,96.6,91.4,206.38,213.05,0.36,599975
ath-P-28154,Thomas Müller,THMU,Athlete,Football • Forward • 2022,Fjelstul World Cup Database,https://en.wikipedia.org/wiki/Thomas_M%C3%BCller,0.89,96.5,91.4,206.18,204.85,1.42,665000
ath-P-42113,Ángel Di María,ANMA,Athlete,Football • Forward • 2022,Fjelstul World Cup Database,https://en.wikipedia.org/wiki/%C3%81ngel_Di_Mar%C3%ADa,0.89,96.5,91.4,206.26,213.96,4.12,1085000
ath-P-69496,Antonio Carbajal,ANCA,Athlete,Football • Goalkeeper • 1966,Fjelstul World Cup Database,https://en.wikipedia.org/wiki/Antonio_Carbajal,0.89,96.4,91.3,205.69,225.23,-4.48,1061433
ath-P-33982,Erin McLeod,ERMC,Athlete,Football • Goalkeeper • 2015,Fjelstul World Cup Database,https://en.wikipedia.org/wiki/Erin_McLeod,0.89,96.4,91.3,205.78,239.93,0.39,495000
ath-P-93339,Precious Dede,PRDE,Athlete,Football • Goalkeeper • 2015,Fjelstul World Cup Database,https://en.wikipedia.org/wiki/Precious_Dede,0.89,96.5,91.3,205.92,209.29,9.25,555000
ath-P-10014,Fernando Muslera,FEMU,Athlete,Football • Goalkeeper • 2022,Fjelstul World Cup Database,https://en.wikipedia.org/wiki/Fernando_Muslera,0.89,96.3,91.2,205.22,214.35,9.03,565000
ath-P-26383,Pretinha,PRET,Athlete,Football • Forward • 2007,Fjelstul World Cup Database,https://en.wikipedia.org/wiki/Pretinha,0.89,96.2,91.2,205.06,199.78,-1.25,531728
ath-P-44763,Rafael Márquez,RAMA,Athlete,Football • Defender • 2018,Fjelstul World Cup Database,https://en.wikipedia.org/wiki/Rafael_M%C3%A1rquez,0.89,96.3,91.2,205.28,201.27,-5.29,905000
ath-P-54298,Yoshikatsu Kawaguchi,YOKA,Athlete,Football • Goalkeeper • 2010,Fjelstul World Cup Database,https://en.wikipedia.org/wiki/Yoshikatsu_Kawaguchi,0.89,96.3,91.2,205.3,208.14,0.93,538553
ath-P-93057,Cristiane,CRIS,Athlete,Football • Forward • 2019,Fjelstul World Cup Database,https://en.wikipedia.org/wiki/Cristiane_(footballer),0.89,96.2,91.1,204.87,193.76,5.63,595000
ath-P-82458,Denis Caniza,DECA,Athlete,Football • Defender • 2010,Fjelstul World Cup Database,https://en.wikipedia.org/wiki/Denis_Caniza,0.89,96.1,91.1,204.61,201.45,-2.48,578067
ath-P-61793,Iker Casillas,IKCA,Athlete,Football • Goalkeeper • 2014,Fjelstul World Cup Database,https://en.wikipedia.org/wiki/Iker_Casillas,0.89,96.1,91.0,204.44,189.49,2.35,785000
ath-P-59802,Martín Silva,MASI,Athlete,Football • Goalkeeper • 2018,Fjelstul World Cup Database,https://en.wikipedia.org/wiki/Mart%C3%ADn_Silva,0.89,96.1,91.0,204.35,204.98,-4.36,779030
ath-P-98173,Rigobert Song,RISO,Athlete,Football • Defender • 2010,Fjelstul World Cup Database,https://en.wikipedia.org/wiki/Rigobert_Song,0.89,96.1,91.0,204.46,204.31,0.34,469405
ath-P-85281,Rosana,ROSA,Athlete,Football • Forward • 2015,Fjelstul World Cup Database,https://en.wikipedia.org/wiki/Rosana_dos_Santos_Augusto,0.89,96.1,91.0,204.29,201.14,-0.77,625000
ath-P-04310,Aya Miyama,AYMI,Athlete,Football • Midfielder • 2015,Fjelstul World Cup Database,https://en.wikipedia.org/wiki/Aya_Miyama,0.89,96.0,90.9,204.01,213.63,3.48,515000
ath-P-28528,Diana Matheson,DIMA,Athlete,Football • Midfielder • 2015,Fjelstul World Cup Database,https://en.wikipedia.org/wiki/Diana_Matheson,0.89,96.0,90.9,203.86,205.5,-3.83,605000
ath-P-33175,Keisuke Honda,KEHO,Athlete,Football • Midfielder • 2018,Fjelstul World Cup Database,https://en.wikipedia.org/wiki/Keisuke_Honda,0.89,95.9,90.9,203.77,218.88,-2.66,803944
ath-P-42326,Raphaël Varane,RAVA,Athlete,Football • Defender • 2022,Fjelstul World Cup Database,https://en.wikipedia.org/wiki/Rapha%C3%ABl_Varane,0.89,95.9,90.8,203.54,192.56,4.55,895256
ath-P-35246,Fernando Hierro,FEHI,Athlete,Football • Midfielder • 2002,Fjelstul World Cup Database,https://en.wikipedia.org/wiki/Fernando_Hierro,0.89,95.7,90.7,202.92,225.79,-1.32,806448
ath-P-95122,Woon-jae Lee,WOLE,Athlete,Football • Goalkeeper • 2010,Fjelstul World Cup Database,https://en.wikipedia.org/wiki/Lee_Woon-jae,0.89,95.7,90.7,202.71,196.03,2.25,538553
ath-P-91718,Cafu,CAFU,Athlete,Football • Defender • 2006,Fjelstul World Cup Database,https://en.wikipedia.org/wiki/Cafu,0.89,95.7,90.6,202.56,237.29,1.32,684727
ath-P-29143,Giuseppe Bergomi,GIBE,Athlete,Football • Defender • 1998,Fjelstul World Cup Database,https://en.wikipedia.org/wiki/Giuseppe_Bergomi,0.89,95.6,90.6,202.18,186.26,-1.17,661279
ath-P-09212,Isabell Herlovsen,ISHE,Athlete,Football • Forward • 2019,Fjelstul World Cup Database,https://en.wikipedia.org/wiki/Isabell_Herlovsen,0.89,95.6,90.6,202.34,221.82,3.14,1045000
ath-P-12818,Mesut Özil,MEOZ,Athlete,Football • Midfielder • 2018,Fjelstul World Cup Database,https://en.wikipedia.org/wiki/Mesut_%C3%96zil,0.89,95.6,90.6,202.45,235.65,4.35,671069
ath-P-72028,Rui Patrício,RUPA,Athlete,Football • Goalkeeper • 2022,Fjelstul World Cup Database,https://en.wikipedia.org/wiki/Rui_Patr%C3%ADcio,0.89,95.6,90.6,202.14,229.66,-2.41,675192
ath-P-11767,Celso Borges,CEBO,Athlete,Football • Midfielder • 2022,Fjelstul World Cup Database,https://en.wikipedia.org/wiki/Celso_Borges,0.89,95.5,90.5,201.68,200.15,8.67,658264
ath-P-64348,Gerard Piqué,GEPI,Athlete,Football • Defender • 2018,Fjelstul World Cup Database,https://en.wikipedia.org/wiki/Gerard_Piqu%C3%A9,0.89,95.3,90.3,201.14,190.42,3.42,687678
ath-P-93402,Jacques Songo'o,JASO,Athlete,Football • Goalkeeper • 2002,Fjelstul World Cup Database,https://en.wikipedia.org/wiki/Jacques_Songo%27o,0.89,95.3,90.3,200.98,189.99,-1.32,539453
ath-P-94567,Maureen Mmadu,MAMM,Athlete,Football • Forward • 2007,Fjelstul World Cup Database,https://en.wikipedia.org/wiki/Maureen_Mmadu,0.89,95.3,90.3,200.92,211.93,-0.52,590225
ath-P-85003,Jim Leighton,JILE,Athlete,Football • Goalkeeper • 1998,Fjelstul World Cup Database,https://en.wikipedia.org/wiki/Jim_Leighton,0.89,95.2,90.2,200.69,213.26,-1.33,764309
ath-P-21975,Onome Ebi,ONEB,Athlete,Football • Defender • 2019,Fjelstul World Cup Database,https://en.wikipedia.org/wiki/Onome_Ebi,0.89,95.1,90.2,200.34,221.32,2.35,535000
ath-P-31275,Renata Costa,RECO,Athlete,Football • Midfielder • 2011,Fjelstul World Cup Database,https://en.wikipedia.org/wiki/Renata_Costa,0.89,95.1,90.2,200.33,188.89,3.3,850115
ath-P-64138,Uwe Seeler,UWSE,Athlete,Football • Forward • 1970,Fjelstul World Cup Database,https://en.wikipedia.org/wiki/Uwe_Seeler,0.89,95.2,90.2,200.46,227.81,-0.7,788290
ath-P-99466,Didier Drogba,DIDR,Athlete,Football • Forward • 2014,Fjelstul World Cup Database,https://en.wikipedia.org/wiki/Didier_Drogba,0.89,95.1,90.1,200.13,217.81,7.51,862274
ath-P-13265,Ivica Olić,IVOL,Athlete,Football • Forward • 2014,Fjelstul World Cup Database,https://en.wikipedia.org/wiki/Ivica_Oli%C4%87,0.89,95.1,90.1,200.1,192.22,-7.4,780805
ath-P-36870,Sergio Agüero,SEAG,Athlete,Football • Forward • 2018,Fjelstul World Cup Database,https://en.wikipedia.org/wiki/Sergio_Ag%C3%BCero,0.89,95.1,90.1,200.14,186.31,8.44,612936
ath-P-14903,Wen Sun,WESU,Athlete,Football • Forward • 2003,Fjelstul World Cup Database,https://en.wikipedia.org/wiki/Sun_Wen_(footballer),0.89,95.0,90.1,199.96,204.7,-2.65,474769
ath-P-73924,Xabi Alonso,XAAL,Athlete,Football • Midfielder • 2014,Fjelstul World Cup Database,https://en.wikipedia.org/wiki/Xabi_Alonso,0.89,95.1,90.1,200.1,214.5,7.69,683043
ath-P-11191,Francisco Javier Rodríguez,FRRO,Athlete,Football • Defender • 2014,Fjelstul World Cup Database,https://en.wikipedia.org/wiki/Francisco_Javier_Rodr%C3%ADguez,0.89,95.0,90.0,199.69,190.37,8.52,797099
ath-P-70314,Ouying Zhang,OUZH,Athlete,Football • Forward • 2007,Fjelstul World Cup Database,https://en.wikipedia.org/wiki/Zhang_Ouying,0.89,94.9,90.0,199.45,224.26,8.5,826103
ath-P-18599,Philipp Lahm,PHLA,Athlete,Football • Defender • 2014,Fjelstul World Cup Database,https://en.wikipedia.org/wiki/Philipp_Lahm,0.89,94.8,89.9,199.06,214.48,1.19,788952
ath-P-46519,Young-pyo Lee,YOLE,Athlete,Football • Defender • 2010,Fjelstul World Cup Database,https://en.wikipedia.org/wiki/Lee_Young-pyo,0.89,94.9,89.9,199.2,204.5,0.63,862000
ath-P-60597,Brian McBride,BRMC,Athlete,Football • Forward • 2006,Fjelstul World Cup Database,https://en.wikipedia.org/wiki/Brian_McBride,0.89,94.7,89.8,198.45,190.28,-6.74,822086
ath-P-80404,Diego Maradona,DIM2,Athlete,Football • Midfielder • 1994,Fjelstul World Cup Database,https://en.wikipedia.org/wiki/Diego_Maradona,0.89,94.8,89.8,198.78,200.03,-6.2,474936
ath-P-89416,Julie Foudy,JUFO,Athlete,Football • Midfielder • 2003,Fjelstul World Cup Database,https://en.wikipedia.org/wiki/Julie_Foudy,0.89,94.8,89.8,198.73,185.4,1.47,522662
ath-P-07670,Mateo Kovačić,MAKO,Athlete,Football • Midfielder • 2022,Fjelstul World Cup Database,https://en.wikipedia.org/wiki/Mateo_Kova%C4%8Di%C4%87,0.89,94.7,89.8,198.34,219.83,9.15,615944
ath-P-62214,Gianni Rivera,GIRI,Athlete,Football • Forward • 1974,Fjelstul World Cup Database,https://en.wikipedia.org/wiki/Gianni_Rivera,0.89,94.6,89.7,198.1,204.09,-6.24,425868
ath-P-54396,Heather O'Reilly,HEOR,Athlete,Football • Forward • 2015,Fjelstul World Cup Database,https://en.wikipedia.org/wiki/Heather_O%27Reilly,0.89,94.6,89.7,198.18,193.81,-4.21,743610
ath-P-07553,Kasey Keller,KAKE,Athlete,Football • Goalkeeper • 2006,Fjelstul World Cup Database,https://en.wikipedia.org/wiki/Kasey_Keller,0.89,94.6,89.7,198.05,214.7,2.72,480897
ath-P-32017,Wendie Renard,WERE,Athlete,Football • Defender • 2019,Fjelstul World Cup Database,https://en.wikipedia.org/wiki/Wendie_Renard,0.89,94.5,89.6,197.47,186.36,-5.79,916240
ath-P-80374,Carmelina Moscato,CAMO,Athlete,Football • Midfielder • 2015,Fjelstul World Cup Database,https://en.wikipedia.org/wiki/Carmelina_Moscato,0.89,94.4,89.5,197.29,214.5,3.92,784543
ath-P-84852,Dries Mertens,DRME,Athlete,Football • Forward • 2022,Fjelstul World Cup Database,https://en.wikipedia.org/wiki/Dries_Mertens,0.89,94.3,89.5,196.99,222.03,-2.27,768296
ath-P-06117,Eric Maxim Choupo-Moting,ERCH,Athlete,Football • Forward • 2022,Fjelstul World Cup Database,https://en.wikipedia.org/wiki/Eric_Maxim_Choupo-Moting,0.89,94.4,89.5,197.14,183.97,-3.13,827544
ath-P-97143,Tranquillo Barnetta,TRBA,Athlete,Football • Midfielder • 2014,Fjelstul World Cup Database,https://en.wikipedia.org/wiki/Tranquillo_Barnetta,0.89,94.4,89.5,197.22,191.68,9.22,601574
ath-P-46403,Vladimir Stojković,VLST,Athlete,Football • Goalkeeper • 2018,Fjelstul World Cup Database,https://en.wikipedia.org/wiki/Vladimir_Stojkovi%C4%87,0.89,94.4,89.5,197.07,229.94,5.58,579718
ath-P-47983,Austin Ejide,AUEJ,Athlete,Football • Goalkeeper • 2014,Fjelstul World Cup Database,https://en.wikipedia.org/wiki/Austin_Ejide,0.89,94.3,89.4,196.75,197.5,-3.68,821539
ath-P-07180,Haris Seferovic,HASE,Athlete,Football • Forward • 2022,Fjelstul World Cup Database,https://en.wikipedia.org/wiki/Haris_Seferovic,0.89,94.3,89.4,196.86,211.36,5.91,548232
ath-P-84389,Hege Riise,HERI,Athlete,Football • Forward • 2003,Fjelstul World Cup Database,https://en.wikipedia.org/wiki/Hege_Riise,0.89,94.3,89.4,196.65,208.63,-1.04,522662
ath-P-46807,Junichi Inamoto,JUIN,Athlete,Football • Midfielder • 2010,Fjelstul World Cup Database,https://en.wikipedia.org/wiki/Junichi_Inamoto,0.89,94.3,89.4,196.65,220.29,7.87,750132
ath-P-53957,Karim Ansarifard,KAAN,Athlete,Football • Forward • 2022,Fjelstul World Cup Database,https://en.wikipedia.org/wiki/Karim_Ansarifard,0.89,94.3,89.4,196.65,225.75,-3.88,446664
ath-P-27059,Beto,BETO,Athlete,Football • Goalkeeper • 2018,Fjelstul World Cup Database,"https://en.wikipedia.org/wiki/Beto_(footballer,_born_1982)",0.89,94.2,89.3,196.24,204.0,4.81,779030
ath-P-30753,Boubacar Barry,BOBA,Athlete,Football • Goalkeeper • 2014,Fjelstul World Cup Database,https://en.wikipedia.org/wiki/Boubacar_Barry,0.89,94.2,89.3,196.19,209.52,0.01,862274
ath-P-10244,Mathew Ryan,MARY,Athlete,Football • Goalkeeper • 2022,Fjelstul World Cup Database,https://en.wikipedia.org/wiki/Mathew_Ryan,0.89,94.1,89.3,196.14,188.65,-4.81,878328
ath-P-42523,Seung-gyu Kim,SEKI,Athlete,Football • Goalkeeper • 2022,Fjelstul World Cup Database,https://en.wikipedia.org/wiki/Kim_Seung-gyu,0.89,94.1,89.3,196.14,199.48,-0.92,742904
ath-P-64049,Jan Vertonghen,JAVE,Athlete,Football • Defender • 2022,Fjelstul World Cup Database,https://en.wikipedia.org/wiki/Jan_Vertonghen,0.89,94.1,89.2,195.86,200.14,8.9,522840
ath-P-04224,Jérôme Boateng,JEBO,Athlete,Football • Defender • 2018,Fjelstul World Cup Database,https://en.wikipedia.org/wiki/J%C3%A9r%C3%B4me_Boateng,0.89,94.0,89.2,195.76,217.09,-6.59,629546
ath-P-56969,Mutiu Adepoju,MUAD,Athlete,Football • Midfielder • 2002,Fjelstul World Cup Database,https://en.wikipedia.org/wiki/Mutiu_Adepoju,0.89,94.0,89.2,195.65,202.28,8.42,668014
ath-P-23374,Osinachi Ohale,OSOH,Athlete,Football • Defender • 2019,Fjelstul World Cup Database,https://en.wikipedia.org/wiki/Osinachi_Ohale,0.89,94.1,89.2,195.85,200.76,5.51,690930
ath-P-48031,Emilie Haavi,EMHA,Athlete,Football • Forward • 2019,Fjelstul World Cup Database,https://en.wikipedia.org/wiki/Emilie_Haavi,0.89,94.0,89.1,195.37,182.43,0.36,615827
ath-P-11275,Júlio César,JUCE,Athlete,Football • Goalkeeper • 2014,Fjelstul World Cup Database,"https://en.wikipedia.org/wiki/J%C3%BAlio_C%C3%A9sar_(football_goalkeeper,_born_1979)",0.89,94.0,89.1,195.46,199.93,-2.55,862274
ath-P-37178,Lena Goeßling,LEGO,Athlete,Football • Midfielder • 2019,Fjelstul World Cup Database,https://en.wikipedia.org/wiki/Lena_Goe%C3%9Fling,0.89,93.9,89.1,195.26,186.19,-1.98,607482
ath-P-68055,Martin Jørgensen,MAJR,Athlete,Football • Midfielder • 2010,Fjelstul World Cup Database,https://en.wikipedia.org/wiki/Martin_J%C3%B8rgensen,0.89,94.0,89.1,195.46,207.93,0.28,758123
ath-P-37275,Mile Jedinak,MIJE,Athlete,Football • Midfielder • 2018,Fjelstul World Cup Database,https://en.wikipedia.org/wiki/Mile_Jedinak,0.89,93.9,89.1,195.07,199.07,9.08,828858
ath-P-21553,Raheem Sterling,RAST,Athlete,Football • Forward • 2022,Fjelstul World Cup Database,https://en.wikipedia.org/wiki/Raheem_Sterling,0.89,94.0,89.1,195.38,204.91,-3.3,785224
ath-P-14080,Sepp Maier,SEMA,Athlete,Football • Goalkeeper • 1978,Fjelstul World Cup Database,https://en.wikipedia.org/wiki/Sepp_Maier,0.89,94.0,89.1,195.42,180.9,7.44,510511
ath-P-07259,Young-gwon Kim,YOKI,Athlete,Football • Defender • 2022,Fjelstul World Cup Database,https://en.wikipedia.org/wiki/Kim_Young-gwon,0.89,93.9,89.1,195.2,204.64,1.81,886792
ath-P-72011,Eden Hazard,EDHA,Athlete,Football • Forward • 2022,Fjelstul World Cup Database,https://en.wikipedia.org/wiki/Eden_Hazard,0.89,93.8,89.0,194.88,215.61,-4.24,912184
ath-P-08623,Franky Van der Elst,FREL,Athlete,Football • Midfielder • 1998,Fjelstul World Cup Database,https://en.wikipedia.org/wiki/Franky_Van_der_Elst,0.89,93.8,89.0,194.93,205.08,5.33,989102
ath-P-08780,Kerstin Garefrekes,KEGA,Athlete,Football • Midfielder • 2011,Fjelstul World Cup Database,https://en.wikipedia.org/wiki/Kerstin_Garefrekes,0.89,93.9,89.0,194.98,186.9,7.06,713605
ath-P-96721,Lotta Schelin,LOSC,Athlete,Football • Forward • 2015,Fjelstul World Cup Database,https://en.wikipedia.org/wiki/Lotta_Schelin,0.89,93.8,89.0,194.66,224.48,7.85,571690
ath-P-49114,Nicolás Otamendi,NIOT,Athlete,Football • Defender • 2022,Fjelstul World Cup Database,https://en.wikipedia.org/wiki/Nicol%C3%A1s_Otamendi,0.89,93.8,89.0,194.84,218.88,4.27,649800
ath-P-37034,Alex Morgan,ALMO,Athlete,Football • Forward • 2019,Fjelstul World Cup Database,https://en.wikipedia.org/wiki/Alex_Morgan,0.89,93.8,88.9,194.58,229.52,-4.84,766034
ath-P-38556,Asamoah Gyan,ASGY,Athlete,Football • Forward • 2014,Fjelstul World Cup Database,https://en.wikipedia.org/wiki/Asamoah_Gyan,0.89,93.7,88.9,194.33,201.01,7.06,683043
ath-P-78748,Carly Telford,CATE,Athlete,Football • Goalkeeper • 2019,Fjelstul World Cup Database,https://en.wikipedia.org/wiki/Carly_Telford,0.89,93.7,88.9,194.34,177.4,0.81,807758
ath-P-80833,Hope Solo,HOSO,Athlete,Football • Goalkeeper • 2015,Fjelstul World Cup Database,https://en.wikipedia.org/wiki/Hope_Solo,0.89,93.7,88.9,194.48,191.77,8.34,817289
ath-P-39260,Melanie Behringer,MEBE,Athlete,Football • Midfielder • 2015,Fjelstul World Cup Database,https://en.wikipedia.org/wiki/Melanie_Behringer,0.89,93.7,88.9,194.33,195.97,4.95,702676
ath-P-20051,Sebastián Coates,SECO,Athlete,Football • Defender • 2022,Fjelstul World Cup Database,https://en.wikipedia.org/wiki/Sebasti%C3%A1n_Coates,0.89,93.7,88.9,194.15,214.51,1.71,438200
ath-P-75658,Aya Sameshima,AYSA,Athlete,Football • Defender • 2019,Fjelstul World Cup Database,https://en.wikipedia.org/wiki/Aya_Sameshima,0.89,93.6,88.8,193.96,207.57,1.26,899551
ath-P-50104,Christian Eriksen,CHER,Athlete,Football • Midfielder • 2022,Fjelstul World Cup Database,https://en.wikipedia.org/wiki/Christian_Eriksen,0.89,93.5,88.8,193.67,201.21,8.27,607480
ath-P-19118,Katie Bowen,KABO,Athlete,Football • Midfielder • 2019,Fjelstul World Cup Database,https://en.wikipedia.org/wiki/Katie_Bowen,0.89,93.6,88.8,193.77,221.39,-5.49,682585
ath-P-01945,André Ayew,ANAY,Athlete,Football • Forward • 2022,Fjelstul World Cup Database,https://en.wikipedia.org/wiki/Andr%C3%A9_Ayew,0.89,93.5,88.7,193.61,208.71,-0.55,590552
ath-P-54322,Ilie Dumitrescu,ILDU,Athlete,Football • Forward • 1998,Fjelstul World Cup Database,https://en.wikipedia.org/wiki/Ilie_Dumitrescu,0.89,93.5,88.7,193.49,215.6,8.79,805730
ath-P-02328,Per Mertesacker,PEME,Athlete,Football • Defender • 2014,Fjelstul World Cup Database,https://en.wikipedia.org/wiki/Per_Mertesacker,0.89,93.5,88.7,193.64,187.93,4.68,772658
ath-P-27729,Sofia Jakobsson,SOJA,Athlete,Football • Forward • 2019,Fjelstul World Cup Database,https://en.wikipedia.org/wiki/Sofia_Jakobsson,0.89,93.5,88.7,193.44,208.38,-4.94,640861
ath-P-69817,Steve Staunton,STST,Athlete,Football • Defender • 2002,Fjelstul World Cup Database,https://en.wikipedia.org/wiki/Steve_Staunton,0.89,93.5,88.7,193.48,200.08,5.78,721792
ath-P-55511,Alessandro Nesta,ALNE,Athlete,Football • Defender • 2006,Fjelstul World Cup Database,https://en.wikipedia.org/wiki/Alessandro_Nesta,0.89,93.3,88.6,192.78,192.85,-2.18,634027
ath-P-93072,Karl-Heinz Schnellinger,KASC,Athlete,Football • Defender • 1970,Fjelstul World Cup Database,https://en.wikipedia.org/wiki/Karl-Heinz_Schnellinger,0.89,93.4,88.6,193.08,196.06,4.13,574401
ath-P-29295,Kristine Minde,KRMI,Athlete,Football • Midfielder • 2019,Fjelstul World Cup Database,https://en.wikipedia.org/wiki/Kristine_Minde,0.89,93.3,88.5,192.62,214.92,-7.3,824447
ath-P-35837,Mathew Leckie,MALE,Athlete,Football • Forward • 2022,Fjelstul World Cup Database,https://en.wikipedia.org/wiki/Mathew_Leckie,0.89,93.3,88.5,192.52,173.44,4.32,446664
ath-P-97840,Sol Campbell,SOCA,Athlete,Football • Defender • 2006,Fjelstul World Cup Database,https://en.wikipedia.org/wiki/Sol_Campbell,0.89,93.2,88.5,192.41,185.16,-4.34,735892
ath-P-41881,Emma Kete,EMKE,Athlete,Football • Forward • 2019,Fjelstul World Cup Database,https://en.wikipedia.org/wiki/Emma_Kete,0.89,93.2,88.4,192.22,199.32,-3.46,832792
ath-P-45956,Gilberto Silva,GISI,Athlete,Football • Midfielder • 2010,Fjelstul World Cup Database,https://en.wikipedia.org/wiki/Gilberto_Silva,0.89,93.1,88.4,191.8,215.58,-0.74,846019
ath-P-05728,Landon Donovan,LADO,Athlete,Football • Forward • 2010,Fjelstul World Cup Database,https://en.wikipedia.org/wiki/Landon_Donovan,0.89,93.1,88.4,192.03,195.56,8.04,814057
ath-P-70547,Toby Alderweireld,TOAL,Athlete,Football • Defender • 2022,Fjelstul World Cup Database,https://en.wikipedia.org/wiki/Toby_Alderweireld,0.89,93.2,88.4,192.24,192.1,8.82,666728
ath-P-65033,Tochukwu Oluehi,TOOL,Athlete,Football • Goalkeeper • 2019,Fjelstul World Cup Database,https://en.wikipedia.org/wiki/Tochukwu_Oluehi,0.89,93.2,88.4,192.09,176.64,6.74,707620
ath-P-19263,Vanina Correa,VACO,Athlete,Football • Goalkeeper • 2019,Fjelstul World Cup Database,https://en.wikipedia.org/wiki/Vanina_Correa,0.89,93.1,88.4,191.82,204.51,-0.14,532378
ath-P-49475,Yukari Kinga,YUKI,Athlete,Football • Defender • 2015,Fjelstul World Cup Database,https://en.wikipedia.org/wiki/Yukari_Kinga,0.89,93.1,88.4,191.94,195.08,-4.16,547130
ath-P-08169,Jordan Henderson,JOHE,Athlete,Football • Midfielder • 2022,Fjelstul World Cup Database,https://en.wikipedia.org/wiki/Jordan_Henderson,0.89,93.0,88.3,191.43,192.24,2.39,582088
ath-P-81392,Keylor Navas,KENA,Athlete,Football • Goalkeeper • 2022,Fjelstul World Cup Database,https://en.wikipedia.org/wiki/Keylor_Navas,0.89,93.0,88.3,191.52,174.21,-4.79,742904
ath-P-56909,Louise Hansen,LOHA,Athlete,Football • Midfielder • 2007,Fjelstul World Cup Database,https://en.wikipedia.org/wiki/Louise_Hansen,0.89,93.1,88.3,191.68,186.66,-1.33,731605
ath-P-47892,Pedro Rocha,PERO,Athlete,Football • Forward • 1974,Fjelstul World Cup Database,https://en.wikipedia.org/wiki/Pedro_Rocha_(Uruguayan_footballer),0.89,93.0,88.3,191.48,209.41,7.42,710960
ath-P-99934,Robin van Persie,ROPE,Athlete,Football • Forward • 2014,Fjelstul World Cup Database,https://en.wikipedia.org/wiki/Robin_van_Persie,0.89,93.0,88.3,191.6,220.92,-0.99,658602
ath-P-39249,Vincent Enyeama,VIEN,Athlete,Football • Goalkeeper • 2014,Fjelstul World Cup Database,https://en.wikipedia.org/wiki/Vincent_Enyeama,0.89,93.1,88.3,191.77,211.26,-6.14,780805
ath-P-06370,Diego Simeone,DISI,Athlete,Football • Midfielder • 2002,Fjelstul World Cup Database,https://en.wikipedia.org/wiki/Diego_Simeone,0.89,92.9,88.2,191.17,196.45,1.36,629601
ath-P-33570,Maxi Rodríguez,MAR3,Athlete,Football • Midfielder • 2014,Fjelstul World Cup Database,https://en.wikipedia.org/wiki/Maxi_Rodr%C3%ADguez,0.89,92.9,88.2,191.05,184.77,-2.46,797099
ath-P-35818,Blerim Džemaili,BLDZ,Athlete,Football • Midfielder • 2018,Fjelstul World Cup Database,https://en.wikipedia.org/wiki/Blerim_D%C5%BEemaili,0.89,92.8,88.1,190.62,214.68,9.03,554803
ath-P-26572,Edwin van der Sar,EDSA,Athlete,Football • Goalkeeper • 2006,Fjelstul World Cup Database,https://en.wikipedia.org/wiki/Edwin_van_der_Sar,0.89,92.9,88.1,190.85,201.75,6.87,822086
ath-P-10986,Fara Williams,FAWI,Athlete,Football • Midfielder • 2015,Fjelstul World Cup Database,https://en.wikipedia.org/wiki/Fara_Williams,0.89,92.8,88.1,190.45,185.74,-6.72,899156
ath-P-72568,Kelley O'Hara,KEOH,Athlete,Football • Midfielder • 2019,Fjelstul World Cup Database,https://en.wikipedia.org/wiki/Kelley_O%27Hara,0.89,92.8,88.1,190.42,209.01,-6.59,724309
ath-P-06015,Leão,LEAO,Athlete,Football • Goalkeeper • 1986,Fjelstul World Cup Database,https://en.wikipedia.org/wiki/%C3%89merson_Le%C3%A3o,0.89,92.8,88.1,190.56,184.56,-2.48,422927
ath-P-30568,Teddy Lučić,TELU,Athlete,Football • Defender • 2006,Fjelstul World Cup Database,https://en.wikipedia.org/wiki/Teddy_Lu%C4%8Di%C4%87,0.89,92.9,88.1,190.83,180.82,1.92,775071
ath-P-53048,Axel Witsel,AXWI,Athlete,Football • Midfielder • 2022,Fjelstul World Cup Database,https://en.wikipedia.org/wiki/Axel_Witsel,0.89,92.7,88.0,190.2,192.62,2.24,582088
ath-P-48968,Didier Zokora,DIZ2,Athlete,Football • Midfielder • 2014,Fjelstul World Cup Database,https://en.wikipedia.org/wiki/Didier_Zokora,0.89,92.7,88.0,189.99,210.95,-6.82,520105
ath-P-47947,Heather Garriock,HEGA,Athlete,Football • Midfielder • 2011,Fjelstul World Cup Database,https://en.wikipedia.org/wiki/Heather_Garriock,0.89,92.7,88.0,190.36,191.25,-4.33,753755
ath-P-26616,Jung-hwan Ahn,JUAH,Athlete,Football • Forward • 2010,Fjelstul World Cup Database,https://en.wikipedia.org/wiki/Ahn_Jung-hwan,0.89,92.7,88.0,189.98,213.99,-1.82,662236
ath-P-95127,Lene Mykjåland,LEMY,Athlete,Football • Forward • 2015,Fjelstul World Cup Database,https://en.wikipedia.org/wiki/Lene_Mykj%C3%A5land,0.89,92.7,88.0,190.11,190.94,8.64,825476
ath-P-74073,Maren Mjelde,MAMJ,Athlete,Football • Midfielder • 2019,Fjelstul World Cup Database,https://en.wikipedia.org/wiki/Maren_Mjelde,0.89,92.7,88.0,190.31,218.37,0.69,766034
ath-P-09273,Megan Rapinoe,MERA,Athlete,Football • Forward • 2019,Fjelstul World Cup Database,https://en.wikipedia.org/wiki/Megan_Rapinoe,0.89,92.7,88.0,190.14,194.37,8.32,515689
ath-P-27120,Melissa Tancredi,META,Athlete,Football • Forward • 2015,Fjelstul World Cup Database,https://en.wikipedia.org/wiki/Melissa_Tancredi,0.89,92.7,88.0,190.23,194.0,-4.28,800916
ath-P-20246,Yūki Ōgimi,YUOG,Athlete,Football • Forward • 2015,Fjelstul World Cup Database,https://en.wikipedia.org/wiki/Y%C5%ABki_Nagasato,0.89,92.7,88.0,190.17,186.42,-3.48,768169
ath-P-94024,Borislav Mihaylov,BOMI,Athlete,Football • Goalkeeper • 1998,Fjelstul World Cup Database,https://en.wikipedia.org/wiki/Borislav_Mikhailov,0.89,92.6,87.9,189.59,203.02,3.0,700299
ath-P-36515,Javier Hernández,JAHE,Athlete,Football • Forward • 2018,Fjelstul World Cup Database,https://en.wikipedia.org/wiki/Javier_Hern%C3%A1ndez,0.89,92.5,87.9,189.51,207.01,2.01,480061
ath-P-75121,Marianne Pettersen,MAP2,Athlete,Football • Forward • 2003,Fjelstul World Cup Database,https://en.wikipedia.org/wiki/Marianne_Pettersen,0.89,92.6,87.9,189.65,207.63,-4.61,833440
ath-P-89750,Olivier Giroud,OLGI,Athlete,Football • Forward • 2022,Fjelstul World Cup Database,https://en.wikipedia.org/wiki/Olivier_Giroud,0.89,92.6,87.9,189.69,202.63,-4.63,463592
ath-P-38906,Pelé,PELE,Athlete,Football • Forward • 1970,Fjelstul World Cup Database,https://en.wikipedia.org/wiki/Pel%C3%A9,0.89,92.6,87.9,189.64,182.78,-2.5,895234
ath-P-07520,Raymond Kalla,RAKA,Athlete,Football • Defender • 2002,Fjelstul World Cup Database,https://en.wikipedia.org/wiki/Raymond_Kalla,0.89,92.6,87.9,189.74,193.8,2.85,529729
ath-P-48883,Władysław Żmuda,WAZM,Athlete,Football • Defender • 1986,Fjelstul World Cup Database,https://en.wikipedia.org/wiki/W%C5%82adys%C5%82aw_%C5%BBmuda,0.89,92.6,87.9,189.76,201.35,-2.05,697835
ath-P-36636,Brittany Timko,BRTI,Athlete,Football • Midfielder • 2011,Fjelstul World Cup Database,https://en.wikipedia.org/wiki/Brittany_Baxter,0.89,92.5,87.8,189.39,198.89,1.87,769815
ath-P-18672,Clint Dempsey,CLDE,Athlete,Football • Forward • 2014,Fjelstul World Cup Database,https://en.wikipedia.org/wiki/Clint_Dempsey,0.89,92.5,87.8,189.42,181.76,1.02,813393
ath-P-77224,Granit Xhaka,GRXH,Athlete,Football • Midfielder • 2022,Fjelstul World Cup Database,https://en.wikipedia.org/wiki/Granit_Xhaka,0.89,92.5,87.8,189.21,220.72,0.04,878328
ath-P-56947,Lilian Thuram,LITH,Athlete,Football • Defender • 2006,Fjelstul World Cup Database,https://en.wikipedia.org/wiki/Lilian_Thuram,0.89,92.5,87.8,189.39,182.69,2.72,853429
ath-P-01517,Ogonna Chukwudi,OGCH,Athlete,Football • Midfielder • 2019,Fjelstul World Cup Database,https://en.wikipedia.org/wiki/Ogonna_Chukwudi,0.89,92.4,87.8,189.04,196.73,8.35,824447
ath-P-97912,Óscar Duarte,OSDU,Athlete,Football • Defender • 2022,Fjelstul World Cup Database,"https://en.wikipedia.org/wiki/%C3%93scar_Duarte_(footballer,_born_1989)",0.89,92.5,87.8,189.2,180.53,5.41,852936
ath-P-78023,Almuth Schult,ALSC,Athlete,Football • Goalkeeper • 2019,Fjelstul World Cup Database,https://en.wikipedia.org/wiki/Almuth_Schult,0.89,92.4,87.7,188.82,217.18,-3.73,682585
ath-P-64102,David Silva,DASI,Athlete,Football • Forward • 2018,Fjelstul World Cup Database,https://en.wikipedia.org/wiki/David_Silva,0.89,92.3,87.7,188.67,213.98,-3.59,504975
ath-P-01172,Dobromir Zhechev,DOZH,Athlete,Football • Defender • 1974,Fjelstul World Cup Database,https://en.wikipedia.org/wiki/Dobromir_Zhechev,0.89,92.3,87.7,188.72,189.05,-5.76,811581
ath-P-84864,Ellen White,ELWH,Athlete,Football • Forward • 2019,Fjelstul World Cup Database,https://en.wikipedia.org/wiki/Ellen_White_(footballer),0.89,92.4,87.7,188.81,197.6,-6.47,649206
ath-P-25131,Fabian Schär,FASC,Athlete,Football • Defender • 2022,Fjelstul World Cup Database,https://en.wikipedia.org/wiki/Fabian_Sch%C3%A4r,0.89,92.4,87.7,188.77,196.05,-5.74,573624
ath-P-97773,Malin Andersson,MAAN,Athlete,Football • Midfielder • 2003,Fjelstul World Cup Database,https://en.wikipedia.org/wiki/Malin_Andersson,0.89,92.3,87.7,188.61,185.73,0.46,848882
ath-P-03906,Robyn Gayle,ROGA,Athlete,Football • Defender • 2015,Fjelstul World Cup Database,https://en.wikipedia.org/wiki/Robyn_Gayle,0.89,92.4,87.7,188.96,218.99,-1.78,841849
ath-P-85779,Sofia Lundgren,SOLU,Athlete,Football • Goalkeeper • 2011,Fjelstul World Cup Database,https://en.wikipedia.org/wiki/Sofia_Lundgren,0.89,92.4,87.7,188.79,171.82,-5.32,633306
ath-P-50171,Abdullah Sulaiman Zubromawi,ABZU,Athlete,Football • Midfielder • 2002,Fjelstul World Cup Database,https://en.wikipedia.org/wiki/Abdullah_Zubromawi,0.89,92.3,87.6,188.48,201.87,-2.51,783252
ath-P-60716,César Azpilicueta,CEAZ,Athlete,Football • Defender • 2022,Fjelstul World Cup Database,https://en.wikipedia.org/wiki/C%C3%A9sar_Azpilicueta,0.89,92.2,87.6,188.22,180.86,7.31,514376
ath-P-56297,Dejan Lovren,DELO,Athlete,Football • Defender • 2022,Fjelstul World Cup Database,https://en.wikipedia.org/wiki/Dejan_Lovren,0.89,92.2,87.6,188.26,175.13,1.26,429736
ath-P-85818,Stipe Pletikosa,STPL,Athlete,Football • Goalkeeper • 2014,Fjelstul World Cup Database,https://en.wikipedia.org/wiki/Stipe_Pletikosa,0.89,92.3,87.6,188.48,165.85,7.61,886714
ath-P-76960,Bruno Alves,BRAL,Athlete,Football • Defender • 2018,Fjelstul World Cup Database,https://en.wikipedia.org/wiki/Bruno_Alves,0.89,92.1,87.5,187.73,180.75,-3.26,430233
ath-P-88002,Gianluca Pagliuca,GIPA,Athlete,Football • Goalkeeper • 1998,Fjelstul World Cup Database,https://en.wikipedia.org/wiki/Gianluca_Pagliuca,0.89,92.2,87.5,187.99,193.65,6.56,715361
ath-P-77553,Gélson Fernandes,GEFE,Athlete,Football • Midfielder • 2018,Fjelstul World Cup Database,https://en.wikipedia.org/wiki/Gelson_Fernandes,0.89,92.1,87.5,187.74,183.01,9.35,571413
ath-P-37294,Koke,KOKE,Athlete,Football • Midfielder • 2022,Fjelstul World Cup Database,"https://en.wikipedia.org/wiki/Koke_(footballer,_born_1992)",0.89,92.1,87.5,187.86,184.79,3.73,582088
ath-P-93209,Nicolas Nkoulou,NINK,Athlete,Football • Defender • 2022,Fjelstul World Cup Database,https://en.wikipedia.org/wiki/Nicolas_Nkoulou,0.89,92.1,87.5,187.75,201.78,1.79,480520
ath-P-14988,Simon Kjær,SIKJ,Athlete,Football • Defender • 2022,Fjelstul World Cup Database,https://en.wikipedia.org/wiki/Simon_Kj%C3%A6r,0.89,92.1,87.5,187.9,176.28,-0.94,497448
ath-P-47092,Simone Laudehr,SILA,Athlete,Football • Midfielder • 2015,Fjelstul World Cup Database,https://en.wikipedia.org/wiki/Simone_Laudehr,0.89,92.2,87.5,188.09,173.06,0.19,391584
ath-P-52641,Ali Boumnijel,ALBO,Athlete,Football • Goalkeeper • 2006,Fjelstul World Cup Database,https://en.wikipedia.org/wiki/Ali_Boumnijel,0.89,92.1,87.4,187.61,183.14,3.87,610520
ath-P-09441,Dani Alves,DAAL,Athlete,Football • Defender • 2022,Fjelstul World Cup Database,https://en.wikipedia.org/wiki/Dani_Alves,0.89,92.0,87.4,187.32,211.29,9.22,455128
ath-P-48955,Kevin De Bruyne,KEBR,Athlete,Football • Midfielder • 2022,Fjelstul World Cup Database,https://en.wikipedia.org/wiki/Kevin_De_Bruyne,0.89,92.0,87.4,187.22,202.49,6.08,827544
ath-P-35525,Tobin Heath,TOHE,Athlete,Football • Forward • 2019,Fjelstul World Cup Database,https://en.wikipedia.org/wiki/Tobin_Heath,0.89,92.0,87.4,187.52,192.97,-1.97,732654
ath-P-55574,Azusa Iwashimizu,AZIW,Athlete,Football • Defender • 2015,Fjelstul World Cup Database,https://en.wikipedia.org/wiki/Azusa_Iwashimizu,0.89,91.9,87.3,187.09,177.41,-3.51,719050
ath-P-58730,Emily van Egmond,EMEG,Athlete,Football • Forward • 2019,Fjelstul World Cup Database,https://en.wikipedia.org/wiki/Emily_van_Egmond,0.89,91.9,87.3,187.03,205.56,1.59,649206
ath-P-51933,Erin Nayler,ERNA,Athlete,Football • Goalkeeper • 2019,Fjelstul World Cup Database,https://en.wikipedia.org/wiki/Erin_Nayler,0.89,91.9,87.3,186.96,179.39,4.23,574103
ath-P-09349,Hidetoshi Nakata,HINA,Athlete,Football • Midfielder • 2006,Fjelstul World Cup Database,https://en.wikipedia.org/wiki/Hidetoshi_Nakata,0.89,91.9,87.3,186.79,182.76,2.55,790743
ath-P-57497,Shiho Onodera,SHO3,Athlete,Football • Goalkeeper • 2003,Fjelstul World Cup Database,https://en.wikipedia.org/wiki/Shiho_Onodera,0.89,91.9,87.3,186.78,187.24,2.7,408777
ath-P-65802,Daniele De Rossi,DARO,Athlete,Football • Midfielder • 2014,Fjelstul World Cup Database,https://en.wikipedia.org/wiki/Daniele_De_Rossi,0.89,91.8,87.2,186.46,193.81,8.54,463077
ath-P-86087,Diego Forlán,DIFO,Athlete,Football • Forward • 2014,Fjelstul World Cup Database,https://en.wikipedia.org/wiki/Diego_Forl%C3%A1n,0.89,91.8,87.2,186.5,199.52,-5.71,740071
ath-P-71601,Eric Van Meir,ERME,Athlete,Football • Defender • 2002,Fjelstul World Cup Database,https://en.wikipedia.org/wiki/Eric_Van_Meir,0.89,91.8,87.2,186.69,174.73,3.09,545094
ath-P-42895,Henrik Larsson,HELA,Athlete,Football • Forward • 2006,Fjelstul World Cup Database,https://en.wikipedia.org/wiki/Henrik_Larsson,0.89,91.8,87.2,186.58,185.22,-7.37,634027
ath-P-12470,Marcelo Balboa,MABA,Athlete,Football • Defender • 1998,Fjelstul World Cup Database,https://en.wikipedia.org/wiki/Marcelo_Balboa,0.89,91.8,87.2,186.34,202.76,5.46,745484
ath-P-39356,Toni Kroos,TOKR,Athlete,Football • Midfielder • 2018,Fjelstul World Cup Database,https://en.wikipedia.org/wiki/Toni_Kroos,0.89,91.8,87.2,186.38,210.34,6.33,397015
ath-P-52784,Óscar Pérez,OSPE,Athlete,Football • Goalkeeper • 2010,Fjelstul World Cup Database,https://en.wikipedia.org/wiki/%C3%93scar_P%C3%A9rez_Rojas,0.89,91.8,87.2,186.37,201.78,5.86,814057
ath-P-08544,Arthur Boka,ARBO,Athlete,Football • Defender • 2014,Fjelstul World Cup Database,https://en.wikipedia.org/wiki/Arthur_Boka,0.89,91.7,87.1,186.11,210.6,-7.12,471224
ath-P-49097,David Villa,DAVI,Athlete,Football • Forward • 2014,Fjelstul World Cup Database,https://en.wikipedia.org/wiki/David_Villa,0.89,91.7,87.1,186.13,173.46,-2.4,642308
ath-P-70812,Joel Campbell,JOCA,Athlete,Football • Forward • 2022,Fjelstul World Cup Database,https://en.wikipedia.org/wiki/Joel_Campbell,0.89,91.7,87.1,186.16,212.81,-5.41,742904
ath-P-25758,Johan Djourou,JODJ,Athlete,Football • Defender • 2018,Fjelstul World Cup Database,https://en.wikipedia.org/wiki/Johan_Djourou,0.89,91.7,87.1,185.99,207.19,-7.5,745811
ath-P-79215,Marcelo Brozović,MAB2,Athlete,Football • Midfielder • 2022,Fjelstul World Cup Database,https://en.wikipedia.org/wiki/Marcelo_Brozovi%C4%87,0.89,91.7,87.1,185.92,181.94,4.76,497448
ath-P-43367,Ricardo Rodríguez,RIRO,Athlete,Football • Defender • 2022,Fjelstul World Cup Database,https://en.wikipedia.org/wiki/Ricardo_Rodr%C3%ADguez_(footballer),0.89,91.7,87.1,186.01,207.66,-4.72,505912
ath-P-72637,Romelu Lukaku,ROLU,Athlete,Football • Forward • 2022,Fjelstul World Cup Database,https://en.wikipedia.org/wiki/Romelu_Lukaku,0.89,91.7,87.1,186.12,175.03,8.07,573624
ath-P-30706,Steph Houghton,STHO,Athlete,Football • Midfielder • 2019,Fjelstul World Cup Database,https://en.wikipedia.org/wiki/Steph_Houghton,0.89,91.7,87.1,186.08,170.0,-5.87,807758
ath-P-81978,Élise Bussaglia,ELBU,Athlete,Football • Midfielder • 2019,Fjelstul World Cup Database,https://en.wikipedia.org/wiki/%C3%89lise_Bussaglia,0.89,91.7,87.1,186.01,175.9,-3.56,899551
ath-P-99537,Andrea Pirlo,ANPI,Athlete,Football • Midfielder • 2014,Fjelstul World Cup Database,https://en.wikipedia.org/wiki/Andrea_Pirlo,0.89,91.6,87.0,185.62,191.34,0.81,797099
ath-P-19241,Carlos Gamarra,CAGA,Athlete,Football • Defender • 2006,Fjelstul World Cup Database,https://en.wikipedia.org/wiki/Carlos_Gamarra,0.89,91.6,87.0,185.62,206.1,1.46,861265
ath-P-46325,Diego Benaglio,DIBE,Athlete,Football • Goalkeeper • 2014,Fjelstul World Cup Database,https://en.wikipedia.org/wiki/Diego_Benaglio,0.89,91.6,87.0,185.8,183.65,5.66,430490
ath-P-25724,Ji-sung Park,JIPA,Athlete,Football • Midfielder • 2010,Fjelstul World Cup Database,https://en.wikipedia.org/wiki/Park_Ji-sung,0.89,91.6,87.0,185.77,180.17,2.04,406538
ath-P-58388,Kaká,KAKA,Athlete,Football • Midfielder • 2010,Fjelstul World Cup Database,https://en.wikipedia.org/wiki/Kak%C3%A1,0.89,91.6,87.0,185.51,173.02,-4.94,374575
ath-P-15303,Linda Bresonik,LIBR,Athlete,Football • Midfielder • 2011,Fjelstul World Cup Database,https://en.wikipedia.org/wiki/Linda_Bresonik,0.89,91.6,87.0,185.67,197.72,1.24,850115
ath-P-12997,Lydia Ankrah,LYAN,Athlete,Football • Defender • 2007,Fjelstul World Cup Database,https://en.wikipedia.org/wiki/Lydia_Ankrah,0.89,91.6,87.0,185.81,205.53,4.37,676482
ath-P-96178,Earnie Stewart,EAST,Athlete,Football • Forward • 2002,Fjelstul World Cup Database,https://en.wikipedia.org/wiki/Earnie_Stewart,0.89,91.4,86.9,185.06,176.53,4.02,829347
ath-P-95664,Joo-sung Kim,JOKI,Athlete,Football • Midfielder • 1994,Fjelstul World Cup Database,https://en.wikipedia.org/wiki/Kim_Joo-sung,0.89,91.4,86.9,184.98,187.3,4.78,738291
ath-P-50109,Julio César Cáceres,JUCA,Athlete,Football • Defender • 2010,Fjelstul World Cup Database,https://en.wikipedia.org/wiki/Julio_C%C3%A9sar_C%C3%A1ceres,0.89,91.4,86.9,184.99,185.67,9.07,814057
ath-P-94060,Justo Villar,JUVI,Athlete,Football • Goalkeeper • 2010,Fjelstul World Cup Database,https://en.wikipedia.org/wiki/Justo_Villar,0.89,91.4,86.9,185.04,209.15,1.22,622283
ath-P-75036,Laura Georges,LAGE,Athlete,Football • Defender • 2015,Fjelstul World Cup Database,https://en.wikipedia.org/wiki/Laura_Georges,0.89,91.5,86.9,185.32,196.81,6.43,424331
ath-P-75955,Nílton Santos,NISA,Athlete,Football • Defender • 1962,Fjelstul World Cup Database,https://en.wikipedia.org/wiki/N%C3%ADlton_Santos,0.89,91.4,86.9,184.98,175.57,6.36,758904
ath-P-09988,Stephan Lichtsteiner,STLI,Athlete,Football • Defender • 2018,Fjelstul World Cup Database,https://en.wikipedia.org/wiki/Stephan_Lichtsteiner,0.89,91.5,86.9,185.19,205.3,-4.39,571413
ath-P-09658,Thibaut Courtois,THCO,Athlete,Football • Goalkeeper • 2022,Fjelstul World Cup Database,https://en.wikipedia.org/wiki/Thibaut_Courtois,0.89,91.5,86.9,185.36,214.36,7.16,717512
ath-P-32368,Tomomi Miyamoto,TOMI,Athlete,Football • Midfielder • 2007,Fjelstul World Cup Database,https://en.wikipedia.org/wiki/Tomomi_Miyamoto,0.89,91.5,86.9,185.22,194.01,-7.1,511111
ath-P-99967,Wayne Rooney,WARO,Athlete,Football • Forward • 2014,Fjelstul World Cup Database,https://en.wikipedia.org/wiki/Wayne_Rooney,0.89,91.5,86.9,185.32,201.76,5.64,723777
ath-P-85817,Yinka Kudaisi,YIKU,Athlete,Football • Midfielder • 2007,Fjelstul World Cup Database,https://en.wikipedia.org/wiki/Yinka_Kudaisi,0.89,91.5,86.9,185.15,169.56,6.61,802478
ath-P-64276,Becky Sauerbrunn,BESA,Athlete,Football • Defender • 2019,Fjelstul World Cup Database,https://en.wikipedia.org/wiki/Becky_Sauerbrunn,0.89,91.3,86.8,184.53,168.83,5.28,665896
ath-P-62434,Hanna Marklund,HAMA,Athlete,Football • Defender • 2007,Fjelstul World Cup Database,https://en.wikipedia.org/wiki/Hanna_Marklund,0.89,91.4,86.8,184.73,209.84,1.12,558360
ath-P-82057,Rosie White,ROWH,Athlete,Football • Forward • 2019,Fjelstul World Cup Database,https://en.wikipedia.org/wiki/Rosie_White,0.89,91.3,86.8,184.59,180.99,5.66,423896
ath-P-90878,Saki Kumagai,SAKU,Athlete,Football • Defender • 2019,Fjelstul World Cup Database,https://en.wikipedia.org/wiki/Saki_Kumagai,0.89,91.3,86.8,184.63,169.17,-3.86,882861
ath-P-84807,Shinji Okazaki,SHOK,Athlete,Football • Forward • 2018,Fjelstul World Cup Database,https://en.wikipedia.org/wiki/Shinji_Okazaki,0.89,91.4,86.8,184.9,175.14,1.06,654460
ath-P-08594,Silvana Burtini,SIBU,Athlete,Football • Forward • 2003,Fjelstul World Cup Database,https://en.wikipedia.org/wiki/Silvana_Burtini,0.89,91.3,86.8,184.49,180.04,4.17,408777
ath-P-10313,Simon Mignolet,SIMI,Athlete,Football • Goalkeeper • 2022,Fjelstul World Cup Database,https://en.wikipedia.org/wiki/Simon_Mignolet,0.89,91.4,86.8,184.77,194.27,-2.0,480520
ath-P-42763,Beatriz,BEAT,Athlete,Football • Forward • 2019,Fjelstul World Cup Database,https://en.wikipedia.org/wiki/Bia_Zaneratto,0.89,91.3,86.7,184.44,177.61,-6.32,574103
ath-P-12167,David Trezeguet,DATR,Athlete,Football • Forward • 2006,Fjelstul World Cup Database,https://en.wikipedia.org/wiki/David_Trezeguet,0.89,91.2,86.7,184.26,193.33,0.54,751564
ath-P-26643,Mana Iwabuchi,MAIW,Athlete,Football • Forward • 2019,Fjelstul World Cup Database,https://en.wikipedia.org/wiki/Mana_Iwabuchi,0.89,91.2,86.7,184.21,197.29,-3.16,423896
ath-P-31857,Anthony Šerić,ANSE,Athlete,Football • Midfielder • 2006,Fjelstul World Cup Database,https://en.wikipedia.org/wiki/Anthony_%C5%A0eri%C4%87,0.89,91.2,86.6,183.95,200.45,0.96,782907
ath-P-56398,Hiroki Sakai,HISA,Athlete,Football • Defender • 2022,Fjelstul World Cup Database,https://en.wikipedia.org/wiki/Hiroki_Sakai,0.89,91.1,86.6,183.82,202.47,1.51,607480
ath-P-41620,Kaies Ghodhbane,KAGH,Athlete,Football • Midfielder • 2006,Fjelstul World Cup Database,https://en.wikipedia.org/wiki/Kaies_Ghodhbane,0.89,91.1,86.6,183.86,178.67,8.29,696713
ath-P-78180,Kyoko Yano,KYYA,Athlete,Football • Defender • 2011,Fjelstul World Cup Database,https://en.wikipedia.org/wiki/Kyoko_Yano,0.89,91.1,86.6,183.8,205.77,-6.9,649366
ath-P-83403,Roberto Ayala,ROAY,Athlete,Football • Defender • 2006,Fjelstul World Cup Database,https://en.wikipedia.org/wiki/Roberto_Ayala,0.89,91.1,86.6,183.77,182.36,-6.47,438132
ath-P-61292,Yasuhito Endō,YAEN,Athlete,Football • Midfielder • 2014,Fjelstul World Cup Database,https://en.wikipedia.org/wiki/Yasuhito_End%C5%8D,0.89,91.1,86.6,183.78,198.37,7.01,878567
ath-P-45187,Ali Krieger,ALKR,Athlete,Football • Defender • 2019,Fjelstul World Cup Database,https://en.wikipedia.org/wiki/Ali_Krieger,0.89,91.0,86.5,183.12,210.31,-4.89,590792
ath-P-67713,Andreas Brehme,ANBR,Athlete,Football • Defender • 1994,Fjelstul World Cup Database,https://en.wikipedia.org/wiki/Andreas_Brehme,0.89,91.1,86.5,183.53,178.36,-1.0,812097
ath-P-99590,Bryan Ruiz,BRRU,Athlete,Football • Forward • 2022,Fjelstul World Cup Database,https://en.wikipedia.org/wiki/Bryan_Ruiz,0.89,91.0,86.5,183.37,187.46,4.3,505912
ath-P-35111,Dianne Alagich,DIAL,Athlete,Football • Defender • 2007,Fjelstul World Cup Database,https://en.wikipedia.org/wiki/Dianne_Alagich,0.89,91.1,86.5,183.53,177.56,-4.67,495362
ath-P-44115,Hannah Wilkinson,HAWI,Athlete,Football • Forward • 2019,Fjelstul World Cup Database,https://en.wikipedia.org/wiki/Hannah_Wilkinson,0.89,91.0,86.5,183.21,198.61,-0.27,498999
ath-P-27862,Kerstin Stegemann,KEST,Athlete,Football • Defender • 2007,Fjelstul World Cup Database,https://en.wikipedia.org/wiki/Kerstin_Stegemann,0.89,91.0,86.5,183.27,194.56,-0.06,700106
ath-P-89321,Maya Yoshida,MAYO,Athlete,Football • Defender • 2022,Fjelstul World Cup Database,https://en.wikipedia.org/wiki/Maya_Yoshida,0.89,91.0,86.5,183.46,187.08,-1.33,709048
ath-P-86061,Francisca Ordega,FROR,Athlete,Football • Forward • 2019,Fjelstul World Cup Database,https://en.wikipedia.org/wiki/Francisca_Ordega,0.89,90.9,86.4,182.74,188.56,-2.12,674240
ath-P-80012,Martina Müller,MAMU,Athlete,Football • Forward • 2011,Fjelstul World Cup Database,https://en.wikipedia.org/wiki/Martina_M%C3%BCller_(footballer),0.89,90.9,86.4,182.74,193.84,6.26,432557
ath-P-62861,Robert Prosinečki,ROPR,Athlete,Football • Midfielder • 2002,Fjelstul World Cup Database,https://en.wikipedia.org/wiki/Robert_Prosine%C4%8Dki,0.89,90.9,86.4,182.92,177.82,6.14,798617
ath-P-93884,Ivan Perišić,IVPE,Athlete,Football • Forward • 2022,Fjelstul World Cup Database,https://en.wikipedia.org/wiki/Ivan_Peri%C5%A1i%C4%87,0.89,90.8,86.3,182.54,192.07,-0.07,802152
ath-P-05120,José de Jesús Corona,JOCO,Athlete,Football • Goalkeeper • 2018,Fjelstul World Cup Database,https://en.wikipedia.org/wiki/Jos%C3%A9_de_Jes%C3%BAs_Corona,0.89,90.8,86.3,182.61,202.31,-0.25,729202
ath-P-41944,Maxi Pereira,MAPE,Athlete,Football • Defender • 2018,Fjelstul World Cup Database,https://en.wikipedia.org/wiki/Maxi_Pereira,0.89,90.7,86.3,182.24,177.95,1.39,504975
ath-P-67574,Maycon,MAYC,Athlete,Football • Forward • 2007,Fjelstul World Cup Database,"https://en.wikipedia.org/wiki/Maycon_(footballer,_born_1977)",0.89,90.8,86.3,182.59,188.25,7.95,534735
ath-P-38266,Miho Fukumoto,MIFU,Athlete,Football • Goalkeeper • 2015,Fjelstul World Cup Database,https://en.wikipedia.org/wiki/Miho_Fukumoto,0.89,90.7,86.3,182.2,179.83,-5.67,465264
ath-P-51785,Nam-il Kim,NAKI,Athlete,Football • Midfielder • 2010,Fjelstul World Cup Database,https://en.wikipedia.org/wiki/Kim_Nam-il,0.89,90.8,86.3,182.32,206.21,8.77,502424
ath-P-82949,Roberto Néstor Sensini,ROSE,Athlete,Football • Defender • 1998,Fjelstul World Cup Database,https://en.wikipedia.org/wiki/Roberto_N%C3%A9stor_Sensini,0.89,90.8,86.3,182.27,181.82,5.83,700299
ath-P-42911,Héctor Herrera,HEHE,Athlete,Football • Midfielder • 2022,Fjelstul World Cup Database,https://en.wikipedia.org/wiki/H%C3%A9ctor_Herrera,0.89,90.7,86.2,181.99,197.6,2.97,649800
ath-P-10056,Linda Sembrant,LISE,Athlete,Football • Defender • 2019,Fjelstul World Cup Database,https://en.wikipedia.org/wiki/Linda_Sembrant,0.89,90.7,86.2,182.13,187.27,4.91,582447
ath-P-13029,Sami Khedira,SAKH,Athlete,Football • Midfielder • 2018,Fjelstul World Cup Database,https://en.wikipedia.org/wiki/Sami_Khedira,0.89,90.7,86.2,182.02,167.32,7.85,803944
ath-P-62157,Steven Gerrard,STGE,Athlete,Football • Midfielder • 2014,Fjelstul World Cup Database,https://en.wikipedia.org/wiki/Steven_Gerrard,0.89,90.7,86.2,182.15,198.56,4.55,414196
ath-P-91294,Domagoj Vida,DOVI,Athlete,Football • Defender • 2022,Fjelstul World Cup Database,https://en.wikipedia.org/wiki/Domagoj_Vida,0.89,90.5,86.1,181.3,201.96,-6.64,615944
ath-P-21423,Martina Voss,MAVO,Athlete,Football • Midfielder • 1999,Fjelstul World Cup Database,https://en.wikipedia.org/wiki/Martina_Voss-Tecklenburg,0.89,90.5,86.1,181.37,167.56,5.99,514554
ath-P-57865,Raúl Jiménez,RAJI,Athlete,Football • Forward • 2022,Fjelstul World Cup Database,https://en.wikipedia.org/wiki/Ra%C3%BAl_Jim%C3%A9nez,0.89,90.6,86.1,181.62,193.02,7.61,446664
ath-P-24978,Yeltsin Tejeda,YETE,Athlete,Football • Midfielder • 2022,Fjelstul World Cup Database,https://en.wikipedia.org/wiki/Yeltsin_Tejeda,0.89,90.6,86.1,181.61,175.99,-2.83,793688
ath-P-94928,Alfredo Talavera,ALTA,Athlete,Football • Goalkeeper • 2022,Fjelstul World Cup Database,https://en.wikipedia.org/wiki/Alfredo_Talavera,0.89,90.5,86.0,181.15,186.6,-7.38,446664
ath-P-42797,Carlos Paredes,CAPA,Athlete,Football • Midfielder • 2006,Fjelstul World Cup Database,https://en.wikipedia.org/wiki/Carlos_Humberto_Paredes,0.89,90.4,86.0,180.9,179.23,8.22,751564
ath-P-49600,Carlos Valderrama,CAVA,Athlete,Football • Midfielder • 1998,Fjelstul World Cup Database,https://en.wikipedia.org/wiki/Carlos_Valderrama,0.89,90.4,86.0,180.98,199.22,-0.34,700299
ath-P-75315,Gladys Enti,GLEN,Athlete,Football • Goalkeeper • 2007,Fjelstul World Cup Database,https://en.wikipedia.org/wiki/Gladys_Enti,0.89,90.4,86.0,180.86,166.17,0.63,660732
ath-P-63421,Jong-sun Song,JOSO,Athlete,Football • Defender • 2011,Fjelstul World Cup Database,https://en.wikipedia.org/wiki/Song_Jong-sun,0.89,90.5,86.0,181.18,181.28,-7.17,834055
ath-P-50787,Jorge Campos,JOC3,Athlete,Football • Goalkeeper • 2002,Fjelstul World Cup Database,https://en.wikipedia.org/wiki/Jorge_Campos,0.89,90.5,86.0,181.27,177.16,0.71,744839
ath-P-42042,Memunatu Sulemana,MESU,Athlete,Football • Goalkeeper • 2007,Fjelstul World Cup Database,https://en.wikipedia.org/wiki/Memunatu_Sulemana,0.89,90.4,86.0,180.87,205.09,-6.3,849727
ath-P-78308,Claudio Suárez,CLSU,Athlete,Football • Defender • 2006,Fjelstul World Cup Database,https://en.wikipedia.org/wiki/Claudio_Su%C3%A1rez,0.89,90.3,85.9,180.42,162.61,-4.06,649699
ath-P-73673,Enrico Albertosi,ENAL,Athlete,Football • Goalkeeper • 1974,Fjelstul World Cup Database,https://en.wikipedia.org/wiki/Enrico_Albertosi,0.89,90.4,85.9,180.79,186.46,-7.15,400712
ath-P-69504,Freddy Rincón,FRRI,Athlete,Football • Midfielder • 1998,Fjelstul World Cup Database,https://en.wikipedia.org/wiki/Freddy_Rinc%C3%B3n,0.89,90.4,85.9,180.78,174.81,0.98,594869
ath-P-91793,Makoto Hasebe,MAHA,Athlete,Football • Midfielder • 2018,Fjelstul World Cup Database,https://en.wikipedia.org/wiki/Makoto_Hasebe,0.89,90.3,85.9,180.54,205.08,3.27,471757
ath-P-01249,Rio Ferdinand,RIFE,Athlete,Football • Defender • 2006,Fjelstul World Cup Database,https://en.wikipedia.org/wiki/Rio_Ferdinand,0.89,90.4,85.9,180.84,168.76,3.19,665370
ath-P-53452,Vincent Aboubakar,VIAB,Athlete,Football • Forward • 2022,Fjelstul World Cup Database,https://en.wikipedia.org/wiki/Vincent_Aboubakar,0.89,90.4,85.9,180.74,204.14,-3.05,666728
ath-P-96131,André Ooijer,ANOO,Athlete,Football • Defender • 2010,Fjelstul World Cup Database,https://en.wikipedia.org/wiki/Andr%C3%A9_Ooijer,0.89,90.2,85.8,180.1,179.01,8.34,446490
ath-P-08601,Bobby Charlton,BOCH,Athlete,Football • Forward • 1970,Fjelstul World Cup Database,https://en.wikipedia.org/wiki/Bobby_Charlton,0.89,90.3,85.8,180.32,213.0,-7.07,393418
ath-P-51089,Carles Puyol,CAPU,Athlete,Football • Defender • 2010,Fjelstul World Cup Database,https://en.wikipedia.org/wiki/Carles_Puyol,0.89,90.2,85.8,180.15,203.04,8.79,518406
ath-P-06608,Chu-young Park,CHPA,Athlete,Football • Forward • 2014,Fjelstul World Cup Database,https://en.wikipedia.org/wiki/Park_Chu-young,0.89,90.2,85.8,180.15,199.08,8.02,414196
ath-P-52002,Djalma Santos,DJSA,Athlete,Football • Defender • 1966,Fjelstul World Cup Database,https://en.wikipedia.org/wiki/Djalma_Santos,0.89,90.2,85.8,180.03,174.08,-4.04,846151
ath-P-77047,Giovani dos Santos,GISA,Athlete,Football • Forward • 2018,Fjelstul World Cup Database,https://en.wikipedia.org/wiki/Giovani_dos_Santos,0.89,90.2,85.8,180.26,177.81,3.98,903600
ath-P-92547,Jesús Arellano,JEAR,Athlete,Football • Forward • 2006,Fjelstul World Cup Database,https://en.wikipedia.org/wiki/Jes%C3%BAs_Arellano,0.89,90.2,85.8,179.98,202.25,4.38,406789
ath-P-03307,Miguel Ángel Nadal,MINA,Athlete,Football • Defender • 2002,Fjelstul World Cup Database,https://en.wikipedia.org/wiki/Miguel_%C3%81ngel_Nadal,0.89,90.2,85.8,180.06,205.54,4.41,783252
ath-P-92932,Oswaldo Sánchez,OSSA,Athlete,Football • Goalkeeper • 2006,Fjelstul World Cup Database,https://en.wikipedia.org/wiki/Oswaldo_S%C3%A1nchez,0.89,90.2,85.8,180.11,202.81,-5.24,587012
ath-P-63312,Yann Sommer,YASO,Athlete,Football • Goalkeeper • 2022,Fjelstul World Cup Database,https://en.wikipedia.org/wiki/Yann_Sommer,0.89,90.3,85.8,180.36,176.97,-1.82,768296
ath-P-81297,Cesc Fàbregas,CEFA,Athlete,Football • Midfielder • 2014,Fjelstul World Cup Database,https://en.wikipedia.org/wiki/Cesc_F%C3%A0bregas,0.89,90.1,85.7,179.83,206.56,2.77,731924
ath-P-42227,Gianluca Zambrotta,GIZA,Athlete,Football • Defender • 2010,Fjelstul World Cup Database,https://en.wikipedia.org/wiki/Gianluca_Zambrotta,0.89,90.1,85.7,179.58,194.33,4.63,654245
ath-P-96080,Saskia Bartusiak,SABA,Athlete,Football • Defender • 2015,Fjelstul World Cup Database,https://en.wikipedia.org/wiki/Saskia_Bartusiak,0.89,90.1,85.7,179.73,195.18,-3.63,547130
ath-P-55474,Siobhan Chamberlain,SICH,Athlete,Football • Goalkeeper • 2015,Fjelstul World Cup Database,https://en.wikipedia.org/wiki/Siobhan_Chamberlain,0.89,90.1,85.7,179.54,169.23,7.52,530757
ath-P-64968,Volodymyr Bezsonov,VOBE,Athlete,Football • Midfielder • 1990,Fjelstul World Cup Database,https://en.wikipedia.org/wiki/Volodymyr_Bezsonov,0.89,90.1,85.7,179.58,201.53,4.56,687557
ath-P-80216,Alexandra Popp,ALPO,Athlete,Football • Forward • 2019,Fjelstul World Cup Database,https://en.wikipedia.org/wiki/Alexandra_Popp,0.89,90.0,85.6,179.41,182.36,8.62,707620
ath-P-86570,Carlos José Castilho,CACA,Athlete,Football • Goalkeeper • 1962,Fjelstul World Cup Database,https://en.wikipedia.org/wiki/Carlos_Jos%C3%A9_Castilho,0.89,90.0,85.6,179.13,177.75,2.95,671852
ath-P-70239,Eugénie Le Sommer,EUSO,Athlete,Football • Forward • 2019,Fjelstul World Cup Database,https://en.wikipedia.org/wiki/Eug%C3%A9nie_Le_Sommer,0.89,90.0,85.6,179.3,182.16,-6.6,649206
ath-P-42918,Lúcio,LUCI,Athlete,Football • Defender • 2010,Fjelstul World Cup Database,https://en.wikipedia.org/wiki/L%C3%BAcio,0.89,90.0,85.6,179.3,178.69,4.32,854010
ath-P-91516,Nwankwo Kanu,NWKA,Athlete,Football • Forward • 2010,Fjelstul World Cup Database,https://en.wikipedia.org/wiki/Nwankwo_Kanu,0.89,90.0,85.6,179.46,205.34,-6.87,750132
ath-P-19149,Rita Chikwelu,RICH,Athlete,Football • Forward • 2019,Fjelstul World Cup Database,https://en.wikipedia.org/wiki/Rita_Chikwelu,0.89,90.0,85.6,179.37,207.75,5.05,482310
ath-P-77335,Heung-min Son,HESO,Athlete,Football • Forward • 2022,Fjelstul World Cup Database,https://en.wikipedia.org/wiki/Son_Heung-min,0.89,89.9,85.5,178.83,191.71,2.07,632872
ath-P-65910,Lihong Zhao,LIZH,Athlete,Football • Midfielder • 2003,Fjelstul World Cup Database,https://en.wikipedia.org/wiki/Zhao_Lihong,0.89,89.9,85.5,178.99,170.64,8.19,709902
ath-P-84486,Mark Bresciano,MAB3,Athlete,Football • Midfielder • 2014,Fjelstul World Cup Database,https://en.wikipedia.org/wiki/Mark_Bresciano,0.89,89.9,85.5,178.7,181.42,0.04,764511
ath-P-20886,Nawaf Al-Temyat,NAAL,Athlete,Football • Midfielder • 2006,Fjelstul World Cup Database,https://en.wikipedia.org/wiki/Nawaf_Al-Temyat,0.89,89.9,85.5,178.71,179.45,1.16,634027
ath-P-87008,Neymar,NEYM,Athlete,Football • Forward • 2022,Fjelstul World Cup Database,https://en.wikipedia.org/wiki/Neymar,0.89,89.9,85.5,178.8,168.38,-0.06,472056
ath-P-77238,Steve Cherundolo,STCH,Athlete,Football • Defender • 2010,Fjelstul World Cup Database,https://en.wikipedia.org/wiki/Steve_Cherundolo,0.89,89.9,85.5,178.7,178.19,-6.9,734151
ath-P-83018,Betsy Hassett,BEHA,Athlete,Football • Midfielder • 2019,Fjelstul World Cup Database,https://en.wikipedia.org/wiki/Betsy_Hassett,0.89,89.8,85.4,178.44,183.28,-1.83,549068
ath-P-71661,Fernando Torres,FETO,Athlete,Football • Forward • 2014,Fjelstul World Cup Database,https://en.wikipedia.org/wiki/Fernando_Torres,0.89,89.8,85.4,178.49,181.82,4.65,601574
ath-P-90789,Karen Bardsley,KABA,Athlete,Football • Goalkeeper • 2019,Fjelstul World Cup Database,https://en.wikipedia.org/wiki/Karen_Bardsley,0.89,89.8,85.4,178.52,189.3,6.41,407206
ath-P-25398,Kolo Touré,KOTO,Athlete,Football • Defender • 2014,Fjelstul World Cup Database,https://en.wikipedia.org/wiki/Kolo_Tour%C3%A9,0.89,89.8,85.4,178.55,188.42,6.74,454930
ath-P-51130,Michael Owen,MIOW,Athlete,Football • Forward • 2006,Fjelstul World Cup Database,https://en.wikipedia.org/wiki/Michael_Owen,0.89,89.8,85.4,178.38,173.5,9.23,477311
ath-P-54794,Michelle Akers,MIAK,Athlete,Football • Forward • 1999,Fjelstul World Cup Database,https://en.wikipedia.org/wiki/Michelle_Akers,0.89,89.8,85.4,178.6,172.77,2.32,779469
ath-P-69594,Steve Mandanda,STMA,Athlete,Football • Goalkeeper • 2022,Fjelstul World Cup Database,https://en.wikipedia.org/wiki/Steve_Mandanda,0.89,89.8,85.4,178.54,195.22,1.89,539768
ath-P-56430,Zinedine Zidane,ZIZI,Athlete,Football • Midfielder • 2006,Fjelstul World Cup Database,https://en.wikipedia.org/wiki/Zinedine_Zidane,0.89,89.8,85.4,178.3,198.65,9.48,508654
ath-P-07031,Abel Balbo,ABBA,Athlete,Football • Forward • 1998,Fjelstul World Cup Database,https://en.wikipedia.org/wiki/Abel_Balbo,0.89,89.7,85.3,178.12,207.12,7.79,805730
ath-P-42920,Franco Baresi,FRBA,Athlete,Football • Defender • 1994,Fjelstul World Cup Database,https://en.wikipedia.org/wiki/Franco_Baresi,0.89,89.7,85.3,178.09,175.86,6.81,443070
ath-P-08789,Pia Wunderlich,PIWU,Athlete,Football • Midfielder • 2003,Fjelstul World Cup Database,https://en.wikipedia.org/wiki/Pia_Wunderlich,0.89,89.7,85.3,178.15,191.35,-3.76,617248
ath-P-48433,Sung-yueng Ki,SUKI,Athlete,Football • Midfielder • 2018,Fjelstul World Cup Database,https://en.wikipedia.org/wiki/Ki_Sung-yueng,0.89,89.6,85.3,177.81,177.45,-0.99,504975
ath-P-67377,Annike Krahn,ANKR,Athlete,Football • Defender • 2015,Fjelstul World Cup Database,https://en.wikipedia.org/wiki/Annike_Krahn,0.89,89.5,85.2,177.29,198.16,2.09,612624
ath-P-58374,Davor Šuker,DASU,Athlete,Football • Forward • 2002,Fjelstul World Cup Database,https://en.wikipedia.org/wiki/Davor_%C5%A0uker,0.89,89.5,85.2,177.47,171.47,-0.2,760204
ath-P-62209,Juan Sebastián Verón,JUVE,Athlete,Football • Midfielder • 2010,Fjelstul World Cup Database,https://en.wikipedia.org/wiki/Juan_Sebasti%C3%A1n_Ver%C3%B3n,0.89,89.6,85.2,177.53,198.88,-1.85,854010
ath-P-36470,Victoria Svensson,VISV,Athlete,Football • Forward • 2007,Fjelstul World Cup Database,https://en.wikipedia.org/wiki/Victoria_Sandell_Svensson,0.89,89.6,85.2,177.65,163.39,-3.51,826103
ath-P-49258,Cobi Jones,COJO,Athlete,Football • Midfielder • 2002,Fjelstul World Cup Database,https://en.wikipedia.org/wiki/Cobi_Jones,0.89,89.5,85.1,177.15,195.46,7.11,606554
ath-P-88428,Cuauhtémoc Blanco,CUBL,Athlete,Football • Forward • 2010,Fjelstul World Cup Database,https://en.wikipedia.org/wiki/Cuauht%C3%A9moc_Blanco,0.89,89.4,85.1,176.9,195.37,8.54,510415
ath-P-67645,Desire Oparanozie,DEOP,Athlete,Football • Forward • 2019,Fjelstul World Cup Database,https://en.wikipedia.org/wiki/Desire_Oparanozie,0.89,89.4,85.1,176.84,172.93,-0.5,398861
ath-P-89297,Gerardo Torrado,GETO,Athlete,Football • Midfielder • 2010,Fjelstul World Cup Database,https://en.wikipedia.org/wiki/Gerardo_Torrado,0.89,89.4,85.1,177.05,178.43,-4.74,638264
ath-P-78266,Grazielle,GRAZ,Athlete,Football • Forward • 2011,Fjelstul World Cup Database,https://en.wikipedia.org/wiki/Grazielle,0.89,89.4,85.1,177.0,170.19,-4.24,753755
ath-P-12272,Helmut Haller,HEHA,Athlete,Football • Forward • 1970,Fjelstul World Cup Database,https://en.wikipedia.org/wiki/Helmut_Haller,0.89,89.4,85.1,176.98,203.01,8.4,698811
ath-P-55321,Ricardo Costa,RICO,Athlete,Football • Defender • 2014,Fjelstul World Cup Database,"https://en.wikipedia.org/wiki/Ricardo_Costa_(footballer,_born_1981)",0.89,89.5,85.1,177.23,171.71,4.78,593427
ath-P-76435,Sam Kerr,SAKE,Athlete,Football • Forward • 2019,Fjelstul World Cup Database,https://en.wikipedia.org/wiki/Sam_Kerr,0.89,89.4,85.1,177.08,202.19,9.35,582447
ath-P-07720,Tab Ramos,TARA,Athlete,Football • Midfielder • 1998,Fjelstul World Cup Database,https://en.wikipedia.org/wiki/Tab_Ramos,0.89,89.4,85.1,176.85,180.22,2.19,602399
ath-P-89192,Yumi Obe,YUOB,Athlete,Football • Defender • 2003,Fjelstul World Cup Database,https://en.wikipedia.org/wiki/Yumi_Obe,0.89,89.5,85.1,177.16,162.94,7.52,501431
ath-P-54971,Anna Green,ANG2,Athlete,Football • Defender • 2019,Fjelstul World Cup Database,https://en.wikipedia.org/wiki/Anna_Green_(footballer),0.89,89.4,85.0,176.72,162.18,-6.69,498999
ath-P-16557,Ashley Cole,ASCO,Athlete,Football • Defender • 2010,Fjelstul World Cup Database,https://en.wikipedia.org/wiki/Ashley_Cole,0.89,89.4,85.0,176.82,172.8,6.33,662236
ath-P-43781,Carlos,CARL,Athlete,Football • Goalkeeper • 1986,Fjelstul World Cup Database,https://en.wikipedia.org/wiki/Carlos_Roberto_Gallo,0.89,89.4,85.0,176.74,194.69,-6.57,773051
ath-P-38422,Ifeanyi Chiejine,IFCH,Athlete,Football • Forward • 2007,Fjelstul World Cup Database,https://en.wikipedia.org/wiki/Ifeanyi_Chiejine,0.89,89.3,85.0,176.46,169.38,6.91,605609
ath-P-11588,Jens Stryger Larsen,JELA,Athlete,Football • Defender • 2022,Fjelstul World Cup Database,https://en.wikipedia.org/wiki/Jens_Stryger_Larsen,0.89,89.3,85.0,176.6,189.06,0.76,694124
ath-P-58480,Kate Markgraf,KAMA,Athlete,Football • Defender • 2007,Fjelstul World Cup Database,https://en.wikipedia.org/wiki/Kate_Markgraf,0.89,89.3,85.0,176.45,196.09,8.4,503236
ath-P-92234,Lola Gallardo,LOGA,Athlete,Football • Goalkeeper • 2019,Fjelstul World Cup Database,https://en.wikipedia.org/wiki/Lola_Gallardo,0.89,89.3,85.0,176.46,185.37,2.32,597368
ath-P-83122,Jay-Jay Okocha,JAOK,Athlete,Football • Midfielder • 2002,Fjelstul World Cup Database,https://en.wikipedia.org/wiki/Jay-Jay_Okocha,0.89,89.3,84.9,176.35,182.76,8.24,837029
ath-P-91373,Jürgen Klinsmann,JUKL,Athlete,Football • Forward • 1998,Fjelstul World Cup Database,https://en.wikipedia.org/wiki/J%C3%BCrgen_Klinsmann,0.89,89.2,84.9,176.12,185.56,-1.43,722892
ath-P-33354,Karolina Westberg,KAWE,Athlete,Football • Defender • 2007,Fjelstul World Cup Database,https://en.wikipedia.org/wiki/Karolina_Westberg,0.89,89.3,84.9,176.36,169.45,8.97,707981
ath-P-12738,Patrick Battiston,PABA,Athlete,Football • Defender • 1986,Fjelstul World Cup Database,https://en.wikipedia.org/wiki/Patrick_Battiston,0.89,89.2,84.9,176.15,204.52,0.99,652613
ath-P-89154,Riadh Bouazizi,RIBO,Athlete,Football • Midfielder • 2006,Fjelstul World Cup Database,https://en.wikipedia.org/wiki/Riadh_Bouazizi,0.89,89.2,84.9,175.99,192.39,3.67,485147
ath-P-16059,Santiago Cañizares,SACA,Athlete,Football • Goalkeeper • 2006,Fjelstul World Cup Database,https://en.wikipedia.org/wiki/Santiago_Ca%C3%B1izares,0.89,89.2,84.9,176.16,175.67,-7.4,485147
ath-P-47674,Adjoa Bayor,ADBA,Athlete,Football • Forward • 2007,Fjelstul World Cup Database,https://en.wikipedia.org/wiki/Adjoa_Bayor,0.89,89.1,84.8,175.62,177.97,8.75,558360
ath-P-23705,Arjen Robben,ARRO,Athlete,Football • Forward • 2014,Fjelstul World Cup Database,https://en.wikipedia.org/wiki/Arjen_Robben,0.89,89.1,84.8,175.89,190.39,5.35,438637
ath-P-41724,Dario Šimić,DAS2,Athlete,Football • Defender • 2006,Fjelstul World Cup Database,https://en.wikipedia.org/wiki/Dario_%C5%A0imi%C4%87,0.89,89.1,84.8,175.74,185.2,0.48,571341
ath-P-65534,Frank Lampard,FRLA,Athlete,Football • Midfielder • 2014,Fjelstul World Cup Database,https://en.wikipedia.org/wiki/Frank_Lampard,0.89,89.0,84.8,175.52,179.24,2.7,503812
ath-P-86464,Joe-Max Moore,JOMO,Athlete,Football • Forward • 2002,Fjelstul World Cup Database,https://en.wikipedia.org/wiki/Joe-Max_Moore,0.89,89.1,84.8,175.59,184.77,-3.73,552776
ath-P-65659,José Giménez,JOGI,Athlete,Football • Defender • 2022,Fjelstul World Cup Database,https://en.wikipedia.org/wiki/Jos%C3%A9_Gim%C3%A9nez,0.89,89.1,84.8,175.6,177.97,-2.46,514376
ath-P-76328,Loes Geurts,LOGE,Athlete,Football • Goalkeeper • 2019,Fjelstul World Cup Database,https://en.wikipedia.org/wiki/Loes_Geurts,0.89,89.1,84.8,175.61,170.92,9.22,716489
ath-P-36287,Lukas Podolski,LUPO,Athlete,Football • Forward • 2014,Fjelstul World Cup Database,https://en.wikipedia.org/wiki/Lukas_Podolski,0.89,89.1,84.8,175.54,183.92,2.14,536399
ath-P-96540,Patrick Vieira,PAVI,Athlete,Football • Midfielder • 2006,Fjelstul World Cup Database,https://en.wikipedia.org/wiki/Patrick_Vieira,0.89,89.1,84.8,175.89,166.03,0.28,657534
ath-P-34530,Roque Santa Cruz,ROCR,Athlete,Football • Forward • 2010,Fjelstul World Cup Database,https://en.wikipedia.org/wiki/Roque_Santa_Cruz,0.89,89.1,84.8,175.9,183.66,5.41,630274
ath-P-39704,So-dam Lee,SOLE,Athlete,Football • Midfielder • 2019,Fjelstul World Cup Database,https://en.wikipedia.org/wiki/Lee_So-dam,0.89,89.1,84.8,175.58,185.88,5.46,703253
ath-P-49962,Terry Butcher,TEBU,Athlete,Football • Defender • 1990,Fjelstul World Cup Database,https://en.wikipedia.org/wiki/Terry_Butcher,0.89,89.1,84.8,175.79,194.43,1.21,383821
ath-P-46224,Tomoe Sakai,TOSA,Athlete,Football • Midfielder • 2007,Fjelstul World Cup Database,https://en.wikipedia.org/wiki/Tomoe_Kato,0.89,89.1,84.8,175.57,173.75,-6.34,566235
ath-P-21495,Alberto García Aspe,ALAS,Athlete,Football • Midfielder • 2002,Fjelstul World Cup Database,https://en.wikipedia.org/wiki/Alberto_Garc%C3%ADa_Aspe,0.89,88.9,84.7,175.12,165.3,2.45,475951
ath-P-18314,Julio Salinas,JUSA,Athlete,Football • Forward • 1994,Fjelstul World Cup Database,https://en.wikipedia.org/wiki/Julio_Salinas,0.89,89.0,84.7,175.39,175.29,-3.61,450451
ath-P-32488,Sara Larsson,SALA,Athlete,Football • Defender • 2011,Fjelstul World Cup Database,https://en.wikipedia.org/wiki/Sara_Larsson,0.89,88.9,84.7,175.1,163.51,-5.54,448617
ath-P-63535,Wenxia Han,WEHA,Athlete,Football • Goalkeeper • 2007,Fjelstul World Cup Database,https://en.wikipedia.org/wiki/Han_Wenxia,0.89,89.0,84.7,175.23,188.82,2.82,731605
ath-P-42534,Édison Méndez,EDME,Athlete,Football • Forward • 2014,Fjelstul World Cup Database,https://en.wikipedia.org/wiki/%C3%89dison_M%C3%A9ndez,0.89,89.0,84.7,175.21,162.56,-4.24,528252
ath-P-77877,Casey Stoney,CAST,Athlete,Football • Defender • 2015,Fjelstul World Cup Database,https://en.wikipedia.org/wiki/Casey_Stoney,0.89,88.8,84.6,174.73,156.71,8.92,399771
ath-P-38110,Elise Thorsnes,ELTH,Athlete,Football • Forward • 2019,Fjelstul World Cup Database,https://en.wikipedia.org/wiki/Elise_Thorsnes,0.89,88.8,84.6,174.66,168.96,7.14,582447
ath-P-58533,Ingrid Hjelmseth,INHJ,Athlete,Football • Goalkeeper • 2019,Fjelstul World Cup Database,https://en.wikipedia.org/wiki/Ingrid_Hjelmseth,0.89,88.9,84.6,174.78,178.86,3.42,565758
ath-P-09317,Lev Yashin,LEYA,Athlete,Football • Goalkeeper • 1970,Fjelstul World Cup Database,https://en.wikipedia.org/wiki/Lev_Yashin,0.89,88.9,84.6,174.83,165.42,0.84,500362
ath-P-17884,Roberto Acuña,ROAC,Athlete,Football • Midfielder • 2006,Fjelstul World Cup Database,https://en.wikipedia.org/wiki/Roberto_Acu%C3%B1a,0.89,88.9,84.6,174.84,195.61,-5.12,398953
ath-P-44689,William Carvalho,WICA,Athlete,Football • Midfielder • 2022,Fjelstul World Cup Database,https://en.wikipedia.org/wiki/William_Carvalho,0.89,88.8,84.6,174.69,181.07,-6.22,412808
ath-P-99991,Dominique Rocheteau,DORO,Athlete,Football • Forward • 1986,Fjelstul World Cup Database,https://en.wikipedia.org/wiki/Dominique_Rocheteau,0.89,88.8,84.5,174.55,185.06,-1.75,716374
ath-P-18164,Gennaro Gattuso,GEGA,Athlete,Football • Midfielder • 2010,Fjelstul World Cup Database,https://en.wikipedia.org/wiki/Gennaro_Gattuso,0.89,88.8,84.5,174.42,156.76,5.08,462472
ath-P-37933,Joe Cole,JOC2,Athlete,Football • Midfielder • 2010,Fjelstul World Cup Database,https://en.wikipedia.org/wiki/Joe_Cole,0.89,88.8,84.5,174.35,164.54,8.59,438500
ath-P-28816,José Chamot,JOCH,Athlete,Football • Defender • 2002,Fjelstul World Cup Database,https://en.wikipedia.org/wiki/Jos%C3%A9_Chamot,0.89,88.8,84.5,174.43,177.8,2.07,522046
ath-P-76590,Rafael Alkorta,RAAL,Athlete,Football • Defender • 1998,Fjelstul World Cup Database,https://en.wikipedia.org/wiki/Rafael_Alkorta,0.89,88.7,84.5,174.26,172.27,-2.83,421661
ath-P-04572,Rudi Völler,RUVO,Athlete,Football • Forward • 1994,Fjelstul World Cup Database,https://en.wikipedia.org/wiki/Rudi_V%C3%B6ller,0.89,88.8,84.5,174.43,165.68,-6.6,797335
ath-P-04785,Shinji Ono,SHON,Athlete,Football • Midfielder • 2006,Fjelstul World Cup Database,https://en.wikipedia.org/wiki/Shinji_Ono,0.89,88.8,84.5,174.36,203.14,-2.4,673206
ath-P-44934,Yaya Touré,YATO,Athlete,Football • Midfielder • 2014,Fjelstul World Cup Database,https://en.wikipedia.org/wiki/Yaya_Tour%C3%A9,0.89,88.8,84.5,174.51,181.99,5.69,715630
ath-P-42517,Youssef En-Nesyri,YOEN,Athlete,Football • Forward • 2022,Fjelstul World Cup Database,https://en.wikipedia.org/wiki/Youssef_En-Nesyri,0.89,88.7,84.5,174.33,200.43,7.79,734468
ath-P-43400,Bastian Schweinsteiger,BASC,Athlete,Football • Midfielder • 2014,Fjelstul World Cup Database,https://en.wikipedia.org/wiki/Bastian_Schweinsteiger,0.89,88.6,84.4,173.87,187.1,-3.46,381609
ath-P-87785,Caitlin Foord,CAFO,Athlete,Football • Forward • 2019,Fjelstul World Cup Database,https://en.wikipedia.org/wiki/Caitlin_Foord,0.89,88.7,84.4,174.08,173.95,4.4,715965
ath-P-81723,Elise Kellond-Knight,ELKE,Athlete,Football • Midfielder • 2019,Fjelstul World Cup Database,https://en.wikipedia.org/wiki/Elise_Kellond-Knight,0.89,88.7,84.4,174.01,158.31,-0.29,532378
ath-P-23859,Gaëtane Thiney,GATH,Athlete,Football • Forward • 2019,Fjelstul World Cup Database,https://en.wikipedia.org/wiki/Ga%C3%ABtane_Thiney,0.89,88.6,84.4,173.94,184.37,-1.37,565758
ath-P-39878,Isabelle Morneau,ISMO,Athlete,Football • Forward • 2003,Fjelstul World Cup Database,https://en.wikipedia.org/wiki/Isabelle_Morneau,0.89,88.6,84.4,173.9,171.19,-1.55,393335
ath-P-59010,Kum-suk Ri,KURI,Athlete,Football • Forward • 2007,Fjelstul World Cup Database,https://en.wikipedia.org/wiki/Ri_Kum-suk,0.89,88.6,84.4,173.84,175.77,0.94,463862
ath-P-38878,Luis Enrique,LUEN,Athlete,Football • Midfielder • 2002,Fjelstul World Cup Database,https://en.wikipedia.org/wiki/Luis_Enrique,0.89,88.6,84.4,173.83,200.59,-0.25,744839
ath-P-50522,Tim Howard,TIHO,Athlete,Football • Goalkeeper • 2014,Fjelstul World Cup Database,https://en.wikipedia.org/wiki/Tim_Howard,0.89,88.6,84.4,173.79,169.53,-2.28,389755
ath-P-99201,Brandi Chastain,BRCH,Athlete,Football • Forward • 2003,Fjelstul World Cup Database,https://en.wikipedia.org/wiki/Brandi_Chastain,0.89,88.5,84.3,173.36,163.86,2.95,532316
ath-P-22302,Carlos Bonet,CABO,Athlete,Football • Midfielder • 2010,Fjelstul World Cup Database,https://en.wikipedia.org/wiki/Carlos_Bonet,0.89,88.5,84.3,173.51,204.13,-4.84,822047
ath-P-22793,Dejan Stanković,DEST,Athlete,Football • Midfielder • 2010,Fjelstul World Cup Database,https://en.wikipedia.org/wiki/Dejan_Stankovi%C4%87,0.89,88.5,84.3,173.56,173.61,-6.35,502424
ath-P-99788,Gaetano Scirea,GASC,Athlete,Football • Defender • 1986,Fjelstul World Cup Database,https://en.wikipedia.org/wiki/Gaetano_Scirea,0.89,88.6,84.3,173.68,194.43,5.59,737628
ath-P-29398,Gonzalo Higuaín,GOHI,Athlete,Football • Forward • 2018,Fjelstul World Cup Database,https://en.wikipedia.org/wiki/Gonzalo_Higua%C3%ADn,0.89,88.6,84.3,173.71,185.91,-5.69,488366
ath-P-98511,Jens Lehmann,JELE,Athlete,Football • Goalkeeper • 2006,Fjelstul World Cup Database,https://en.wikipedia.org/wiki/Jens_Lehmann,0.89,88.5,84.3,173.51,184.54,-3.46,422461
ath-P-26509,Kristin Bengtsson,KRBE,Athlete,Football • Midfielder • 2003,Fjelstul World Cup Database,https://en.wikipedia.org/wiki/Kristin_Bengtsson,0.89,88.6,84.3,173.63,176.31,0.23,617248
ath-P-51336,Wesley Sneijder,WESN,Athlete,Football • Midfielder • 2014,Fjelstul World Cup Database,https://en.wikipedia.org/wiki/Wesley_Sneijder,0.89,88.5,84.3,173.44,193.08,7.49,626015
ath-P-29172,Filippo Inzaghi,FIIN,Athlete,Football • Forward • 2006,Fjelstul World Cup Database,https://en.wikipedia.org/wiki/Filippo_Inzaghi,0.89,88.5,84.2,173.29,166.38,2.74,806414
ath-P-51492,Hiromi Isozaki,HIIS,Athlete,Football • Defender • 2007,Fjelstul World Cup Database,https://en.wikipedia.org/wiki/Hiromi_Ikeda,0.89,88.4,84.2,172.96,189.23,-4.39,700106
ath-P-05007,Chinwong Natthakarn,CHNA,Athlete,Football • Defender • 2019,Fjelstul World Cup Database,https://en.wikipedia.org/wiki/Natthakarn_Chinwong,0.89,88.3,84.1,172.53,162.47,5.64,703253
ath-P-33197,Danny Boffin,DABO,Athlete,Football • Midfielder • 2002,Fjelstul World Cup Database,https://en.wikipedia.org/wiki/Danny_Boffin,0.89,88.3,84.1,172.69,192.45,4.07,714109
ath-P-55991,Fabien Barthez,FABA,Athlete,Football • Goalkeeper • 2006,Fjelstul World Cup Database,https://en.wikipedia.org/wiki/Fabien_Barthez,0.89,88.3,84.1,172.49,166.32,-5.89,861265
ath-P-02080,Faryd Mondragón,FAMO,Athlete,Football • Goalkeeper • 2014,Fjelstul World Cup Database,https://en.wikipedia.org/wiki/Faryd_Mondrag%C3%B3n,0.89,88.3,84.1,172.49,161.73,-1.88,397902
ath-P-31388,Hanna Ljungberg,HALJ,Athlete,Football • Forward • 2007,Fjelstul World Cup Database,https://en.wikipedia.org/wiki/Hanna_Ljungberg,0.89,88.3,84.1,172.7,181.1,4.12,542610
ath-P-82870,Hatem Trabelsi,HATR,Athlete,Football • Defender • 2006,Fjelstul World Cup Database,https://en.wikipedia.org/wiki/Hatem_Trabelsi,0.89,88.3,84.1,172.67,194.49,8.47,594848
ath-P-19888,Hernán Crespo,HECR,Athlete,Football • Forward • 2006,Fjelstul World Cup Database,https://en.wikipedia.org/wiki/Hern%C3%A1n_Crespo,0.89,88.3,84.1,172.59,153.12,7.94,829922
ath-P-98699,Tiffeny Milbrett,TIMI,Athlete,Football • Forward • 2003,Fjelstul World Cup Database,https://en.wikipedia.org/wiki/Tiffeny_Milbrett,0.89,88.4,84.1,172.86,196.08,1.01,617248
ath-P-10128,Ailing Liu,AILI,Athlete,Football • Midfielder • 1999,Fjelstul World Cup Database,https://en.wikipedia.org/wiki/Liu_Ailing,0.89,88.2,84.0,172.27,172.85,-5.24,506985
ath-P-98775,Alireza Jahanbakhsh,ALJA,Athlete,Football • Forward • 2022,Fjelstul World Cup Database,https://en.wikipedia.org/wiki/Alireza_Jahanbakhsh,0.89,88.2,84.0,172.04,195.4,-2.65,404344
ath-P-00111,Masoud Shojaei,MASH,Athlete,Football • Midfielder • 2018,Fjelstul World Cup Database,https://en.wikipedia.org/wiki/Masoud_Shojaei,0.89,88.2,84.0,172.28,186.52,-2.25,430233
ath-P-66882,Sara Thunebro,SATH,Athlete,Football • Defender • 2015,Fjelstul World Cup Database,https://en.wikipedia.org/wiki/Sara_Thunebro,0.89,88.3,84.0,172.42,157.84,3.95,481637
ath-P-94877,Alexander Domínguez,ALDO,Athlete,Football • Goalkeeper • 2022,Fjelstul World Cup Database,https://en.wikipedia.org/wiki/Alexander_Dom%C3%ADnguez,0.89,88.1,83.9,171.87,163.92,-5.26,721020
ath-P-03775,Antonio Cabrini,ANC2,Athlete,Football • Defender • 1986,Fjelstul World Cup Database,https://en.wikipedia.org/wiki/Antonio_Cabrini,0.89,88.1,83.9,171.8,167.44,-1.28,702205
ath-P-76191,Brad Friedel,BRFR,Athlete,Football • Goalkeeper • 2002,Fjelstul World Cup Database,https://en.wikipedia.org/wiki/Brad_Friedel,0.89,88.1,83.9,171.8,184.79,-3.25,775569
ath-P-40792,Charlotte Rohlin,CHRO,Athlete,Football • Defender • 2015,Fjelstul World Cup Database,https://en.wikipedia.org/wiki/Charlotte_Rohlin,0.89,88.1,83.9,171.93,165.85,3.88,489824
ath-P-02842,Eddie Pope,EDPO,Athlete,Football • Defender • 2006,Fjelstul World Cup Database,https://en.wikipedia.org/wiki/Eddie_Pope,0.89,88.1,83.9,171.83,168.8,7.94,485147
ath-P-70618,Jordan Pickford,JOPI,Athlete,Football • Goalkeeper • 2022,Fjelstul World Cup Database,https://en.wikipedia.org/wiki/Jordan_Pickford,0.89,88.1,83.9,171.68,188.43,7.74,721020
ath-P-32342,Rinat Dasayev,RIDA,Athlete,Football • Goalkeeper • 1990,Fjelstul World Cup Database,https://en.wikipedia.org/wiki/Rinat_Dasayev,0.89,88.1,83.9,171.83,155.98,5.01,687557
ath-P-87284,Ali Al-Bulaihi,ALAL,Athlete,Football • Defender • 2022,Fjelstul World Cup Database,https://en.wikipedia.org/wiki/Ali_Al-Bulaihi,0.89,87.9,83.8,171.17,198.1,8.6,438612
ath-P-52654,Ann Chiejine,ANCH,Athlete,Football • Goalkeeper • 1999,Fjelstul World Cup Database,https://en.wikipedia.org/wiki/Ann_Chiejine,0.89,88.0,83.8,171.55,155.89,5.93,628089
ath-P-97434,Carlos Salcido,CASA,Athlete,Football • Defender • 2014,Fjelstul World Cup Database,https://en.wikipedia.org/wiki/Carlos_Salcido,0.89,88.0,83.8,171.32,163.84,-1.6,634161
ath-P-94161,Philippe Senderos,PHSE,Athlete,Football • Defender • 2014,Fjelstul World Cup Database,https://en.wikipedia.org/wiki/Philippe_Senderos,0.89,88.0,83.8,171.55,173.38,-0.3,422343
ath-P-00065,Ariel Ortega,AROR,Athlete,Football • Midfielder • 2002,Fjelstul World Cup Database,https://en.wikipedia.org/wiki/Ariel_Ortega,0.89,87.9,83.7,171.07,202.23,-1.7,406808
ath-P-94838,David Ospina,DAOS,Athlete,Football • Goalkeeper • 2018,Fjelstul World Cup Database,https://en.wikipedia.org/wiki/David_Ospina,0.89,87.8,83.7,170.77,170.84,0.56,712700
ath-P-02795,Dida,DIDA,Athlete,Football • Goalkeeper • 2006,Fjelstul World Cup Database,"https://en.wikipedia.org/wiki/Dida_(footballer,_born_1973)",0.89,87.9,83.7,170.92,163.35,0.43,610520
ath-P-67232,Eric Wynalda,ERWY,Athlete,Football • Forward • 1998,Fjelstul World Cup Database,https://en.wikipedia.org/wiki/Eric_Wynalda,0.89,87.9,83.7,170.87,174.37,-2.15,572276
ath-P-57488,Mavis Ogun,MAOG,Athlete,Football • Defender • 1999,Fjelstul World Cup Database,https://en.wikipedia.org/wiki/Mavis_Ogun,0.89,87.8,83.7,170.85,183.14,-6.0,408588
ath-P-53448,Ahmed Al-Dokhi,AHAL,Athlete,Football • Defender • 2006,Fjelstul World Cup Database,https://en.wikipedia.org/wiki/Ahmed_Dokhi,0.89,87.8,83.6,170.66,184.27,9.22,524326
ath-P-35873,Claudio Caniggia,CLCA,Athlete,Football • Forward • 2002,Fjelstul World Cup Database,https://en.wikipedia.org/wiki/Claudio_Caniggia,0.89,87.8,83.6,170.56,181.42,6.46,560459
ath-P-21832,Giovanni van Bronckhorst,GIBR,Athlete,Football • Midfielder • 2010,Fjelstul World Cup Database,https://en.wikipedia.org/wiki/Giovanni_van_Bronckhorst,0.89,87.8,83.6,170.62,163.43,8.55,406538
ath-P-58688,Linda Medalen,LIM2,Athlete,Football • Forward • 1999,Fjelstul World Cup Database,https://en.wikipedia.org/wiki/Linda_Medalen,0.89,87.8,83.6,170.5,169.26,-4.61,355605
ath-P-50641,Sulley Muntari,SUMU,Athlete,Football • Midfielder • 2014,Fjelstul World Cup Database,https://en.wikipedia.org/wiki/Sulley_Muntari,0.89,87.8,83.6,170.65,193.87,-1.3,397902
ath-P-37963,Andreas Möller,ANMO,Athlete,Football • Midfielder • 1998,Fjelstul World Cup Database,https://en.wikipedia.org/wiki/Andreas_M%C3%B6ller,0.89,87.6,83.5,170.03,198.02,-4.33,527092
ath-P-44978,Bogdan Stelea,BOST,Athlete,Football • Goalkeeper • 1998,Fjelstul World Cup Database,https://en.wikipedia.org/wiki/Bogdan_Stelea,0.89,87.7,83.5,170.15,189.0,1.61,730422
ath-P-59324,David James,DAJA,Athlete,Football • Goalkeeper • 2010,Fjelstul World Cup Database,https://en.wikipedia.org/wiki/David_James_(footballer),0.89,87.7,83.5,170.09,164.24,8.75,438500
ath-P-32680,Leonie Maier,LEMA,Athlete,Football • Defender • 2019,Fjelstul World Cup Database,https://en.wikipedia.org/wiki/Leonie_Maier,0.89,87.6,83.5,169.89,194.88,4.5,670164
ath-P-44067,Liping Wang,LIWA,Athlete,Football • Midfielder • 2003,Fjelstul World Cup Database,https://en.wikipedia.org/wiki/Wang_Liping_(footballer),0.89,87.6,83.5,169.85,184.89,-4.74,679017
ath-P-93242,Mercy Akide,MEAK,Athlete,Football • Forward • 2003,Fjelstul World Cup Database,https://en.wikipedia.org/wiki/Mercy_Akide,0.89,87.6,83.5,170.05,164.98,5.94,393335
ath-P-24335,Sarah Gregorius,SAGR,Athlete,Football • Forward • 2019,Fjelstul World Cup Database,https://en.wikipedia.org/wiki/Sarah_Gregorius,0.89,87.6,83.5,170.01,178.76,-6.85,574103
ath-P-08487,Sritala Duangnapa,SRDU,Athlete,Football • Defender • 2019,Fjelstul World Cup Database,https://en.wikipedia.org/wiki/Duangnapa_Sritala,0.89,87.6,83.5,169.85,163.99,-7.05,696635
ath-P-36217,Yunjie Fan,YUFA,Athlete,Football • Defender • 2003,Fjelstul World Cup Database,https://en.wikipedia.org/wiki/Fan_Yunjie,0.89,87.6,83.5,169.88,194.34,-6.04,802555
ath-P-05695,Alan Rough,ALRO,Athlete,Football • Goalkeeper • 1986,Fjelstul World Cup Database,https://en.wikipedia.org/wiki/Alan_Rough,0.89,87.5,83.4,169.67,169.98,-5.32,688035
ath-P-13321,Carlos Gruezo,CAGR,Athlete,Football • Midfielder • 2022,Fjelstul World Cup Database,"https://en.wikipedia.org/wiki/Carlos_Gruezo_(footballer,_born_1995)",0.89,87.5,83.4,169.64,188.45,5.21,727744
ath-P-19537,Gheorghe Popescu,GHPO,Athlete,Football • Midfielder • 1998,Fjelstul World Cup Database,https://en.wikipedia.org/wiki/Gheorghe_Popescu,0.89,87.5,83.4,169.47,169.01,6.72,451784
ath-P-10172,Jan Bednarek,JABE,Athlete,Football • Defender • 2022,Fjelstul World Cup Database,https://en.wikipedia.org/wiki/Jan_Bednarek,0.89,87.5,83.4,169.68,159.54,-6.45,673952
ath-P-80373,Katrine Pedersen,KAPE,Athlete,Football • Midfielder • 2007,Fjelstul World Cup Database,https://en.wikipedia.org/wiki/Katrine_Pedersen,0.89,87.6,83.4,169.82,172.69,-3.61,424488
ath-P-45405,Andreas Köpke,ANKO,Athlete,Football • Goalkeeper • 1998,Fjelstul World Cup Database,https://en.wikipedia.org/wiki/Andreas_K%C3%B6pke,0.89,87.4,83.3,169.21,156.41,8.12,451784
ath-P-02305,Casemiro,CAS2,Athlete,Football • Midfielder • 2022,Fjelstul World Cup Database,https://en.wikipedia.org/wiki/Casemiro,0.89,87.4,83.3,169.14,188.08,8.59,485680
ath-P-84542,Gabriel Batistuta,GABA,Athlete,Football • Forward • 2002,Fjelstul World Cup Database,https://en.wikipedia.org/wiki/Gabriel_Batistuta,0.89,87.5,83.3,169.32,161.46,7.57,491316
ath-P-78729,Lirong Wen,LIWE,Athlete,Football • Defender • 1999,Fjelstul World Cup Database,https://en.wikipedia.org/wiki/Wen_Lirong,0.89,87.4,83.3,169.18,174.21,6.53,537261
ath-P-83758,Mônica,MONI,Athlete,Football • Defender • 2019,Fjelstul World Cup Database,"https://en.wikipedia.org/wiki/M%C3%B4nica_(footballer,_born_1987)",0.89,87.4,83.3,169.21,184.7,5.78,584132
ath-P-69644,Oscar,OSCA,Athlete,Football • Defender • 1986,Fjelstul World Cup Database,"https://en.wikipedia.org/wiki/Oscar_(footballer,_born_1954)",0.89,87.4,83.3,169.29,182.87,4.27,638443
ath-P-20640,Peter Shilton,PESH,Athlete,Football • Goalkeeper • 1990,Fjelstul World Cup Database,https://en.wikipedia.org/wiki/Peter_Shilton,0.89,87.5,83.3,169.36,183.51,-4.49,564616
ath-P-33681,Rita Nwadike,RINW,Athlete,Football • Forward • 1999,Fjelstul World Cup Database,https://en.wikipedia.org/wiki/Rita_Nwadike,0.89,87.4,83.3,169.03,164.74,-1.65,832452
ath-P-19591,Ahmed Musa,AHMU,Athlete,Football • Forward • 2018,Fjelstul World Cup Database,https://en.wikipedia.org/wiki/Ahmed_Musa,0.89,87.3,83.2,168.55,186.84,-2.08,692953
ath-P-33280,André Silva,ANSI,Athlete,Football • Forward • 2022,Fjelstul World Cup Database,"https://en.wikipedia.org/wiki/Andr%C3%A9_Silva_(footballer,_born_1995)",0.89,87.3,83.2,168.87,169.41,3.0,721020
ath-P-30564,Anja Mittag,ANMI,Athlete,Football • Forward • 2015,Fjelstul World Cup Database,https://en.wikipedia.org/wiki/Anja_Mittag,0.89,87.3,83.2,168.55,173.35,-6.64,662703
ath-P-04808,Giancarlo González,GIGO,Athlete,Football • Defender • 2018,Fjelstul World Cup Database,https://en.wikipedia.org/wiki/Giancarlo_Gonz%C3%A1lez,0.89,87.3,83.2,168.63,188.66,7.51,646879
ath-P-80088,Jesús Gallardo,JEGA,Athlete,Football • Midfielder • 2022,Fjelstul World Cup Database,https://en.wikipedia.org/wiki/Jes%C3%BAs_Gallardo,0.89,87.3,83.2,168.64,180.77,5.83,687400
ath-P-25276,Ubaldo Fillol,UBFI,Athlete,Football • Goalkeeper • 1982,Fjelstul World Cup Database,https://en.wikipedia.org/wiki/Ubaldo_Fillol,0.89,87.3,83.2,168.85,197.12,1.27,563172
ath-P-83836,Alessandro Del Piero,ALPI,Athlete,Football • Forward • 2006,Fjelstul World Cup Database,https://en.wikipedia.org/wiki/Alessandro_Del_Piero,0.89,87.2,83.1,168.26,173.94,3.65,649699
ath-P-92867,Andrzej Szarmach,ANSZ,Athlete,Football • Forward • 1982,Fjelstul World Cup Database,https://en.wikipedia.org/wiki/Andrzej_Szarmach,0.89,87.2,83.1,168.2,184.88,6.01,466027
ath-P-04506,Joanne Peters,JOPE,Athlete,Football • Midfielder • 2007,Fjelstul World Cup Database,https://en.wikipedia.org/wiki/Joanne_Peters,0.89,87.2,83.1,168.44,176.56,0.29,471737
ath-P-29046,Kamil Glik,KAGL,Athlete,Football • Defender • 2022,Fjelstul World Cup Database,https://en.wikipedia.org/wiki/Kamil_Glik,0.89,87.1,83.0,167.98,176.31,6.89,673952
ath-P-85438,Mohammed Al-Owais,MOA3,Athlete,Football • Goalkeeper • 2022,Fjelstul World Cup Database,https://en.wikipedia.org/wiki/Mohammed_Al-Owais,0.89,87.1,83.0,168.08,191.72,0.16,727744
ath-P-42444,Renate Lingor,RELI,Athlete,Football • Midfielder • 2007,Fjelstul World Cup Database,https://en.wikipedia.org/wiki/Renate_Lingor,0.89,87.0,83.0,167.68,154.72,-1.48,400864
ath-P-55140,Cheikhou Kouyaté,CHKO,Athlete,Football • Midfielder • 2022,Fjelstul World Cup Database,https://en.wikipedia.org/wiki/Cheikhou_Kouyat%C3%A9,0.89,86.9,82.9,167.31,183.58,-5.17,653780
ath-P-89759,Fanta,FANT,Athlete,Football • Midfielder • 1999,Fjelstul World Cup Database,https://en.wikipedia.org/wiki/Fanta_(footballer),0.89,87.0,82.9,167.5,161.56,-6.75,749193
ath-P-21524,Julian Draxler,JUDR,Athlete,Football • Midfielder • 2018,Fjelstul World Cup Database,https://en.wikipedia.org/wiki/Julian_Draxler,0.89,86.9,82.9,167.35,187.33,-5.09,660043
ath-P-45408,Olaf Thon,OLTH,Athlete,Football • Midfielder • 1998,Fjelstul World Cup Database,https://en.wikipedia.org/wiki/Olaf_Thon,0.89,86.9,82.9,167.24,156.47,-1.43,632523
ath-P-97422,Bailey Wright,BAWR,Athlete,Football • Defender • 2022,Fjelstul World Cup Database,https://en.wikipedia.org/wiki/Bailey_Wright,0.89,86.9,82.8,167.08,171.66,-0.2,573092
ath-P-93059,Noel Valladares,NOVA,Athlete,Football • Goalkeeper • 2014,Fjelstul World Cup Database,https://en.wikipedia.org/wiki/Noel_Valladares,0.89,86.8,82.8,166.97,154.09,-1.48,614075
ath-P-00596,Raïs M'Bolhi,RAMB,Athlete,Football • Goalkeeper • 2014,Fjelstul World Cup Database,https://en.wikipedia.org/wiki/Ra%C3%AFs_M%27Bolhi,0.89,86.9,82.8,167.05,165.78,5.2,581866
ath-P-78756,Roberto Baggio,ROBA,Athlete,Football • Forward • 1998,Fjelstul World Cup Database,https://en.wikipedia.org/wiki/Roberto_Baggio,0.89,86.9,82.8,167.03,180.42,2.45,496969
ath-P-80505,Amir Abedzadeh,AMAB,Athlete,Football • Goalkeeper • 2022,Fjelstul World Cup Database,https://en.wikipedia.org/wiki/Amir_Abedzadeh,0.89,86.7,82.7,166.52,159.46,-4.66,478956
ath-P-01853,Angela Hucles,ANHU,Athlete,Football • Midfielder • 2007,Fjelstul World Cup Database,https://en.wikipedia.org/wiki/Angela_Hucles,0.89,86.7,82.7,166.49,167.68,-1.42,659798
ath-cur-ath-009,Coco Gauff,COGA,Athlete,Tennis,Curated prototype anchor,,0.78,91.9,82.7,166.41,163.42,9.03,739808
ath-P-62439,Evelyn Nwabuoku,EVNW,Athlete,Football • Midfielder • 2019,Fjelstul World Cup Database,https://en.wikipedia.org/wiki/Evelyn_Nwabuoku,0.89,86.8,82.7,166.76,166.89,0.24,656928
ath-P-89573,Marko Grujić,MAGR,Athlete,Football • Midfielder • 2022,Fjelstul World Cup Database,https://en.wikipedia.org/wiki/Marko_Gruji%C4%87,0.89,86.8,82.7,166.78,169.01,9.42,539472
ath-P-24967,Miyuki Yanagita,MIYA,Athlete,Football • Midfielder • 2007,Fjelstul World Cup Database,https://en.wikipedia.org/wiki/Miyuki_Yanagita,0.89,86.8,82.7,166.65,156.04,5.73,558360
ath-P-36668,Silke Rottenberg,SIRO,Athlete,Football • Goalkeeper • 2007,Fjelstul World Cup Database,https://en.wikipedia.org/wiki/Silke_Rottenberg,0.89,86.8,82.7,166.78,149.84,-6.25,369365
ath-P-37483,Zico,ZICO,Athlete,Football • Midfielder • 1986,Fjelstul World Cup Database,https://en.wikipedia.org/wiki/Zico_(footballer),0.89,86.8,82.7,166.71,157.68,6.03,560513
ath-P-90867,Ferjani Sassi,FESA,Athlete,Football • Midfielder • 2022,Fjelstul World Cup Database,https://en.wikipedia.org/wiki/Ferjani_Sassi,0.89,86.7,82.6,166.37,165.29,8.65,478956
ath-P-72937,Filip De Wilde,FIWI,Athlete,Football • Goalkeeper • 1998,Fjelstul World Cup Database,https://en.wikipedia.org/wiki/Filip_De_Wilde,0.89,86.6,82.6,165.98,181.61,5.54,579807
ath-P-00336,Lieke Martens,LIMA,Athlete,Football • Forward • 2019,Fjelstul World Cup Database,https://en.wikipedia.org/wiki/Lieke_Martens,0.89,86.6,82.6,166.04,166.5,-1.3,670164
ath-P-73911,Pietro Vierchowod,PIVI,Athlete,Football • Defender • 1990,Fjelstul World Cup Database,https://en.wikipedia.org/wiki/Pietro_Vierchowod,0.89,86.6,82.6,165.98,183.7,6.13,448908
ath-P-58080,Roger Milla,ROMI,Athlete,Football • Forward • 1994,Fjelstul World Cup Database,https://en.wikipedia.org/wiki/Roger_Milla,0.89,86.6,82.6,166.08,173.66,-3.59,634964
ath-P-29094,Tamaki Uchiyama,TAUC,Athlete,Football • Forward • 1999,Fjelstul World Cup Database,https://en.wikipedia.org/wiki/Tamaki_Uchiyama,0.89,86.6,82.6,166.09,149.64,-6.39,673503
ath-P-34205,Bernardo Silva,BESI,Athlete,Football • Forward • 2022,Fjelstul World Cup Database,https://en.wikipedia.org/wiki/Bernardo_Silva,0.89,86.5,82.5,165.57,153.16,-6.34,721020
ath-P-26483,Cristian Gamboa,CRGA,Athlete,Football • Defender • 2018,Fjelstul World Cup Database,https://en.wikipedia.org/wiki/Cristian_Gamboa,0.89,86.5,82.5,165.53,166.94,-1.55,706118
ath-P-24556,Raúl,RAUL,Athlete,Football • Forward • 2006,Fjelstul World Cup Database,https://en.wikipedia.org/wiki/Ra%C3%BAl_(footballer),0.89,86.5,82.5,165.57,169.66,-5.02,375446
ath-P-26414,Robert Jarni,ROJA,Athlete,Football • Midfielder • 2002,Fjelstul World Cup Database,https://en.wikipedia.org/wiki/Robert_Jarni,0.89,86.5,82.5,165.57,163.36,-2.2,360713
ath-P-88523,Sungngoen Kanjana,SUKA,Athlete,Football • Midfielder • 2019,Fjelstul World Cup Database,https://en.wikipedia.org/wiki/Kanjana_Sungngoen,0.89,86.5,82.5,165.85,160.31,2.97,663546
ath-P-39602,Walter Ayoví,WAAY,Athlete,Football • Defender • 2014,Fjelstul World Cup Database,https://en.wikipedia.org/wiki/Walter_Ayov%C3%AD,0.89,86.5,82.5,165.78,163.34,5.33,678491
ath-P-22178,Alex Scott,ALS2,Athlete,Football • Defender • 2015,Fjelstul World Cup Database,"https://en.wikipedia.org/wiki/Alex_Scott_(footballer,_born_1984)",0.89,86.4,82.4,165.4,169.66,-1.24,473451
ath-P-26057,Charmaine Hooper,CHHO,Athlete,Football • Forward • 2003,Fjelstul World Cup Database,https://en.wikipedia.org/wiki/Charmaine_Hooper,0.89,86.4,82.4,165.26,174.54,1.06,624969
ath-P-41343,Elane,ELAN,Athlete,Football • Defender • 1999,Fjelstul World Cup Database,https://en.wikipedia.org/wiki/Elane_Rego_dos_Santos,0.89,86.4,82.4,165.44,178.78,0.64,650796
ath-P-38733,Eniola Aluko,ENA2,Athlete,Football • Forward • 2015,Fjelstul World Cup Database,https://en.wikipedia.org/wiki/Eniola_Aluko,0.89,86.4,82.4,165.37,181.88,-5.84,383398
ath-P-61922,Fran Kirby,FRKI,Athlete,Football • Forward • 2019,Fjelstul World Cup Database,https://en.wikipedia.org/wiki/Fran_Kirby,0.89,86.4,82.4,165.14,191.32,-1.95,656928
ath-P-64104,Joseph Yobo,JOYO,Athlete,Football • Defender • 2014,Fjelstul World Cup Database,https://en.wikipedia.org/wiki/Joseph_Yobo,0.89,86.4,82.4,165.14,175.53,4.75,446783
ath-P-46907,Julio Olarticoechea,JUOL,Athlete,Football • Defender • 1990,Fjelstul World Cup Database,https://en.wikipedia.org/wiki/Julio_Olarticoechea,0.89,86.4,82.4,165.36,173.35,5.71,745411
ath-P-30283,Miloš Veljković,MIVE,Athlete,Football • Defender • 2022,Fjelstul World Cup Database,https://en.wikipedia.org/wiki/Milo%C5%A1_Veljkovi%C4%87,0.89,86.4,82.4,165.31,183.07,2.77,452060
ath-P-94422,Mohammed Al-Breik,MOA2,Athlete,Football • Defender • 2022,Fjelstul World Cup Database,https://en.wikipedia.org/wiki/Mohammed_Al-Breik,0.89,86.4,82.4,165.31,167.01,5.15,741192
ath-cur-ath-017,Naomi Osaka,NAOS,Athlete,Tennis,Curated prototype anchor,,0.78,91.5,82.4,165.31,163.69,9.22,769392
ath-P-10791,Patience Avre,PAAV,Athlete,Football • Forward • 2003,Fjelstul World Cup Database,https://en.wikipedia.org/wiki/Patience_Avre,0.89,86.4,82.4,165.25,176.73,-0.39,393335
ath-P-95847,Aaron Mooy,AAMO,Athlete,Football • Midfielder • 2022,Fjelstul World Cup Database,https://en.wikipedia.org/wiki/Aaron_Mooy,0.89,86.3,82.3,164.82,167.92,7.62,411716
ath-P-93676,Charlyn Corral,CHCO,Athlete,Football • Forward • 2015,Fjelstul World Cup Database,https://en.wikipedia.org/wiki/Charlyn_Corral,0.89,86.3,82.3,164.78,184.86,3.12,397144
ath-P-31850,Cláudio Taffarel,CLTA,Athlete,Football • Goalkeeper • 1998,Fjelstul World Cup Database,https://en.wikipedia.org/wiki/Cl%C3%A1udio_Taffarel,0.89,86.3,82.3,165.03,169.55,-1.27,670176
ath-P-83216,Juan Cuadrado,JUCU,Athlete,Football • Midfielder • 2018,Fjelstul World Cup Database,https://en.wikipedia.org/wiki/Juan_Cuadrado,0.89,86.3,82.3,164.87,161.23,5.46,646879
ath-P-77552,Thomas Häßler,THHA,Athlete,Football • Midfielder • 1998,Fjelstul World Cup Database,https://en.wikipedia.org/wiki/Thomas_H%C3%A4%C3%9Fler,0.89,86.2,82.3,164.71,164.3,-2.1,632523
ath-P-81706,Yassine Meriah,YAME,Athlete,Football • Defender • 2022,Fjelstul World Cup Database,https://en.wikipedia.org/wiki/Yassine_Meriah,0.89,86.2,82.3,164.72,183.28,0.79,465508
ath-P-40448,Alina Garciamendez,ALGA,Athlete,Football • Defender • 2015,Fjelstul World Cup Database,https://en.wikipedia.org/wiki/Alina_Garciamendez,0.89,86.2,82.2,164.46,185.51,-0.17,520208
ath-P-51201,Antonio Rüdiger,ANRU,Athlete,Football • Defender • 2022,Fjelstul World Cup Database,https://en.wikipedia.org/wiki/Antonio_R%C3%BCdiger,0.89,86.2,82.2,164.43,168.06,5.74,741192
ath-P-59869,Babett Peter,BAPE,Athlete,Football • Defender • 2015,Fjelstul World Cup Database,https://en.wikipedia.org/wiki/Babett_Peter,0.89,86.1,82.2,164.3,155.04,-2.71,563504
ath-P-02675,Bryan Robson,BRRO,Athlete,Football • Midfielder • 1990,Fjelstul World Cup Database,https://en.wikipedia.org/wiki/Bryan_Robson,0.89,86.2,82.2,164.46,163.93,-2.33,485067
ath-P-33312,Dirk Kuyt,DIKU,Athlete,Football • Forward • 2014,Fjelstul World Cup Database,https://en.wikipedia.org/wiki/Dirk_Kuyt,0.89,86.2,82.2,164.65,162.7,0.24,495665
ath-P-34822,Jackson Irvine,JAI2,Athlete,Football • Midfielder • 2022,Fjelstul World Cup Database,https://en.wikipedia.org/wiki/Jackson_Irvine,0.89,86.1,82.2,164.28,175.68,7.59,586540
ath-P-10653,Olivia Schough,OLSC,Athlete,Football • Midfielder • 2019,Fjelstul World Cup Database,https://en.wikipedia.org/wiki/Olivia_Schough,0.89,86.1,82.2,164.28,167.83,9.23,696635
ath-P-85176,Roberto Carlos,ROCA,Athlete,Football • Defender • 2006,Fjelstul World Cup Database,https://en.wikipedia.org/wiki/Roberto_Carlos,0.89,86.2,82.2,164.39,166.87,-1.85,422461
ath-P-26515,Shuang Wang,SHW2,Athlete,Football • Forward • 2019,Fjelstul World Cup Database,https://en.wikipedia.org/wiki/Wang_Shuang_(footballer),0.89,86.2,82.2,164.47,166.36,-3.05,484865
ath-P-58924,Harry Kane,HAKA,Athlete,Football • Forward • 2022,Fjelstul World Cup Database,https://en.wikipedia.org/wiki/Harry_Kane,0.89,86.1,82.1,164.14,162.1,-1.67,613436
ath-P-21000,MacBeth Sibaya,MAS2,Athlete,Football • Midfielder • 2010,Fjelstul World Cup Database,https://en.wikipedia.org/wiki/MacBeth_Sibaya,0.89,86.0,82.1,163.93,181.3,8.57,550735
ath-P-43736,Tony Meola,TOME,Athlete,Football • Goalkeeper • 2002,Fjelstul World Cup Database,https://en.wikipedia.org/wiki/Tony_Meola,0.89,86.1,82.1,164.09,148.37,0.59,445221
ath-P-25776,Cristhian Stuani,CRST,Athlete,Football • Forward • 2018,Fjelstul World Cup Database,https://en.wikipedia.org/wiki/Cristhian_Stuani,0.89,86.0,82.0,163.61,156.2,3.14,666625
ath-P-09569,Ghailene Chaalali,GHCH,Athlete,Football • Forward • 2022,Fjelstul World Cup Database,https://en.wikipedia.org/wiki/Ghailene_Chaalali,0.89,86.0,82.0,163.62,191.88,1.26,472232
ath-P-01164,John Obi Mikel,JOMI,Athlete,Football • Midfielder • 2018,Fjelstul World Cup Database,https://en.wikipedia.org/wiki/John_Obi_Mikel,0.89,85.9,82.0,163.5,155.28,-3.35,725864
ath-P-60142,Kadeisha Buchanan,KABU,Athlete,Football • Defender • 2019,Fjelstul World Cup Database,https://en.wikipedia.org/wiki/Kadeisha_Buchanan,0.89,86.0,82.0,163.64,163.39,0.53,723107
ath-P-71934,Lisa Dahlkvist,LIDA,Athlete,Football • Midfielder • 2015,Fjelstul World Cup Database,https://en.wikipedia.org/wiki/Lisa_Dahlkvist,0.89,86.0,82.0,163.64,180.7,7.12,513731
ath-P-91268,Mohamed Kanno,MOKA,Athlete,Football • Midfielder • 2022,Fjelstul World Cup Database,https://en.wikipedia.org/wiki/Mohamed_Kanno,0.89,85.9,82.0,163.43,165.61,-7.33,526024
ath-P-89301,Servet Uzunlar,SEUZ,Athlete,Football • Midfielder • 2015,Fjelstul World Cup Database,https://en.wikipedia.org/wiki/Servet_Uzunlar,0.89,85.9,82.0,163.42,159.76,8.09,682134
ath-P-26546,Edson Álvarez,EDAL,Athlete,Football • Defender • 2022,Fjelstul World Cup Database,https://en.wikipedia.org/wiki/Edson_%C3%81lvarez,0.89,85.9,81.9,163.3,174.6,-1.87,539472
ath-P-75912,Enner Valencia,ENVA,Athlete,Football • Forward • 2022,Fjelstul World Cup Database,https://en.wikipedia.org/wiki/Enner_Valencia,0.89,85.9,81.9,163.22,155.52,-3.53,647056
ath-P-50679,Julian Brandt,JUBR,Athlete,Football • Midfielder • 2022,Fjelstul World Cup Database,https://en.wikipedia.org/wiki/Julian_Brandt,0.89,85.8,81.9,163.04,181.37,0.04,593264
ath-P-78654,Cristian Riveros,CRRI,Athlete,Football • Midfielder • 2010,Fjelstul World Cup Database,https://en.wikipedia.org/wiki/Cristian_Riveros,0.89,85.7,81.8,162.73,185.22,5.5,626368
ath-P-77789,Milan Badelj,MIB2,Athlete,Football • Midfielder • 2018,Fjelstul World Cup Database,https://en.wikipedia.org/wiki/Milan_Badelj,0.89,85.8,81.8,162.86,163.51,7.89,403342
ath-P-90240,Sabrina Viguier,SAVI,Athlete,Football • Defender • 2011,Fjelstul World Cup Database,https://en.wikipedia.org/wiki/Sabrina_Viguier,0.89,85.7,81.8,162.56,170.77,0.71,636099
ath-P-93688,Salman Al-Faraj,SAA3,Athlete,Football • Midfielder • 2022,Fjelstul World Cup Database,https://en.wikipedia.org/wiki/Salman_Al-Faraj,0.89,85.8,81.8,162.91,175.18,0.71,452060
ath-P-95667,Thomas N'Kono,THNK,Athlete,Football • Goalkeeper • 1994,Fjelstul World Cup Database,https://en.wikipedia.org/wiki/Thomas_N%27Kono,0.89,85.7,81.8,162.78,171.41,-1.63,804716
ath-P-55298,Youssouf Sabaly,YOSA,Athlete,Football • Defender • 2022,Fjelstul World Cup Database,https://en.wikipedia.org/wiki/Youssouf_Sabaly,0.89,85.8,81.8,162.88,180.3,-4.92,546196
ath-P-30264,Yvonne Leuko,YVLE,Athlete,Football • Defender • 2019,Fjelstul World Cup Database,https://en.wikipedia.org/wiki/Yvonne_Leuko,0.89,85.7,81.8,162.67,174.87,-6.8,425304
ath-P-95834,Elías Figueroa,ELFI,Athlete,Football • Defender • 1982,Fjelstul World Cup Database,https://en.wikipedia.org/wiki/El%C3%ADas_Figueroa,0.89,85.7,81.7,162.52,177.12,4.9,493783
ath-P-41758,Fernandinho,FERN,Athlete,Football • Midfielder • 2018,Fjelstul World Cup Database,"https://en.wikipedia.org/wiki/Fernandinho_(footballer,_born_May_1985)",0.89,85.6,81.7,162.42,158.42,-2.07,673207
ath-P-30739,Gheorghe Hagi,GHHA,Athlete,Football • Midfielder • 1998,Fjelstul World Cup Database,https://en.wikipedia.org/wiki/Gheorghe_Hagi,0.89,85.6,81.7,162.35,164.18,3.83,534623
ath-P-39297,Michel De Wolf,MIWO,Athlete,Football • Defender • 1994,Fjelstul World Cup Database,https://en.wikipedia.org/wiki/Michel_De_Wolf,0.89,85.7,81.7,162.52,154.53,4.3,531636
ath-P-69919,Nacer Chadli,NACH,Athlete,Football • Midfielder • 2018,Fjelstul World Cup Database,https://en.wikipedia.org/wiki/Nacer_Chadli,0.89,85.6,81.7,162.41,181.68,0.16,521819
ath-P-72916,Patrice Evra,PAEV,Athlete,Football • Defender • 2014,Fjelstul World Cup Database,https://en.wikipedia.org/wiki/Patrice_Evra,0.89,85.6,81.7,162.38,181.74,-0.7,684933
ath-P-25989,Aymen Mathlouthi,AYMA,Athlete,Football • Goalkeeper • 2022,Fjelstul World Cup Database,https://en.wikipedia.org/wiki/Aymen_Mathlouthi,0.89,85.5,81.6,162.01,185.77,5.33,660504
ath-P-56906,Carla Overbeck,CAOV,Athlete,Football • Defender • 1999,Fjelstul World Cup Database,https://en.wikipedia.org/wiki/Carla_Overbeck,0.89,85.5,81.6,162.02,158.76,6.14,491847
ath-P-64893,John Utaka,JOUT,Athlete,Football • Forward • 2010,Fjelstul World Cup Database,https://en.wikipedia.org/wiki/John_Utaka,0.89,85.5,81.6,162.07,164.56,5.18,569643
ath-P-02347,Khueanpet Pikul,KHPI,Athlete,Football • Midfielder • 2019,Fjelstul World Cup Database,https://en.wikipedia.org/wiki/Pikul_Khueanpet,0.89,85.5,81.6,161.97,156.86,2.7,544425
ath-P-64344,Klaas-Jan Huntelaar,KLHU,Athlete,Football • Forward • 2014,Fjelstul World Cup Database,https://en.wikipedia.org/wiki/Klaas-Jan_Huntelaar,0.89,85.5,81.6,161.95,177.15,4.17,581866
ath-P-67766,Wei Pu,WEPU,Athlete,Football • Midfielder • 2007,Fjelstul World Cup Database,https://en.wikipedia.org/wiki/Pu_Wei,0.89,85.5,81.6,161.73,171.77,2.12,377240
ath-P-15896,Adnan Januzaj,ADJA,Athlete,Football • Forward • 2018,Fjelstul World Cup Database,https://en.wikipedia.org/wiki/Adnan_Januzaj,0.89,85.4,81.5,161.53,164.57,0.69,561312
ath-P-69986,Ajara Nchout,AJNC,Athlete,Football • Forward • 2019,Fjelstul World Cup Database,https://en.wikipedia.org/wiki/Ajara_Nchout,0.89,85.4,81.5,161.61,151.34,8.02,683400
ath-P-09059,Djamel Mesbah,DJME,Athlete,Football • Defender • 2014,Fjelstul World Cup Database,https://en.wikipedia.org/wiki/Djamel_Mesbah,0.89,85.4,81.5,161.64,175.16,-3.18,639841
ath-P-92316,Emmanuel Eboué,EMEB,Athlete,Football • Defender • 2010,Fjelstul World Cup Database,https://en.wikipedia.org/wiki/Emmanuel_Ebou%C3%A9,0.89,85.4,81.5,161.54,186.07,-3.73,620066
ath-P-18830,Florent Malouda,FLMA,Athlete,Football • Midfielder • 2010,Fjelstul World Cup Database,https://en.wikipedia.org/wiki/Florent_Malouda,0.89,85.4,81.5,161.44,161.19,-0.29,538130
ath-P-17521,Mariela Coronel,MACO,Athlete,Football • Forward • 2019,Fjelstul World Cup Database,https://en.wikipedia.org/wiki/Mariela_Coronel,0.89,85.4,81.5,161.52,163.13,9.1,544425
ath-P-04541,Mehdi Torabi,METO,Athlete,Football • Midfielder • 2022,Fjelstul World Cup Database,https://en.wikipedia.org/wiki/Mehdi_Torabi,0.89,85.4,81.5,161.43,146.01,-1.28,519300
ath-P-08939,Michel Platini,MIPL,Athlete,Football • Midfielder • 1986,Fjelstul World Cup Database,https://en.wikipedia.org/wiki/Michel_Platini,0.89,85.4,81.5,161.61,182.89,-7.12,624274
ath-P-01567,Sandra Paños,SAPA,Athlete,Football • Goalkeeper • 2019,Fjelstul World Cup Database,https://en.wikipedia.org/wiki/Sandra_Pa%C3%B1os,0.89,85.4,81.5,161.49,178.94,-7.5,478247
ath-P-15736,Shin-wook Kim,SHKI,Athlete,Football • Forward • 2018,Fjelstul World Cup Database,https://en.wikipedia.org/wiki/Kim_Shin-wook,0.89,85.4,81.5,161.4,146.36,5.74,646879
ath-P-71023,Sofyan Amrabat,SOAM,Athlete,Football • Midfielder • 2022,Fjelstul World Cup Database,https://en.wikipedia.org/wiki/Sofyan_Amrabat,0.89,85.4,81.5,161.47,172.19,2.14,586540
ath-P-67881,Ashley Lawrence,ASLA,Athlete,Football • Defender • 2019,Fjelstul World Cup Database,https://en.wikipedia.org/wiki/Ashley_Lawrence_(soccer),0.89,85.3,81.4,161.0,185.58,8.52,378980
ath-P-86465,Geremi,GERE,Athlete,Football • Defender • 2010,Fjelstul World Cup Database,https://en.wikipedia.org/wiki/Geremi,0.89,85.3,81.4,161.02,179.98,3.05,575946
ath-P-15134,Keiji Tamada,KETA,Athlete,Football • Forward • 2010,Fjelstul World Cup Database,https://en.wikipedia.org/wiki/Keiji_Tamada,0.89,85.3,81.4,161.07,159.81,6.31,613763
ath-P-38647,Lucas Biglia,LUBI,Athlete,Football • Midfielder • 2018,Fjelstul World Cup Database,https://en.wikipedia.org/wiki/Lucas_Biglia,0.89,85.2,81.4,160.94,167.37,-1.2,712700
ath-P-74098,Milad Mohammadi,MIMO,Athlete,Football • Defender • 2022,Fjelstul World Cup Database,https://en.wikipedia.org/wiki/Milad_Mohammadi,0.89,85.3,81.4,160.97,175.21,-3.83,546196
ath-P-99247,Ruyin Tan,RUTA,Athlete,Football • Midfielder • 2019,Fjelstul World Cup Database,https://en.wikipedia.org/wiki/Tan_Ruyin,0.89,85.3,81.4,161.03,172.0,-3.88,319419
ath-P-86882,Shinobu Ohno,SHO2,Athlete,Football • Forward • 2015,Fjelstul World Cup Database,https://en.wikipedia.org/wiki/Shinobu_Ohno,0.89,85.2,81.4,160.9,164.85,-0.85,407958
ath-P-46735,Yu-mi Kang,YUKA,Athlete,Football • Forward • 2019,Fjelstul World Cup Database,https://en.wikipedia.org/wiki/Kang_Yu-mi,0.89,85.3,81.4,161.08,151.58,4.96,650310
ath-P-10140,Alexandros Tziolis,ALTZ,Athlete,Football • Midfielder • 2014,Fjelstul World Cup Database,https://en.wikipedia.org/wiki/Alexandros_Tziolis,0.89,85.1,81.3,160.48,159.91,8.49,665608
ath-P-97008,Darijo Srna,DASR,Athlete,Football • Midfielder • 2014,Fjelstul World Cup Database,https://en.wikipedia.org/wiki/Darijo_Srna,0.89,85.2,81.3,160.75,165.12,9.12,588308
ath-P-58692,Hee-chan Hwang,HEHW,Athlete,Football • Forward • 2022,Fjelstul World Cup Database,https://en.wikipedia.org/wiki/Hwang_Hee-chan,0.89,85.2,81.3,160.63,154.04,8.74,519300
ath-P-85437,Kristina Kiss,KRKI,Athlete,Football • Midfielder • 2007,Fjelstul World Cup Database,https://en.wikipedia.org/wiki/Kristina_Kiss,0.89,85.2,81.3,160.66,162.07,4.1,541998
ath-P-60969,Müller,MULL,Athlete,Football • Forward • 1994,Fjelstul World Cup Database,"https://en.wikipedia.org/wiki/M%C3%BCller_(footballer,_born_1966)",0.89,85.2,81.3,160.63,160.85,-2.4,487353
ath-P-70006,Peter Odemwingie,PEOD,Athlete,Football • Forward • 2014,Fjelstul World Cup Database,https://en.wikipedia.org/wiki/Peter_Odemwingie,0.89,85.1,81.3,160.54,181.2,-0.55,678491
ath-P-62393,Steve von Bergen,STBE,Athlete,Football • Defender • 2014,Fjelstul World Cup Database,https://en.wikipedia.org/wiki/Steve_von_Bergen,0.89,85.2,81.3,160.59,170.97,7.09,530333
ath-P-76027,Taryn Swiatek,TAS2,Athlete,Football • Goalkeeper • 2007,Fjelstul World Cup Database,https://en.wikipedia.org/wiki/Taryn_Swiatek,0.89,85.2,81.3,160.82,156.04,6.58,653598
ath-P-69967,Vivianne Miedema,VIMI,Athlete,Football • Forward • 2019,Fjelstul World Cup Database,https://en.wikipedia.org/wiki/Vivianne_Miedema,0.89,85.2,81.3,160.86,149.66,-3.16,603986
ath-P-65182,Andrej Kramarić,ANK2,Athlete,Football • Forward • 2022,Fjelstul World Cup Database,https://en.wikipedia.org/wiki/Andrej_Kramari%C4%87,0.89,85.0,81.2,160.07,178.61,-3.36,404992
ath-P-79931,Christen Press,CHPR,Athlete,Football • Forward • 2019,Fjelstul World Cup Database,https://en.wikipedia.org/wiki/Christen_Press,0.89,85.1,81.2,160.43,157.45,0.08,617221
ath-P-40137,Danilo,DANI,Athlete,Football • Defender • 2022,Fjelstul World Cup Database,"https://en.wikipedia.org/wiki/Danilo_(footballer,_born_July_1991)",0.89,85.0,81.2,160.19,148.66,-0.49,613436
ath-P-83560,Denis Zakaria,DEZA,Athlete,Football • Midfielder • 2022,Fjelstul World Cup Database,https://en.wikipedia.org/wiki/Denis_Zakaria,0.89,85.1,81.2,160.28,175.45,-1.38,694124
ath-P-57482,Emilio Izaguirre,EMIZ,Athlete,Football • Defender • 2014,Fjelstul World Cup Database,https://en.wikipedia.org/wiki/Emilio_Izaguirre,0.89,85.0,81.2,160.04,183.02,3.98,446591
ath-P-69019,Enzo Pérez,ENPE,Athlete,Football • Midfielder • 2018,Fjelstul World Cup Database,https://en.wikipedia.org/wiki/Enzo_P%C3%A9rez,0.89,85.1,81.2,160.32,164.11,5.38,363850
ath-P-73390,Eric Gerets,ERGE,Athlete,Football • Defender • 1990,Fjelstul World Cup Database,https://en.wikipedia.org/wiki/Eric_Gerets,0.89,85.0,81.2,160.03,168.11,6.36,665862
ath-P-05631,Isidoro Díaz,ISDI,Athlete,Football • Forward • 1970,Fjelstul World Cup Database,https://en.wikipedia.org/wiki/Isidoro_D%C3%ADaz,0.89,85.1,81.2,160.36,176.57,0.38,477386
ath-P-17774,Joseph-Antoine Bell,JOBE,Athlete,Football • Goalkeeper • 1994,Fjelstul World Cup Database,https://en.wikipedia.org/wiki/Joseph-Antoine_Bell,0.89,85.1,81.2,160.35,181.04,6.82,413548
ath-P-47974,Joël Matip,JOM3,Athlete,Football • Midfielder • 2014,Fjelstul World Cup Database,https://en.wikipedia.org/wiki/Jo%C3%ABl_Matip,0.89,85.0,81.2,160.03,178.62,2.89,659166
ath-P-16593,Jung-mi Kim,JUKI,Athlete,Football • Goalkeeper • 2015,Fjelstul World Cup Database,https://en.wikipedia.org/wiki/Kim_Jung-mi_(footballer),0.89,85.1,81.2,160.4,158.33,-5.14,701565
ath-P-18222,Marcos Rojo,MAR5,Athlete,Football • Defender • 2018,Fjelstul World Cup Database,https://en.wikipedia.org/wiki/Marcos_Rojo,0.89,85.1,81.2,160.44,160.97,-0.47,712700
ath-P-50598,Maren Meinert,MAME,Athlete,Football • Forward • 2003,Fjelstul World Cup Database,https://en.wikipedia.org/wiki/Maren_Meinert,0.89,85.1,81.2,160.24,170.84,-2.18,424220
ath-P-09501,Ngozi Ebere,NGEB,Athlete,Football • Defender • 2019,Fjelstul World Cup Database,https://en.wikipedia.org/wiki/Ngozi_Ebere,0.89,85.1,81.2,160.34,174.86,6.53,511336
ath-P-74337,Thorgan Hazard,THH2,Athlete,Football • Midfielder • 2022,Fjelstul World Cup Database,https://en.wikipedia.org/wiki/Thorgan_Hazard,0.89,85.0,81.2,160.19,151.55,9.3,552920
ath-P-69896,Alan Dzagoev,ALDZ,Athlete,Football • Midfielder • 2018,Fjelstul World Cup Database,https://en.wikipedia.org/wiki/Alan_Dzagoev,0.89,84.9,81.1,159.61,167.64,7.32,429670
ath-P-56505,Aldair,ALDA,Athlete,Football • Defender • 1998,Fjelstul World Cup Database,https://en.wikipedia.org/wiki/Aldair,0.89,84.9,81.1,159.68,168.84,0.86,512030
ath-P-26316,Hugo Sánchez,HUSA,Athlete,Football • Forward • 1994,Fjelstul World Cup Database,https://en.wikipedia.org/wiki/Hugo_S%C3%A1nchez,0.89,85.0,81.1,159.98,161.48,-6.52,443070
ath-P-63892,Louisa Nécib,LONE,Athlete,Football • Midfielder • 2015,Fjelstul World Cup Database,https://en.wikipedia.org/wiki/Louisa_Cadamuro,0.89,85.0,81.1,159.84,163.86,-5.72,695088
ath-P-66855,Megumi Kamionobe,MEKA,Athlete,Football • Defender • 2015,Fjelstul World Cup Database,https://en.wikipedia.org/wiki/Megumi_Kamionobe,0.89,85.0,81.1,159.95,174.72,8.39,546116
ath-P-43209,Ronnie Hellström,ROHE,Athlete,Football • Goalkeeper • 1978,Fjelstul World Cup Database,https://en.wikipedia.org/wiki/Ronnie_Hellstr%C3%B6m,0.89,84.9,81.1,159.8,160.84,4.86,680881
ath-P-95374,Saeid Ezatolahi,SAEZ,Athlete,Football • Midfielder • 2022,Fjelstul World Cup Database,https://en.wikipedia.org/wiki/Saeid_Ezatolahi,0.89,84.9,81.1,159.75,167.57,-3.86,566368
ath-P-85696,Aleksandar Mitrović,ALMI,Athlete,Football • Forward • 2022,Fjelstul World Cup Database,https://en.wikipedia.org/wiki/Aleksandar_Mitrovi%C4%87,0.89,84.8,81.0,159.27,181.7,0.99,734468
ath-P-12298,Augustine Ejangue,AUE2,Athlete,Football • Defender • 2019,Fjelstul World Cup Database,https://en.wikipedia.org/wiki/Augustine_Ejangue,0.89,84.9,81.0,159.46,159.51,5.78,484865
ath-P-87492,Collette McCallum,COMC,Athlete,Football • Midfielder • 2011,Fjelstul World Cup Database,https://en.wikipedia.org/wiki/Collette_McCallum,0.89,84.8,81.0,159.34,166.72,5.18,623424
ath-P-43499,Halimatu Ayinde,HAAY,Athlete,Football • Midfielder • 2019,Fjelstul World Cup Database,https://en.wikipedia.org/wiki/Halimatu_Ayinde,0.89,84.9,81.0,159.6,150.3,-5.22,498101
ath-P-47440,Ja-cheol Koo,JAKO,Athlete,Football • Midfielder • 2018,Fjelstul World Cup Database,https://en.wikipedia.org/wiki/Koo_Ja-cheol,0.89,84.8,81.0,159.27,173.8,1.99,706118
ath-P-25456,Jan Ceulemans,JACE,Athlete,Football • Midfielder • 1990,Fjelstul World Cup Database,https://en.wikipedia.org/wiki/Jan_Ceulemans,0.89,84.8,81.0,159.39,177.43,-3.99,506762
ath-P-74071,Kyle Walker,KYWA,Athlete,Football • Defender • 2022,Fjelstul World Cup Database,https://en.wikipedia.org/wiki/Kyle_Walker,0.89,84.9,81.0,159.59,148.61,-7.35,519300
ath-P-81929,Luis Cubilla,LUCU,Athlete,Football • Forward • 1974,Fjelstul World Cup Database,https://en.wikipedia.org/wiki/Luis_Cubilla,0.89,84.9,81.0,159.48,150.2,-0.87,327722
ath-P-03367,Marc-André ter Stegen,MAST,Athlete,Football • Goalkeeper • 2022,Fjelstul World Cup Database,https://en.wikipedia.org/wiki/Marc-Andr%C3%A9_ter_Stegen,0.89,84.9,81.0,159.55,146.68,-3.21,647056
ath-P-97778,Ousmane Dembélé,OUDE,Athlete,Football • Forward • 2022,Fjelstul World Cup Database,https://en.wikipedia.org/wiki/Ousmane_Demb%C3%A9l%C3%A9,0.89,84.8,81.0,159.43,148.37,-4.51,586540
ath-P-32165,Piotr Zieliński,PIZI,Athlete,Football • Midfielder • 2022,Fjelstul World Cup Database,https://en.wikipedia.org/wiki/Piotr_Zieli%C5%84ski,0.89,84.9,81.0,159.48,157.4,-0.15,505852
ath-P-91195,Sandro Mazzola,SAMA,Athlete,Football • Forward • 1974,Fjelstul World Cup Database,https://en.wikipedia.org/wiki/Sandro_Mazzola,0.89,84.8,81.0,159.27,183.52,-0.07,567254
ath-P-34571,Yuika Sugasawa,YUSU,Athlete,Football • Forward • 2019,Fjelstul World Cup Database,https://en.wikipedia.org/wiki/Yuika_Sugasawa,0.89,84.8,81.0,159.32,155.7,-0.4,656928
ath-P-03652,Zbigniew Boniek,ZBBO,Athlete,Football • Forward • 1986,Fjelstul World Cup Database,https://en.wikipedia.org/wiki/Zbigniew_Boniek,0.89,84.8,81.0,159.45,164.05,9.08,440075
ath-P-86625,Aurélien Chedjou,AUCH,Athlete,Football • Defender • 2014,Fjelstul World Cup Database,https://en.wikipedia.org/wiki/Aur%C3%A9lien_Chedjou,0.89,84.7,80.9,159.08,157.89,-6.3,549658
ath-P-39788,Franco Armani,FRAR,Athlete,Football • Goalkeeper • 2022,Fjelstul World Cup Database,https://en.wikipedia.org/wiki/Franco_Armani,0.89,84.7,80.9,158.82,155.04,2.11,378096
ath-P-70715,Hakim Ziyech,HAZI,Athlete,Football • Midfielder • 2022,Fjelstul World Cup Database,https://en.wikipedia.org/wiki/Hakim_Ziyech,0.89,84.7,80.9,158.83,152.54,-5.31,700848
ath-P-82186,Julio César Cortés,JUCO,Athlete,Football • Midfielder • 1970,Fjelstul World Cup Database,https://en.wikipedia.org/wiki/Julio_C%C3%A9sar_Cort%C3%A9s,0.89,84.8,80.9,159.09,172.15,4.46,698811
ath-P-83968,Jürgen Kohler,JUKO,Athlete,Football • Defender • 1998,Fjelstul World Cup Database,https://en.wikipedia.org/wiki/J%C3%BCrgen_Kohler,0.89,84.7,80.9,158.96,149.38,-5.22,685238
ath-P-69383,Marek Kusto,MAKU,Athlete,Football • Forward • 1982,Fjelstul World Cup Database,https://en.wikipedia.org/wiki/Marek_Kusto,0.89,84.7,80.9,159.02,161.48,5.99,431333
ath-P-83642,Oribe Peralta,ORPE,Athlete,Football • Forward • 2018,Fjelstul World Cup Database,https://en.wikipedia.org/wiki/Oribe_Peralta,0.89,84.7,80.9,158.84,171.87,6.28,581058
ath-P-13285,David Seaman,DASE,Athlete,Football • Goalkeeper • 2002,Fjelstul World Cup Database,https://en.wikipedia.org/wiki/David_Seaman,0.89,84.6,80.8,158.52,169.76,-6.52,360713
ath-P-80170,Dennis Rommedahl,DERO,Athlete,Football • Midfielder • 2010,Fjelstul World Cup Database,https://en.wikipedia.org/wiki/Dennis_Rommedahl,0.89,84.7,80.8,158.73,154.54,-3.0,481405
ath-P-59856,Dimitar Penev,DIPE,Athlete,Football • Defender • 1974,Fjelstul World Cup Database,https://en.wikipedia.org/wiki/Dimitar_Penev,0.89,84.6,80.8,158.5,153.64,2.8,607176
ath-P-75169,Griedge Mbock Bathy,GRBA,Athlete,Football • Defender • 2019,Fjelstul World Cup Database,https://en.wikipedia.org/wiki/Griedge_Mbock_Bathy,0.89,84.6,80.8,158.64,179.68,6.34,690017
ath-P-09596,Gökhan Inler,GOIN,Athlete,Football • Midfielder • 2014,Fjelstul World Cup Database,https://en.wikipedia.org/wiki/G%C3%B6khan_Inler,0.89,84.6,80.8,158.69,157.81,2.27,710700
ath-P-65979,Ivan Rakitić,IVRA,Athlete,Football • Midfielder • 2018,Fjelstul World Cup Database,https://en.wikipedia.org/wiki/Ivan_Rakiti%C4%87,0.89,84.6,80.8,158.67,178.55,1.59,363850
ath-P-76594,Jade Moore,JAMO,Athlete,Football • Midfielder • 2019,Fjelstul World Cup Database,https://en.wikipedia.org/wiki/Jade_Moore,0.89,84.6,80.8,158.57,167.46,-5.87,570897
ath-P-25937,Kieran Trippier,KITR,Athlete,Football • Defender • 2022,Fjelstul World Cup Database,https://en.wikipedia.org/wiki/Kieran_Trippier,0.89,84.6,80.8,158.57,159.77,6.16,505852
ath-P-43002,Madeleine Ngono Mani,MAMA,Athlete,Football • Forward • 2019,Fjelstul World Cup Database,https://en.wikipedia.org/wiki/Madeleine_Ngono_Mani,0.89,84.6,80.8,158.71,165.45,-6.45,445158
ath-P-36687,Marco Fabián,MAFA,Athlete,Football • Forward • 2018,Fjelstul World Cup Database,https://en.wikipedia.org/wiki/Marco_Fabi%C3%A1n,0.89,84.6,80.8,158.56,178.46,-0.94,607386
ath-P-85324,Reza Ghoochannejhad,REGH,Athlete,Football • Forward • 2018,Fjelstul World Cup Database,https://en.wikipedia.org/wiki/Reza_Ghoochannejhad,0.89,84.6,80.8,158.58,183.0,-1.82,455999
ath-P-25958,Sonia Bompastor,SOBO,Athlete,Football • Midfielder • 2011,Fjelstul World Cup Database,https://en.wikipedia.org/wiki/Sonia_Bompastor,0.89,84.6,80.8,158.42,151.35,6.09,623424
ath-P-53843,Alex McLeish,ALMC,Athlete,Football • Defender • 1990,Fjelstul World Cup Database,https://en.wikipedia.org/wiki/Alex_McLeish,0.89,84.5,80.7,158.21,161.15,4.86,658630
ath-P-53833,Anouk Dekker,AND3,Athlete,Football • Defender • 2019,Fjelstul World Cup Database,https://en.wikipedia.org/wiki/Anouk_Dekker,0.89,84.4,80.7,157.95,158.72,-0.45,557661
ath-P-99499,Georges Grün,GEGR,Athlete,Football • Defender • 1994,Fjelstul World Cup Database,https://en.wikipedia.org/wiki/Georges_Gr%C3%BCn,0.89,84.5,80.7,158.05,159.24,5.51,539017
ath-P-30316,Joshua Kimmich,JOK2,Athlete,Football • Midfielder • 2022,Fjelstul World Cup Database,https://en.wikipedia.org/wiki/Joshua_Kimmich,0.89,84.5,80.7,158.24,163.25,-0.54,344476
ath-P-93788,Marco Tardelli,MATA,Athlete,Football • Midfielder • 1986,Fjelstul World Cup Database,https://en.wikipedia.org/wiki/Marco_Tardelli,0.89,84.5,80.7,158.18,142.39,-5.61,425906
ath-P-26798,Maurine,MAU2,Athlete,Football • Midfielder • 2015,Fjelstul World Cup Database,https://en.wikipedia.org/wiki/Maurine_Dorneles_Gon%C3%A7alves,0.89,84.5,80.7,158.22,152.79,2.35,565547
ath-P-61491,Srangthaisong Sunisa,SRSU,Athlete,Football • Defender • 2019,Fjelstul World Cup Database,https://en.wikipedia.org/wiki/Sunisa_Srangthaisong,0.89,84.5,80.7,158.12,172.99,-3.56,676782
ath-P-48783,Stéphane Mbia,STM3,Athlete,Football • Midfielder • 2014,Fjelstul World Cup Database,https://en.wikipedia.org/wiki/St%C3%A9phane_Mbia,0.89,84.5,80.7,158.27,152.32,-0.9,581866
ath-P-96979,Teófilo Cubillas,TECU,Athlete,Football • Forward • 1982,Fjelstul World Cup Database,https://en.wikipedia.org/wiki/Te%C3%B3filo_Cubillas,0.89,84.4,80.7,157.95,157.07,2.44,382761
ath-P-18580,Anatoliy Demyanenko,ANDE,Athlete,Football • Defender • 1990,Fjelstul World Cup Database,https://en.wikipedia.org/wiki/Anatoliy_Demyanenko,0.89,84.4,80.6,157.93,144.19,6.04,571848
ath-P-71071,Dani Carvajal,DACA,Athlete,Football • Defender • 2022,Fjelstul World Cup Database,https://en.wikipedia.org/wiki/Dani_Carvajal,0.89,84.3,80.6,157.57,150.36,-3.71,700848
ath-P-68128,Diana Ospina,DIOS,Athlete,Football • Forward • 2015,Fjelstul World Cup Database,https://en.wikipedia.org/wiki/Diana_Ospina_(footballer),0.89,84.4,80.6,157.9,167.14,2.06,461915
ath-P-85453,Dong-gook Lee,DOLE,Athlete,Football • Forward • 2010,Fjelstul World Cup Database,https://en.wikipedia.org/wiki/Lee_Dong-gook,0.89,84.4,80.6,157.74,161.57,-0.77,670488
ath-P-27479,Inka Grings,INGR,Athlete,Football • Forward • 2011,Fjelstul World Cup Database,https://en.wikipedia.org/wiki/Inka_Grings,0.89,84.4,80.6,157.71,154.54,-5.09,699477
ath-P-67898,Lisa-Marie Karlseng Utland,LIUT,Athlete,Football • Forward • 2019,Fjelstul World Cup Database,https://en.wikipedia.org/wiki/Lisa-Marie_Karlseng_Utland,0.89,84.4,80.6,157.9,170.8,6.66,564279
ath-P-23779,Lucy Bronze,LUBR,Athlete,Football • Defender • 2019,Fjelstul World Cup Database,https://en.wikipedia.org/wiki/Lucy_Bronze,0.89,84.4,80.6,157.78,173.99,8.52,643693
ath-P-31125,Maynor Figueroa,MAFI,Athlete,Football • Defender • 2014,Fjelstul World Cup Database,https://en.wikipedia.org/wiki/Maynor_Figueroa,0.89,84.4,80.6,157.67,162.36,6.06,678491
ath-P-69089,Michael Beauchamp,MIBE,Athlete,Football • Defender • 2010,Fjelstul World Cup Database,https://en.wikipedia.org/wiki/Michael_Beauchamp,0.89,84.4,80.6,157.69,144.94,0.63,683093
ath-P-28164,Steph Catley,STCA,Athlete,Football • Defender • 2019,Fjelstul World Cup Database,https://en.wikipedia.org/wiki/Steph_Catley,0.89,84.4,80.6,157.74,163.95,3.07,650310
ath-P-44005,Urruti,URRU,Athlete,Football • Goalkeeper • 1986,Fjelstul World Cup Database,https://en.wikipedia.org/wiki/Javier_Urruticoechea,0.89,84.4,80.6,157.63,163.37,-3.25,461329
ath-P-06338,Yannick Carrasco,YACA,Athlete,Football • Forward • 2022,Fjelstul World Cup Database,https://en.wikipedia.org/wiki/Yannick_Carrasco,0.89,84.3,80.6,157.55,148.8,2.35,317580
ath-P-48645,Alberto Gilardino,ALGI,Athlete,Football • Forward • 2010,Fjelstul World Cup Database,https://en.wikipedia.org/wiki/Alberto_Gilardino,0.89,84.3,80.5,157.46,172.05,1.97,582249
ath-P-32466,Dunga,DUNG,Athlete,Football • Midfielder • 1998,Fjelstul World Cup Database,https://en.wikipedia.org/wiki/Dunga,0.89,84.2,80.5,157.13,168.54,-2.17,353884
ath-P-46873,Jacek Bąk,JABA,Athlete,Football • Defender • 2006,Fjelstul World Cup Database,https://en.wikipedia.org/wiki/Jacek_B%C4%85k,0.89,84.2,80.5,157.11,165.32,1.71,526727
ath-P-57303,Mouez Hassen,MOHA,Athlete,Football • Goalkeeper • 2022,Fjelstul World Cup Database,https://en.wikipedia.org/wiki/Mouez_Hassen,0.89,84.2,80.5,157.2,159.17,5.93,586540
ath-P-11773,Raquel,RAQU,Athlete,Football • Forward • 2019,Fjelstul World Cup Database,https://en.wikipedia.org/wiki/Raquel_Fernandes,0.89,84.2,80.5,157.23,148.84,-4.23,365744
ath-P-21834,Svatopluk Pluskal,SVPL,Athlete,Football • Midfielder • 1962,Fjelstul World Cup Database,https://en.wikipedia.org/wiki/Svatopluk_Pluskal,0.89,84.2,80.5,157.13,177.21,-4.86,526243
ath-P-59388,Thomas Berthold,THBE,Athlete,Football • Defender • 1994,Fjelstul World Cup Database,https://en.wikipedia.org/wiki/Thomas_Berthold,0.89,84.2,80.5,157.2,161.38,-3.5,472592
ath-P-75727,Tiffany Roberts,TIRO,Athlete,Football • Midfielder • 2003,Fjelstul World Cup Database,https://en.wikipedia.org/wiki/Tiffany_Roberts,0.89,84.3,80.5,157.39,162.07,-3.96,679017
ath-P-32979,Verónica Pérez,VEPE,Athlete,Football • Forward • 2015,Fjelstul World Cup Database,https://en.wikipedia.org/wiki/Ver%C3%B3nica_P%C3%A9rez,0.89,84.2,80.5,157.17,167.16,6.94,584978
ath-P-78735,Walter Gargano,WAGA,Athlete,Football • Midfielder • 2014,Fjelstul World Cup Database,https://en.wikipedia.org/wiki/Walter_Gargano,0.89,84.3,80.5,157.33,161.43,5.0,678491
ath-P-16470,Adriana Leon,ADLE,Athlete,Football • Forward • 2019,Fjelstul World Cup Database,https://en.wikipedia.org/wiki/Adriana_Leon,0.89,84.2,80.4,156.99,167.94,-0.15,398833
ath-P-53773,Alaba Jonathan,ALJO,Athlete,Football • Goalkeeper • 2019,Fjelstul World Cup Database,https://en.wikipedia.org/wiki/Alaba_Jonathan,0.89,84.2,80.4,157.06,146.12,-6.64,676782
ath-P-42249,Aron Winter,ARWI,Athlete,Football • Midfielder • 1998,Fjelstul World Cup Database,https://en.wikipedia.org/wiki/Aron_Winter,0.89,84.1,80.4,156.82,165.18,5.31,353884
ath-P-84273,Dzsenifer Marozsán,DZMA,Athlete,Football • Midfielder • 2019,Fjelstul World Cup Database,https://en.wikipedia.org/wiki/Dzsenifer_Marozs%C3%A1n,0.89,84.2,80.4,157.07,169.94,8.32,597368
ath-P-05213,Ivana Andrés,IVAN,Athlete,Football • Defender • 2019,Fjelstul World Cup Database,https://en.wikipedia.org/wiki/Ivana_Andr%C3%A9s,0.89,84.2,80.4,156.9,153.7,1.47,372362
ath-P-68584,Kenny Dalglish,KEDA,Athlete,Football • Forward • 1982,Fjelstul World Cup Database,https://en.wikipedia.org/wiki/Kenny_Dalglish,0.89,84.1,80.4,156.8,147.84,-4.49,639500
ath-P-36400,Luke Shaw,LUSH,Athlete,Football • Defender • 2022,Fjelstul World Cup Database,https://en.wikipedia.org/wiki/Luke_Shaw,0.89,84.1,80.4,156.7,157.36,-1.72,546196
ath-P-79316,Matthew Amoah,MAAM,Athlete,Football • Forward • 2010,Fjelstul World Cup Database,https://en.wikipedia.org/wiki/Matthew_Amoah,0.89,84.2,80.4,157.06,153.34,8.65,412074
ath-P-62621,Willian,WILL,Athlete,Football • Midfielder • 2018,Fjelstul World Cup Database,"https://en.wikipedia.org/wiki/Willian_(footballer,_born_1988)",0.89,84.2,80.4,156.99,176.73,2.2,653461
ath-P-20998,Alireza Beiranvand,ALBE,Athlete,Football • Goalkeeper • 2022,Fjelstul World Cup Database,https://en.wikipedia.org/wiki/Alireza_Beiranvand,0.89,84.0,80.3,156.48,151.12,0.59,337752
ath-P-64050,Amandine Henry,AMHE,Athlete,Football • Midfielder • 2019,Fjelstul World Cup Database,https://en.wikipedia.org/wiki/Amandine_Henry,0.89,84.1,80.3,156.54,181.31,7.8,716489
ath-P-35930,Frederik Rønnow,FRRN,Athlete,Football • Goalkeeper • 2022,Fjelstul World Cup Database,https://en.wikipedia.org/wiki/Frederik_R%C3%B8nnow,0.89,84.1,80.3,156.6,173.98,4.86,458784
ath-P-21864,Jason Culina,JACU,Athlete,Football • Midfielder • 2010,Fjelstul World Cup Database,https://en.wikipedia.org/wiki/Jason_Culina,0.89,84.1,80.3,156.54,156.7,7.9,683093
ath-P-64443,Joe Hart,JOH2,Athlete,Football • Goalkeeper • 2014,Fjelstul World Cup Database,https://en.wikipedia.org/wiki/Joe_Hart,0.89,84.1,80.3,156.66,152.16,-5.26,710700
ath-P-12051,Sherida Spitse,SHSP,Athlete,Football • Midfielder • 2019,Fjelstul World Cup Database,https://en.wikipedia.org/wiki/Sherida_Spitse,0.89,84.1,80.3,156.54,145.23,4.03,498101
ath-P-23371,Yuya Osako,YUOS,Athlete,Football • Forward • 2018,Fjelstul World Cup Database,https://en.wikipedia.org/wiki/Yuya_Osako,0.89,84.1,80.3,156.55,171.0,-7.35,390178
ath-P-38981,Ali Maâloul,ALMA,Athlete,Football • Defender • 2022,Fjelstul World Cup Database,https://en.wikipedia.org/wiki/Ali_Ma%C3%A2loul,0.89,83.9,80.2,155.98,179.69,-4.21,512576
ath-P-20969,Andranik Teymourian,ANTE,Athlete,Football • Midfielder • 2014,Fjelstul World Cup Database,https://en.wikipedia.org/wiki/Andranik_Teymourian,0.89,83.9,80.2,155.88,164.33,9.47,465916
ath-P-43481,Arne Friedrich,ARFR,Athlete,Football • Defender • 2010,Fjelstul World Cup Database,https://en.wikipedia.org/wiki/Arne_Friedrich,0.89,83.9,80.2,155.97,153.49,8.24,506616
ath-P-41001,Arturo Vidal,ARVI,Athlete,Football • Midfielder • 2014,Fjelstul World Cup Database,https://en.wikipedia.org/wiki/Arturo_Vidal,0.89,83.9,80.2,156.11,165.62,-6.27,543216
ath-P-68671,Bebeto,BEBE,Athlete,Football • Forward • 1998,Fjelstul World Cup Database,https://en.wikipedia.org/wiki/Bebeto,0.89,84.0,80.2,156.23,160.4,-6.12,444253
ath-P-69695,Berti Vogts,BEVO,Athlete,Football • Defender • 1978,Fjelstul World Cup Database,https://en.wikipedia.org/wiki/Berti_Vogts,0.89,84.0,80.2,156.19,154.55,4.53,742033
ath-P-77946,Chor Charoenying Sukanya,CHSU,Athlete,Football • Goalkeeper • 2019,Fjelstul World Cup Database,https://en.wikipedia.org/wiki/Sukanya_Chor_Charoenying,0.89,83.9,80.2,155.94,156.0,-5.26,656928
ath-P-80376,Daniel Passarella,DAPA,Athlete,Football • Defender • 1986,Fjelstul World Cup Database,https://en.wikipedia.org/wiki/Daniel_Passarella,0.89,84.0,80.2,156.18,152.2,2.9,695120
ath-P-94551,Maicon,MAIC,Athlete,Football • Defender • 2014,Fjelstul World Cup Database,https://en.wikipedia.org/wiki/Maicon_Sisenando,0.89,83.9,80.2,156.01,149.28,9.12,568983
ath-P-15905,Majid Hosseini,MAHO,Athlete,Football • Defender • 2022,Fjelstul World Cup Database,https://en.wikipedia.org/wiki/Majid_Hosseini,0.89,83.9,80.2,156.03,139.75,-6.6,478956
ath-P-76060,Marquinhos,MARQ,Athlete,Football • Defender • 2022,Fjelstul World Cup Database,https://en.wikipedia.org/wiki/Marquinhos,0.89,83.9,80.2,155.89,149.71,9.42,539472
ath-P-68125,Rafael van der Vaart,RAV2,Athlete,Football • Midfielder • 2010,Fjelstul World Cup Database,https://en.wikipedia.org/wiki/Rafael_van_der_Vaart,0.89,83.9,80.2,156.01,173.1,6.31,519221
ath-P-49393,Seol-bin Jung,SEJU,Athlete,Football • Forward • 2019,Fjelstul World Cup Database,https://en.wikipedia.org/wiki/Jung_Seol-bin,0.89,84.0,80.2,156.27,155.11,-0.62,551043
ath-P-90721,Viktor Chanov,VICH,Athlete,Football • Goalkeeper • 1990,Fjelstul World Cup Database,https://en.wikipedia.org/wiki/Viktor_Chanov,0.89,84.0,80.2,156.15,151.23,0.23,521226
ath-P-60866,Waldir Peres,WAPE,Athlete,Football • Goalkeeper • 1982,Fjelstul World Cup Database,https://en.wikipedia.org/wiki/Waldir_Peres,0.89,83.9,80.2,156.12,147.33,7.11,681133
ath-P-95482,Branislav Ivanović,BRIV,Athlete,Football • Defender • 2018,Fjelstul World Cup Database,https://en.wikipedia.org/wiki/Branislav_Ivanovi%C4%87,0.89,83.9,80.1,155.78,153.43,7.01,436252
ath-P-18004,Cecilia Santiago,CESA,Athlete,Football • Goalkeeper • 2015,Fjelstul World Cup Database,https://en.wikipedia.org/wiki/Cecilia_Santiago,0.89,83.8,80.1,155.59,158.74,2.85,559070
ath-P-11675,Danny Vukovic,DAVU,Athlete,Football • Goalkeeper • 2022,Fjelstul World Cup Database,https://en.wikipedia.org/wiki/Danny_Vukovic,0.89,83.8,80.1,155.72,139.45,-6.77,552920
ath-P-01929,Erika Skarbø,ERSK,Athlete,Football • Goalkeeper • 2011,Fjelstul World Cup Database,https://en.wikipedia.org/wiki/Erika_Skarb%C3%B8,0.89,83.9,80.1,155.81,149.34,7.89,667788
ath-P-18928,Gaëlle Enganamouit,GAEN,Athlete,Football • Forward • 2019,Fjelstul World Cup Database,https://en.wikipedia.org/wiki/Ga%C3%ABlle_Enganamouit,0.89,83.9,80.1,155.83,157.42,-6.17,584132
ath-P-65631,Jorge Valdivia,JOVA,Athlete,Football • Midfielder • 2014,Fjelstul World Cup Database,https://en.wikipedia.org/wiki/Jorge_Valdivia,0.89,83.8,80.1,155.75,175.78,-1.98,581866
ath-P-96648,Kaylyn Kyle,KAKY,Athlete,Football • Midfielder • 2015,Fjelstul World Cup Database,https://en.wikipedia.org/wiki/Kaylyn_Kyle,0.89,83.8,80.1,155.52,153.97,4.4,636794
ath-P-35462,Poliana,POLI,Athlete,Football • Defender • 2019,Fjelstul World Cup Database,https://en.wikipedia.org/wiki/Poliana_(footballer),0.89,83.8,80.1,155.58,166.05,-5.17,623839
ath-P-68060,Remo Freuler,REFR,Athlete,Football • Midfielder • 2022,Fjelstul World Cup Database,https://en.wikipedia.org/wiki/Remo_Freuler,0.89,83.8,80.1,155.54,151.02,0.81,485680
ath-P-98486,Ricardo Osorio,RIOS,Athlete,Football • Defender • 2010,Fjelstul World Cup Database,https://en.wikipedia.org/wiki/Ricardo_Osorio,0.89,83.8,80.1,155.46,167.36,6.76,582249
ath-P-00549,Robert Lewandowski,ROLE,Athlete,Football • Forward • 2022,Fjelstul World Cup Database,https://en.wikipedia.org/wiki/Robert_Lewandowski,0.89,83.8,80.1,155.68,166.53,8.82,492404
ath-P-12946,Alyssa Naeher,ALNA,Athlete,Football • Goalkeeper • 2019,Fjelstul World Cup Database,https://en.wikipedia.org/wiki/Alyssa_Naeher,0.89,83.8,80.0,155.43,157.5,-2.17,431922
ath-P-58363,Andrija Živković,ANZI,Athlete,Football • Midfielder • 2022,Fjelstul World Cup Database,https://en.wikipedia.org/wiki/Andrija_%C5%BDivkovi%C4%87,0.89,83.8,80.0,155.42,176.66,0.49,714296
ath-P-59598,Asisat Oshoala,ASOS,Athlete,Football • Forward • 2019,Fjelstul World Cup Database,https://en.wikipedia.org/wiki/Asisat_Oshoala,0.89,83.7,80.0,155.34,172.29,-0.01,676782
ath-P-77430,Jairzinho,JAIR,Athlete,Football • Forward • 1974,Fjelstul World Cup Database,https://en.wikipedia.org/wiki/Jairzinho,0.89,83.7,80.0,155.1,144.96,4.83,700327
ath-P-89392,James Rodríguez,JARO,Athlete,Football • Midfielder • 2018,Fjelstul World Cup Database,https://en.wikipedia.org/wiki/James_Rodr%C3%ADguez,0.89,83.7,80.0,155.34,168.63,-7.25,699535
ath-P-59575,Jenny Bindon,JEBI,Athlete,Football • Goalkeeper • 2011,Fjelstul World Cup Database,https://en.wikipedia.org/wiki/Jenny_Bindon,0.89,83.7,80.0,155.23,161.6,-7.0,515682
ath-P-81947,Kevin Trapp,KETR,Athlete,Football • Goalkeeper • 2022,Fjelstul World Cup Database,https://en.wikipedia.org/wiki/Kevin_Trapp,0.89,83.7,80.0,155.24,167.86,6.84,445336
ath-P-11976,Mackenzie Arnold,MAAR,Athlete,Football • Goalkeeper • 2019,Fjelstul World Cup Database,https://en.wikipedia.org/wiki/Mackenzie_Arnold,0.89,83.8,80.0,155.43,153.47,3.47,465011
ath-P-16259,Silvia Meseguer,SIME,Athlete,Football • Midfielder • 2019,Fjelstul World Cup Database,https://en.wikipedia.org/wiki/Silvia_Meseguer,0.89,83.7,80.0,155.1,142.02,2.32,643693
ath-P-53282,Wataru Endo,WAEN,Athlete,Football • Midfielder • 2022,Fjelstul World Cup Database,https://en.wikipedia.org/wiki/Wataru_Endo,0.89,83.7,80.0,155.16,143.63,3.05,458784
ath-P-29031,Yoreli Rincón,YORI,Athlete,Football • Forward • 2015,Fjelstul World Cup Database,https://en.wikipedia.org/wiki/Yoreli_Rinc%C3%B3n,0.89,83.7,80.0,155.06,157.76,5.74,500777
ath-P-28651,Albert Shesternyov,ALSH,Athlete,Football • Midfielder • 1970,Fjelstul World Cup Database,https://en.wikipedia.org/wiki/Albert_Shesternyov,0.89,83.7,79.9,155.03,165.71,9.13,601124
ath-P-29454,Björn Nordqvist,BJNO,Athlete,Football • Midfielder • 1978,Fjelstul World Cup Database,https://en.wikipedia.org/wiki/Bj%C3%B6rn_Nordqvist,0.89,83.6,79.9,154.72,164.85,-0.97,334351
ath-P-94893,Dominique Bloodworth,DOBL,Athlete,Football • Defender • 2019,Fjelstul World Cup Database,https://en.wikipedia.org/wiki/Dominique_Janssen,0.89,83.6,79.9,154.79,155.43,0.94,471629
ath-P-90837,Jennifer Hermoso,JEHE,Athlete,Football • Forward • 2019,Fjelstul World Cup Database,https://en.wikipedia.org/wiki/Jennifer_Hermoso,0.89,83.6,79.9,155.0,175.07,-7.03,458394
ath-P-93750,Jonathan Mensah,JOME,Athlete,Football • Defender • 2014,Fjelstul World Cup Database,https://en.wikipedia.org/wiki/Jonathan_Mensah,0.89,83.6,79.9,154.82,138.72,-1.2,639841
ath-P-97621,Leni Larsen Kaurin,LEKA,Athlete,Football • Forward • 2011,Fjelstul World Cup Database,https://en.wikipedia.org/wiki/Leni_Larsen_Kaurin,0.89,83.5,79.9,154.63,162.86,1.04,699477
ath-P-59727,Miloš Degenek,MIDE,Athlete,Football • Defender • 2022,Fjelstul World Cup Database,https://en.wikipedia.org/wiki/Milo%C5%A1_Degenek,0.89,83.6,79.9,154.68,166.11,2.39,579816
ath-P-66369,Silje Vesterbekkmo,SIVE,Athlete,Football • Goalkeeper • 2015,Fjelstul World Cup Database,https://en.wikipedia.org/wiki/Silje_Vesterbekkmo,0.89,83.6,79.9,154.7,159.02,4.76,656226
ath-P-64954,Simone,SIMO,Athlete,Football • Forward • 2007,Fjelstul World Cup Database,https://en.wikipedia.org/wiki/Simone_Jatob%C3%A1,0.89,83.6,79.9,155.01,158.83,-2.91,653598
ath-P-39837,Annette Ngo Ndom,ANND,Athlete,Football • Goalkeeper • 2019,Fjelstul World Cup Database,https://en.wikipedia.org/wiki/Annette_Ngo_Ndom,0.89,83.5,79.8,154.37,163.97,-2.05,478247
ath-P-90842,Branco,BRAN,Athlete,Football • Defender • 1994,Fjelstul World Cup Database,https://en.wikipedia.org/wiki/Branco_(footballer),0.89,83.5,79.8,154.61,169.45,-6.57,605442
ath-P-44882,Bérangère Sapowicz,BES2,Athlete,Football • Goalkeeper • 2011,Fjelstul World Cup Database,https://en.wikipedia.org/wiki/B%C3%A9rang%C3%A8re_Sapowicz,0.89,83.5,79.8,154.47,158.01,8.62,572722
ath-P-21597,Grzegorz Lato,GRLA,Athlete,Football • Forward • 1982,Fjelstul World Cup Database,https://en.wikipedia.org/wiki/Grzegorz_Lato,0.89,83.5,79.8,154.6,149.57,-2.27,348066
ath-P-73255,Guillermo Franco,GUFR,Athlete,Football • Forward • 2010,Fjelstul World Cup Database,https://en.wikipedia.org/wiki/Guillermo_Franco,0.89,83.4,79.8,154.24,156.45,9.1,695699
ath-P-31765,Jordan Ayew,JOAY,Athlete,Football • Forward • 2022,Fjelstul World Cup Database,https://en.wikipedia.org/wiki/Jordan_Ayew,0.89,83.5,79.8,154.6,138.82,3.28,613436
ath-P-81599,Katrina Gorry,KAGO,Athlete,Football • Midfielder • 2019,Fjelstul World Cup Database,https://en.wikipedia.org/wiki/Katrina_Gorry,0.89,83.5,79.8,154.58,177.03,-1.17,683400
ath-P-92275,Maribel Domínguez,MADO,Athlete,Football • Forward • 2011,Fjelstul World Cup Database,https://en.wikipedia.org/wiki/Maribel_Dom%C3%ADnguez,0.89,83.5,79.8,154.56,153.59,-7.4,680463
ath-P-60541,Sergio Romero,SERO,Athlete,Football • Goalkeeper • 2014,Fjelstul World Cup Database,https://en.wikipedia.org/wiki/Sergio_Romero,0.89,83.5,79.8,154.45,160.25,1.37,672050
ath-P-21434,Tiago,TIAG,Athlete,Football • Midfielder • 2010,Fjelstul World Cup Database,https://en.wikipedia.org/wiki/Tiago_Mendes,0.89,83.5,79.8,154.4,160.28,0.91,531827
ath-P-69273,Ulunma Jerome,ULJE,Athlete,Football • Defender • 2011,Fjelstul World Cup Database,https://en.wikipedia.org/wiki/Ulunma_Jerome,0.89,83.5,79.8,154.41,156.84,-6.59,490331
ath-P-91486,Wayne Bridge,WABR,Athlete,Football • Defender • 2006,Fjelstul World Cup Database,https://en.wikipedia.org/wiki/Wayne_Bridge,0.89,83.5,79.8,154.38,171.51,1.47,415750
ath-P-64292,Woo-young Jung,WOJU,Athlete,Football • Midfielder • 2022,Fjelstul World Cup Database,https://en.wikipedia.org/wiki/Jung_Woo-young,0.89,83.5,79.8,154.51,161.26,1.06,620160
ath-P-89510,Amy Rodriguez,AMRO,Athlete,Football • Forward • 2015,Fjelstul World Cup Database,https://en.wikipedia.org/wiki/Amy_Rodriguez,0.89,83.4,79.7,154.08,143.93,-2.37,669180
ath-P-12381,Arkadiusz Milik,ARMI,Athlete,Football • Forward • 2022,Fjelstul World Cup Database,https://en.wikipedia.org/wiki/Arkadiusz_Milik,0.89,83.4,79.7,154.07,175.28,0.11,404992
ath-P-04964,Blaise Matuidi,BLMA,Athlete,Football • Midfielder • 2018,Fjelstul World Cup Database,https://en.wikipedia.org/wiki/Blaise_Matuidi,0.89,83.3,79.7,153.81,173.16,6.94,594222
ath-P-66908,Craig Moore,CRMO,Athlete,Football • Defender • 2010,Fjelstul World Cup Database,https://en.wikipedia.org/wiki/Craig_Moore,0.89,83.3,79.7,153.93,151.73,-5.92,475102
ath-P-25746,Daiane,DAIA,Athlete,Football • Defender • 2011,Fjelstul World Cup Database,"https://en.wikipedia.org/wiki/Daiane_Rodrigues_(footballer,_born_1983)",0.89,83.3,79.7,153.82,163.56,4.73,534695
ath-P-11879,Dylan Bronn,DYBR,Athlete,Football • Defender • 2022,Fjelstul World Cup Database,https://en.wikipedia.org/wiki/Dylan_Bronn,0.89,83.4,79.7,154.14,160.34,5.94,579816
ath-P-72864,Franz Beckenbauer,FRBE,Athlete,Football • Midfielder • 1974,Fjelstul World Cup Database,https://en.wikipedia.org/wiki/Franz_Beckenbauer,0.89,83.4,79.7,153.96,163.71,3.52,520678
ath-P-74941,Fred,FRED,Athlete,Football • Midfielder • 2022,Fjelstul World Cup Database,"https://en.wikipedia.org/wiki/Fred_(footballer,_born_1993)",0.89,83.4,79.7,154.06,165.39,1.67,465508
ath-P-24913,Lady Andrade,LAAN,Athlete,Football • Forward • 2015,Fjelstul World Cup Database,https://en.wikipedia.org/wiki/Lady_Andrade,0.89,83.4,79.7,153.99,165.02,1.61,708042
ath-P-69793,Naïm Sliti,NASL,Athlete,Football • Forward • 2022,Fjelstul World Cup Database,https://en.wikipedia.org/wiki/Na%C3%AFm_Sliti,0.89,83.4,79.7,154.03,162.28,7.27,640332
ath-P-20162,Peng Han,PEHA,Athlete,Football • Forward • 2019,Fjelstul World Cup Database,"https://en.wikipedia.org/wiki/Han_Peng_(footballer,_born_1989)",0.89,83.4,79.7,154.13,142.25,2.06,564279
ath-P-13594,Stefanie van der Gragt,STGR,Athlete,Football • Defender • 2019,Fjelstul World Cup Database,https://en.wikipedia.org/wiki/Stefanie_van_der_Gragt,0.89,83.3,79.7,153.82,171.0,-5.09,650310
ath-P-93951,William Kvist,WIKV,Athlete,Football • Midfielder • 2018,Fjelstul World Cup Database,https://en.wikipedia.org/wiki/William_Kvist,0.89,83.4,79.7,154.13,147.74,-6.52,594222
ath-P-97894,Willy Kernen,WIKE,Athlete,Football • Midfielder • 1962,Fjelstul World Cup Database,https://en.wikipedia.org/wiki/Willy_Kernen,0.89,83.4,79.7,154.14,165.04,5.4,551182
ath-P-98071,Abdul Kader Keïta,ABKE,Athlete,Football • Midfielder • 2010,Fjelstul World Cup Database,https://en.wikipedia.org/wiki/Abdul_Kader_Ke%C3%AFta,0.89,83.3,79.6,153.61,166.73,-4.58,519221
ath-P-94570,Amir Hossein Sadeghi,AMS2,Athlete,Football • Defender • 2014,Fjelstul World Cup Database,https://en.wikipedia.org/wiki/Amir_Hossein_Sadeghi,0.89,83.3,79.6,153.73,165.53,8.7,672050
ath-P-33390,Dušan Tadić,DUTA,Athlete,Football • Forward • 2022,Fjelstul World Cup Database,https://en.wikipedia.org/wiki/Du%C5%A1an_Tadi%C4%87,0.89,83.3,79.6,153.8,152.77,1.26,411716
ath-P-80738,Filip Kostić,FIKO,Athlete,Football • Midfielder • 2022,Fjelstul World Cup Database,https://en.wikipedia.org/wiki/Filip_Kosti%C4%87,0.89,83.3,79.6,153.69,160.19,-5.9,512576
ath-P-23665,Gloria Foriwa,GLFO,Athlete,Football • Forward • 2007,Fjelstul World Cup Database,https://en.wikipedia.org/wiki/Gloria_Foriwa,0.89,83.2,79.6,153.46,158.34,6.36,498599
ath-P-63778,Jesper Grønkjær,JEGR,Athlete,Football • Midfielder • 2010,Fjelstul World Cup Database,https://en.wikipedia.org/wiki/Jesper_Gr%C3%B8nkj%C3%A6r,0.89,83.3,79.6,153.73,157.42,4.13,531827
ath-P-28917,Madelaine Edlund,MAED,Athlete,Football • Forward • 2011,Fjelstul World Cup Database,https://en.wikipedia.org/wiki/Madelaine_Edlund,0.89,83.3,79.6,153.61,166.69,2.62,598073
ath-P-50326,Marcell Jansen,MAJA,Athlete,Football • Defender • 2010,Fjelstul World Cup Database,https://en.wikipedia.org/wiki/Marcell_Jansen,0.89,83.3,79.6,153.74,165.4,4.15,424680
ath-P-34782,Mauro Ramos,MARA,Athlete,Football • Defender • 1962,Fjelstul World Cup Database,https://en.wikipedia.org/wiki/Mauro_Ramos,0.89,83.3,79.6,153.68,156.71,6.09,594825
ath-P-28497,Miguel,MIGU,Athlete,Football • Defender • 2010,Fjelstul World Cup Database,https://en.wikipedia.org/wiki/Miguel_Monteiro,0.89,83.3,79.6,153.62,164.94,7.84,475102
ath-P-70528,Mónica Alvarado,MOA4,Athlete,Football • Midfielder • 2015,Fjelstul World Cup Database,https://en.wikipedia.org/wiki/M%C3%B3nica_Alvarado,0.89,83.2,79.6,153.49,164.3,-1.75,701565
ath-P-00137,Nataly Arias,NAAR,Athlete,Football • Defender • 2015,Fjelstul World Cup Database,https://en.wikipedia.org/wiki/Nataly_Arias,0.89,83.3,79.6,153.73,151.53,-5.71,345328
ath-P-18094,Nikola Žigić,NIZI,Athlete,Football • Forward • 2010,Fjelstul World Cup Database,https://en.wikipedia.org/wiki/Nikola_%C5%BDigi%C4%87,0.89,83.3,79.6,153.71,152.79,-4.89,569643
ath-P-21531,Alisson,ALIS,Athlete,Football • Goalkeeper • 2022,Fjelstul World Cup Database,https://en.wikipedia.org/wiki/Alisson,0.89,83.2,79.5,153.38,169.9,0.13,337752
ath-P-06520,Dinko Dermendzhiev,DIDE,Athlete,Football • Forward • 1970,Fjelstul World Cup Database,https://en.wikipedia.org/wiki/Dinko_Dermendzhiev,0.89,83.2,79.5,153.38,156.45,9.4,399236
ath-P-91838,Fabiana Vallejos,FAVA,Athlete,Football • Forward • 2007,Fjelstul World Cup Database,https://en.wikipedia.org/wiki/Fabiana_Vallejos,0.89,83.2,79.5,153.23,162.27,7.89,486199
ath-P-83450,Genevieve Ngo Mbeleck,GEMB,Athlete,Football • Midfielder • 2019,Fjelstul World Cup Database,https://en.wikipedia.org/wiki/Genevieve_Ngo_Mbeleck,0.89,83.1,79.5,153.08,173.62,-1.32,345891
ath-P-70560,Hassan Yebda,HAYE,Athlete,Football • Midfielder • 2014,Fjelstul World Cup Database,https://en.wikipedia.org/wiki/Hassan_Yebda,0.89,83.1,79.5,153.14,162.63,0.19,369291
ath-P-57382,Jodie Taylor,JOTA,Athlete,Football • Forward • 2019,Fjelstul World Cup Database,https://en.wikipedia.org/wiki/Jodie_Taylor,0.89,83.2,79.5,153.33,151.02,2.27,359126
ath-P-07453,Josip Drmić,JODR,Athlete,Football • Forward • 2018,Fjelstul World Cup Database,https://en.wikipedia.org/wiki/Josip_Drmi%C4%87,0.89,83.1,79.5,153.04,146.54,3.83,515237
ath-P-45212,Marcus Allbäck,MAAL,Athlete,Football • Forward • 2006,Fjelstul World Cup Database,https://en.wikipedia.org/wiki/Marcus_Allb%C3%A4ck,0.89,83.1,79.5,153.13,138.18,3.24,452742
ath-P-27540,Memphis Depay,MEDE,Athlete,Football • Forward • 2022,Fjelstul World Cup Database,https://en.wikipedia.org/wiki/Memphis_Depay,0.89,83.1,79.5,153.01,163.96,0.61,539472
ath-P-27744,Sergej Milinković-Savić,SEMI,Athlete,Football • Midfielder • 2022,Fjelstul World Cup Database,https://en.wikipedia.org/wiki/Sergej_Milinkovi%C4%87-Savi%C4%87,0.89,83.2,79.5,153.38,175.7,-4.48,586540
ath-P-99177,Abdullah Otayf,ABOT,Athlete,Football • Midfielder • 2022,Fjelstul World Cup Database,https://en.wikipedia.org/wiki/Abdullah_Otayf,0.89,83.0,79.4,152.68,143.5,4.41,478956
ath-P-81049,David Beckham,DAB2,Athlete,Football • Midfielder • 2006,Fjelstul World Cup Database,https://en.wikipedia.org/wiki/David_Beckham,0.89,83.1,79.4,152.88,153.88,-1.78,383282
ath-P-95273,DeAndre Yedlin,DEYE,Athlete,Football • Defender • 2022,Fjelstul World Cup Database,https://en.wikipedia.org/wiki/DeAndre_Yedlin,0.89,83.0,79.4,152.61,139.75,1.47,566368
ath-P-80668,Egidio Arévalo Ríos,EGRI,Athlete,Football • Midfielder • 2014,Fjelstul World Cup Database,https://en.wikipedia.org/wiki/Egidio_Ar%C3%A9valo_R%C3%ADos,0.89,83.0,79.4,152.78,158.16,9.07,581866
ath-P-50534,Jon Dahl Tomasson,JOTO,Athlete,Football • Forward • 2010,Fjelstul World Cup Database,https://en.wikipedia.org/wiki/Jon_Dahl_Tomasson,0.89,83.1,79.4,152.98,144.67,5.23,670488
ath-P-16489,Joo-ho Park,JOPA,Athlete,Football • Defender • 2018,Fjelstul World Cup Database,https://en.wikipedia.org/wiki/Park_Joo-ho,0.89,83.1,79.4,152.85,164.86,-2.56,600804
ath-P-35408,Karim Benzema,KABE,Athlete,Football • Forward • 2022,Fjelstul World Cup Database,https://en.wikipedia.org/wiki/Karim_Benzema,0.89,83.0,79.4,152.61,144.99,8.59,519300
ath-P-62033,Luka Jović,LUJO,Athlete,Football • Forward • 2022,Fjelstul World Cup Database,https://en.wikipedia.org/wiki/Luka_Jovi%C4%87,0.89,83.0,79.4,152.83,135.23,6.26,606712
ath-P-84312,Mathieu Valbuena,MAVA,Athlete,Football • Midfielder • 2014,Fjelstul World Cup Database,https://en.wikipedia.org/wiki/Mathieu_Valbuena,0.89,83.0,79.4,152.74,160.74,-6.59,620516
ath-P-46785,Matías Vecino,MAV2,Athlete,Football • Midfielder • 2022,Fjelstul World Cup Database,https://en.wikipedia.org/wiki/Mat%C3%ADas_Vecino,0.89,83.0,79.4,152.82,147.14,6.29,478956
ath-P-03719,Maxime Bossis,MABO,Athlete,Football • Defender • 1986,Fjelstul World Cup Database,https://en.wikipedia.org/wiki/Maxime_Bossis,0.89,83.0,79.4,152.81,140.06,-4.03,503836
ath-P-89070,Nick Pope,NIPO,Athlete,Football • Goalkeeper • 2022,Fjelstul World Cup Database,https://en.wikipedia.org/wiki/Nick_Pope_(footballer),0.89,83.0,79.4,152.77,157.16,8.85,532748
ath-P-28151,Paulo Dybala,PADY,Athlete,Football • Forward • 2022,Fjelstul World Cup Database,https://en.wikipedia.org/wiki/Paulo_Dybala,0.89,83.0,79.4,152.83,166.01,2.57,559644
ath-P-10830,Pierre Webó,PIWE,Athlete,Football • Forward • 2014,Fjelstul World Cup Database,https://en.wikipedia.org/wiki/Pierre_Web%C3%B3,0.89,83.0,79.4,152.69,146.92,0.33,356408
ath-P-90361,Roman Bürki,ROBU,Athlete,Football • Goalkeeper • 2018,Fjelstul World Cup Database,https://en.wikipedia.org/wiki/Roman_B%C3%BCrki,0.89,83.1,79.4,152.93,163.02,-0.52,534984
ath-P-30342,Shanice van de Sanden,SHSA,Athlete,Football • Forward • 2019,Fjelstul World Cup Database,https://en.wikipedia.org/wiki/Shanice_van_de_Sanden,0.89,83.0,79.4,152.79,173.43,-7.45,319419
ath-P-42540,Tarcisio Burgnich,TABU,Athlete,Football • Defender • 1974,Fjelstul World Cup Database,https://en.wikipedia.org/wiki/Tarcisio_Burgnich,0.89,83.1,79.4,152.87,164.03,-2.93,494063
ath-P-45457,Yasser Al-Shahrani,YAAL,Athlete,Football • Defender • 2022,Fjelstul World Cup Database,https://en.wikipedia.org/wiki/Yasser_Al-Shahrani,0.89,83.0,79.4,152.66,165.5,-3.93,653780
ath-P-90491,Yoshito Ōkubo,YOOK,Athlete,Football • Forward • 2014,Fjelstul World Cup Database,https://en.wikipedia.org/wiki/Yoshito_%C5%8Ckubo,0.89,83.1,79.4,152.92,161.84,5.93,453033
ath-P-39341,Antonio Rukavina,ANR2,Athlete,Football • Defender • 2018,Fjelstul World Cup Database,https://en.wikipedia.org/wiki/Antonio_Rukavina,0.89,82.9,79.3,152.19,159.1,-2.37,706118
ath-P-87745,Boonsing Waraporn,BOWA,Athlete,Football • Goalkeeper • 2019,Fjelstul World Cup Database,https://en.wikipedia.org/wiki/Waraporn_Boonsing,0.89,82.9,79.3,152.19,167.85,4.2,723107
ath-P-33611,CJ Bott,CJBO,Athlete,Football • Defender • 2019,Fjelstul World Cup Database,https://en.wikipedia.org/wiki/C._J._Bott,0.89,82.9,79.3,152.26,144.16,-0.85,359126
ath-P-99988,Dominik Livaković,DOLI,Athlete,Football • Goalkeeper • 2022,Fjelstul World Cup Database,https://en.wikipedia.org/wiki/Dominik_Livakovi%C4%87,0.89,82.9,79.3,152.39,167.98,-0.29,391544
ath-P-31755,Fabián Orellana,FAOR,Athlete,Football • Forward • 2014,Fjelstul World Cup Database,https://en.wikipedia.org/wiki/Fabi%C3%A1n_Orellana,0.89,83.0,79.3,152.49,140.62,0.88,652725
ath-P-54473,Fatmire Bajramaj,FAB2,Athlete,Football • Midfielder • 2011,Fjelstul World Cup Database,https://en.wikipedia.org/wiki/Fatmire_Alushi,0.89,82.9,79.3,152.45,171.24,-5.14,591735
ath-P-24905,Gabrielle Onguéné,GAON,Athlete,Football • Forward • 2019,Fjelstul World Cup Database,https://en.wikipedia.org/wiki/Gabrielle_Ongu%C3%A9n%C3%A9,0.89,83.0,79.3,152.5,158.01,7.46,339273
ath-P-42222,Guro Knutsen Mienna,GUMI,Athlete,Football • Forward • 2011,Fjelstul World Cup Database,https://en.wikipedia.org/wiki/Guro_Knutsen_Mienna,0.89,82.9,79.3,152.21,155.46,-5.76,680463
ath-P-53921,Intamee Silawan,INSI,Athlete,Football • Midfielder • 2019,Fjelstul World Cup Database,https://en.wikipedia.org/wiki/Silawan_Intamee,0.89,82.9,79.3,152.2,147.26,5.15,372362
ath-P-21116,Madjid Bougherra,MAB5,Athlete,Football • Defender • 2014,Fjelstul World Cup Database,https://en.wikipedia.org/wiki/Madjid_Bougherra,0.89,82.9,79.3,152.36,154.87,4.9,697816
ath-P-97258,Michael Bradley,MIBR,Athlete,Football • Midfielder • 2014,Fjelstul World Cup Database,https://en.wikipedia.org/wiki/Michael_Bradley_(soccer),0.89,82.9,79.3,152.17,148.81,1.66,626958
ath-P-13975,Michy Batshuayi,MIBA,Athlete,Football • Forward • 2022,Fjelstul World Cup Database,https://en.wikipedia.org/wiki/Michy_Batshuayi,0.89,83.0,79.3,152.5,172.72,-3.66,452060
ath-P-06356,Aleksandr Samedov,ALSA,Athlete,Football • Forward • 2018,Fjelstul World Cup Database,https://en.wikipedia.org/wiki/Aleksandr_Samedov,0.89,82.8,79.2,151.87,157.05,0.99,594222
ath-P-56574,Alicia Ferguson,ALFE,Athlete,Football • Forward • 2007,Fjelstul World Cup Database,https://en.wikipedia.org/wiki/Alicia_Ferguson,0.89,82.8,79.2,152.01,168.98,-1.28,641198
ath-P-44463,Ante Rebić,ANRE,Athlete,Football • Forward • 2018,Fjelstul World Cup Database,https://en.wikipedia.org/wiki/Ante_Rebi%C4%87,0.89,82.8,79.2,151.78,171.9,1.49,699535
ath-P-93922,Boniek García,BOGA,Athlete,Football • Midfielder • 2014,Fjelstul World Cup Database,https://en.wikipedia.org/wiki/Boniek_Garc%C3%ADa,0.89,82.9,79.2,152.16,161.61,-4.33,427266
ath-P-71461,Clarisa Huber,CLHU,Athlete,Football • Midfielder • 2007,Fjelstul World Cup Database,https://en.wikipedia.org/wiki/Clarisa_Huber,0.89,82.9,79.2,152.16,163.59,-7.33,641198
ath-P-92628,John Stones,JOST,Athlete,Football • Defender • 2022,Fjelstul World Cup Database,https://en.wikipedia.org/wiki/John_Stones,0.89,82.8,79.2,152.09,139.93,7.97,714296
ath-P-03183,Laure Boulleau,LABO,Athlete,Football • Defender • 2015,Fjelstul World Cup Database,https://en.wikipedia.org/wiki/Laure_Boulleau,0.89,82.9,79.2,152.13,147.59,0.54,494300
ath-P-84365,Marta Corredera,MAC2,Athlete,Football • Midfielder • 2019,Fjelstul World Cup Database,https://en.wikipedia.org/wiki/Marta_Corredera,0.89,82.9,79.2,152.15,145.82,7.71,524572
ath-P-29864,Morteza Pouraliganji,MOPO,Athlete,Football • Defender • 2022,Fjelstul World Cup Database,https://en.wikipedia.org/wiki/Morteza_Pouraliganji,0.89,82.8,79.2,152.0,162.88,-0.44,566368
ath-P-22126,Roman Wójcicki,ROWO,Athlete,Football • Defender • 1986,Fjelstul World Cup Database,https://en.wikipedia.org/wiki/Roman_W%C3%B3jcicki,0.89,82.8,79.2,152.04,163.74,-5.39,532174
ath-P-15347,Tatiana Ariza,TAAR,Athlete,Football • Forward • 2015,Fjelstul World Cup Database,https://en.wikipedia.org/wiki/Tatiana_Ariza,0.89,82.8,79.2,151.82,155.81,-5.56,345328
ath-P-47188,Vangelis Moras,VAMO,Athlete,Football • Defender • 2014,Fjelstul World Cup Database,https://en.wikipedia.org/wiki/Vangelis_Moras,0.89,82.8,79.2,151.96,168.21,0.31,620516
ath-P-15185,Wilson Palacios,WIPA,Athlete,Football • Midfielder • 2014,Fjelstul World Cup Database,https://en.wikipedia.org/wiki/Wilson_Palacios,0.89,82.8,79.2,151.77,170.66,-1.45,362850
ath-P-38788,Alex Greenwood,ALGR,Athlete,Football • Defender • 2019,Fjelstul World Cup Database,https://en.wikipedia.org/wiki/Alex_Greenwood,0.89,82.7,79.1,151.43,156.47,5.78,517954
ath-P-72635,Camille Abily,CAAB,Athlete,Football • Midfielder • 2015,Fjelstul World Cup Database,https://en.wikipedia.org/wiki/Camille_Abily,0.89,82.7,79.1,151.74,157.62,8.57,623840
ath-cur-ath-010,Carlos Alcaraz,CAAL,Athlete,Tennis,Curated prototype anchor,,0.78,87.3,79.1,151.57,173.5,-4.84,484381
ath-P-49805,Edu,EDUX,Athlete,Football • Forward • 1974,Fjelstul World Cup Database,https://en.wikipedia.org/wiki/Jonas_Eduardo_Am%C3%A9rico,0.89,82.7,79.1,151.58,154.25,8.09,673712
ath-P-77989,François Omam-Biyik,FROM,Athlete,Football • Forward • 1998,Fjelstul World Cup Database,https://en.wikipedia.org/wiki/Fran%C3%A7ois_Omam-Biyik,0.89,82.7,79.1,151.6,159.2,4.93,353884
ath-P-66124,Haiyan Wu,HAWU,Athlete,Football • Defender • 2019,Fjelstul World Cup Database,https://en.wikipedia.org/wiki/Wu_Haiyan,0.89,82.7,79.1,151.59,161.52,6.11,511336
ath-P-14499,Juan Fernando Quintero,JUQU,Athlete,Football • Midfielder • 2018,Fjelstul World Cup Database,https://en.wikipedia.org/wiki/Juan_Fernando_Quintero,0.89,82.7,79.1,151.51,168.29,9.1,541566
ath-P-85744,Maria Thorisdottir,MATH,Athlete,Football • Defender • 2019,Fjelstul World Cup Database,https://en.wikipedia.org/wiki/Maria_Thorisdottir,0.89,82.7,79.1,151.53,151.15,9.08,696635
ath-P-15637,Nery Pumpido,NEPU,Athlete,Football • Goalkeeper • 1990,Fjelstul World Cup Database,https://en.wikipedia.org/wiki/Nery_Pumpido,0.89,82.7,79.1,151.66,143.64,-2.98,745411
ath-P-79763,Sergei Ignashevich,SEIG,Athlete,Football • Defender • 2018,Fjelstul World Cup Database,https://en.wikipedia.org/wiki/Sergei_Ignashevich,0.89,82.7,79.1,151.7,161.6,-2.86,495491
ath-cur-ath-003,Shohei Ohtani,SHOH,Athlete,Baseball,Curated prototype anchor,,0.78,87.2,79.1,151.37,173.89,2.24,511947
ath-P-32279,Simão,SIMA,Athlete,Football • Forward • 2010,Fjelstul World Cup Database,https://en.wikipedia.org/wiki/Sim%C3%A3o_Sabrosa,0.89,82.7,79.1,151.69,166.29,1.31,487707
ath-P-55416,Sol Bamba,SOBA,Athlete,Football • Defender • 2014,Fjelstul World Cup Database,https://en.wikipedia.org/wiki/Sol_Bamba,0.89,82.7,79.1,151.43,151.4,-1.17,652725
ath-P-59795,Verena Schweers,VESC,Athlete,Football • Defender • 2019,Fjelstul World Cup Database,https://en.wikipedia.org/wiki/Verena_Schweers,0.89,82.7,79.1,151.7,159.69,-5.46,670164
ath-P-18923,Andreas Christensen,ANC3,Athlete,Football • Defender • 2022,Fjelstul World Cup Database,https://en.wikipedia.org/wiki/Andreas_Christensen,0.89,82.6,79.0,151.28,166.33,-5.9,552920
ath-P-58476,Brad Guzan,BRGU,Athlete,Football • Goalkeeper • 2014,Fjelstul World Cup Database,https://en.wikipedia.org/wiki/Brad_Guzan,0.89,82.6,79.0,151.16,141.3,5.31,369291
ath-P-21070,Daniel Van Buyten,DABU,Athlete,Football • Defender • 2014,Fjelstul World Cup Database,https://en.wikipedia.org/wiki/Daniel_Van_Buyten,0.89,82.6,79.0,151.14,157.03,6.72,491683
ath-P-41027,Hotaru Yamaguchi,HOYA,Athlete,Football • Midfielder • 2018,Fjelstul World Cup Database,https://en.wikipedia.org/wiki/Hotaru_Yamaguchi,0.89,82.6,79.0,151.35,161.2,7.24,541566
ath-P-58271,Hye-ri Kim,HYKI,Athlete,Football • Defender • 2019,Fjelstul World Cup Database,https://en.wikipedia.org/wiki/Kim_Hye-ri_(footballer),0.89,82.6,79.0,151.31,169.25,0.81,570897
ath-P-81643,Jared Borgetti,JABO,Athlete,Football • Forward • 2006,Fjelstul World Cup Database,https://en.wikipedia.org/wiki/Jared_Borgetti,0.89,82.6,79.0,151.29,153.02,1.92,514396
ath-P-59901,Javad Nekounam,JANE,Athlete,Football • Midfielder • 2014,Fjelstul World Cup Database,https://en.wikipedia.org/wiki/Javad_Nekounam,0.89,82.6,79.0,151.11,149.37,3.62,465916
ath-P-60374,Laura Alleway,LAAL,Athlete,Football • Defender • 2015,Fjelstul World Cup Database,https://en.wikipedia.org/wiki/Laura_Brock,0.89,82.6,79.0,151.32,150.47,6.77,539639
ath-P-33618,Lorenzo Staelens,LOST,Athlete,Football • Midfielder • 1998,Fjelstul World Cup Database,https://en.wikipedia.org/wiki/Lorenzo_Staelens,0.89,82.6,79.0,151.29,141.38,6.44,353884
ath-P-25745,Mario Mandžukić,MAM2,Athlete,Football • Forward • 2018,Fjelstul World Cup Database,https://en.wikipedia.org/wiki/Mario_Mand%C5%BEuki%C4%87,0.89,82.6,79.0,151.14,176.12,3.52,594222
ath-P-70671,Maxi Gómez,MAGO,Athlete,Football • Forward • 2022,Fjelstul World Cup Database,https://en.wikipedia.org/wiki/Maxi_G%C3%B3mez,0.89,82.6,79.0,151.14,169.07,-5.85,626884
ath-P-79593,Nahomi Kawasumi,NAKA,Athlete,Football • Midfielder • 2015,Fjelstul World Cup Database,https://en.wikipedia.org/wiki/Nahomi_Kawasumi,0.89,82.5,79.0,151.0,135.12,-3.36,455438
ath-P-88896,Patrick Pemberton,PAPE,Athlete,Football • Goalkeeper • 2018,Fjelstul World Cup Database,https://en.wikipedia.org/wiki/Patrick_Pemberton,0.89,82.6,79.0,151.22,164.1,2.04,679789
ath-P-74624,Sally Shipard,SASH,Athlete,Football • Midfielder • 2011,Fjelstul World Cup Database,https://en.wikipedia.org/wiki/Sally_Shipard,0.89,82.6,79.0,151.18,167.8,-4.86,407940
ath-P-62964,Thaisa,THAI,Athlete,Football • Midfielder • 2019,Fjelstul World Cup Database,https://en.wikipedia.org/wiki/Thaisa,0.89,82.6,79.0,151.28,144.02,6.28,703253
ath-P-22930,Thomas Meunier,THME,Athlete,Football • Midfielder • 2022,Fjelstul World Cup Database,https://en.wikipedia.org/wiki/Thomas_Meunier,0.89,82.6,79.0,151.14,165.29,3.73,633608
ath-P-65568,Virginia Torrecilla,VITO,Athlete,Football • Midfielder • 2019,Fjelstul World Cup Database,https://en.wikipedia.org/wiki/Virginia_Torrecilla,0.89,82.6,79.0,151.24,143.71,-3.36,385598
ath-P-80017,Ysis Sonkeng,YSSO,Athlete,Football • Defender • 2019,Fjelstul World Cup Database,https://en.wikipedia.org/wiki/Ysis_Sonkeng,0.89,82.6,79.0,151.03,150.25,-7.32,372362
ath-P-84176,Ayumi Kaihori,AYKA,Athlete,Football • Goalkeeper • 2015,Fjelstul World Cup Database,https://en.wikipedia.org/wiki/Ayumi_Kaihori,0.89,82.4,78.9,150.65,140.56,5.51,708042
ath-P-51118,Aziz Behich,AZBE,Athlete,Football • Defender • 2022,Fjelstul World Cup Database,https://en.wikipedia.org/wiki/Aziz_Behich,0.89,82.4,78.9,150.64,152.82,1.79,357924
ath-P-22573,Christine Manie,CHMA,Athlete,Football • Defender • 2019,Fjelstul World Cup Database,https://en.wikipedia.org/wiki/Christine_Manie,0.89,82.5,78.9,150.72,167.61,-2.93,643693
ath-P-40778,Eun-sun Park,EUPA,Athlete,Football • Forward • 2015,Fjelstul World Cup Database,https://en.wikipedia.org/wiki/Park_Eun-sun_(footballer),0.89,82.4,78.9,150.59,167.5,5.68,345328
ath-P-06224,Fabiana,FABI,Athlete,Football • Forward • 2015,Fjelstul World Cup Database,https://en.wikipedia.org/wiki/Fabiana_da_Silva_Sim%C3%B5es,0.89,82.4,78.9,150.64,150.12,1.17,572024
ath-P-02465,Harry Maguire,HAM2,Athlete,Football • Defender • 2022,Fjelstul World Cup Database,https://en.wikipedia.org/wiki/Harry_Maguire,0.89,82.5,78.9,150.71,152.53,4.05,317580
ath-P-89089,Jiahui Lou,JILO,Athlete,Football • Midfielder • 2019,Fjelstul World Cup Database,https://en.wikipedia.org/wiki/Lou_Jiahui,0.89,82.5,78.9,150.67,168.73,-0.65,537807
ath-P-29677,Josefine Öqvist,JOOQ,Athlete,Football • Forward • 2011,Fjelstul World Cup Database,https://en.wikipedia.org/wiki/Josefine_%C3%96qvist,0.89,82.5,78.9,150.87,146.57,-5.94,553708
ath-P-79409,Leon Goretzka,LEG2,Athlete,Football • Midfielder • 2022,Fjelstul World Cup Database,https://en.wikipedia.org/wiki/Leon_Goretzka,0.89,82.4,78.9,150.57,158.92,3.97,344476
ath-P-92673,Marcus Hahnemann,MAH2,Athlete,Football • Goalkeeper • 2010,Fjelstul World Cup Database,https://en.wikipedia.org/wiki/Marcus_Hahnemann,0.89,82.5,78.9,150.74,154.52,-4.87,582249
ath-P-09704,Reto Ziegler,REZI,Athlete,Football • Defender • 2014,Fjelstul World Cup Database,https://en.wikipedia.org/wiki/Reto_Ziegler,0.89,82.4,78.9,150.64,166.75,-2.73,530333
ath-P-58791,Rodrigo Bentancur,ROBE,Athlete,Football • Midfielder • 2022,Fjelstul World Cup Database,https://en.wikipedia.org/wiki/Rodrigo_Bentancur,0.89,82.5,78.9,150.77,137.68,-2.8,505852
ath-P-36964,Shinji Kagawa,SHKA,Athlete,Football • Midfielder • 2018,Fjelstul World Cup Database,https://en.wikipedia.org/wiki/Shinji_Kagawa,0.89,82.5,78.9,150.69,158.59,4.51,324357
ath-P-42223,Wahbi Khazri,WAKH,Athlete,Football • Forward • 2022,Fjelstul World Cup Database,https://en.wikipedia.org/wiki/Wahbi_Khazri,0.89,82.5,78.9,150.72,152.77,9.12,458784
ath-P-36793,Claudine Meffometou,CLME,Athlete,Football • Defender • 2019,Fjelstul World Cup Database,https://en.wikipedia.org/wiki/Claudine_Meffometou,0.89,82.4,78.8,150.53,146.99,2.3,590750
ath-P-26403,Céline Deville,CEDE,Athlete,Football • Goalkeeper • 2015,Fjelstul World Cup Database,https://en.wikipedia.org/wiki/C%C3%A9line_Deville,0.89,82.3,78.8,150.25,168.96,2.39,597932
ath-P-70845,Daniëlle van de Donk,DADO,Athlete,Football • Midfielder • 2019,Fjelstul World Cup Database,https://en.wikipedia.org/wiki/Dani%C3%ABlle_van_de_Donk,0.89,82.3,78.8,150.22,165.54,4.13,630457
ath-P-07056,Gilmar,GILM,Athlete,Football • Goalkeeper • 1966,Fjelstul World Cup Database,https://en.wikipedia.org/wiki/Gylmar_dos_Santos_Neves,0.89,82.3,78.8,150.28,147.44,1.84,429233
ath-P-14428,Hugo Almeida,HUAL,Athlete,Football • Forward • 2014,Fjelstul World Cup Database,https://en.wikipedia.org/wiki/Hugo_Almeida,0.89,82.3,78.8,150.17,152.43,4.1,324200
ath-P-66316,Kevin-Prince Boateng,KEBO,Athlete,Football • Forward • 2014,Fjelstul World Cup Database,https://en.wikipedia.org/wiki/Kevin-Prince_Boateng,0.89,82.3,78.8,150.25,135.49,-3.54,362850
ath-P-88715,Koen Casteels,KOCA,Athlete,Football • Goalkeeper • 2022,Fjelstul World Cup Database,https://en.wikipedia.org/wiki/Koen_Casteels,0.89,82.4,78.8,150.44,165.94,-6.97,532748
ath-P-59837,Marcus Rashford,MAR4,Athlete,Football • Forward • 2022,Fjelstul World Cup Database,https://en.wikipedia.org/wiki/Marcus_Rashford,0.89,82.4,78.8,150.33,175.09,-3.23,633608
ath-P-85579,Martin Braithwaite,MAB4,Athlete,Football • Forward • 2022,Fjelstul World Cup Database,https://en.wikipedia.org/wiki/Martin_Braithwaite,0.89,82.4,78.8,150.4,145.88,-4.53,452060
ath-P-63236,Merel van Dongen,MEDO,Athlete,Football • Defender • 2019,Fjelstul World Cup Database,https://en.wikipedia.org/wiki/Merel_van_Dongen,0.89,82.4,78.8,150.34,136.17,5.99,491483
ath-P-53255,Raúl Cárdenas,RACA,Athlete,Football • Midfielder • 1962,Fjelstul World Cup Database,https://en.wikipedia.org/wiki/Ra%C3%BAl_C%C3%A1rdenas,0.89,82.3,78.8,150.15,164.86,-4.96,619764
ath-P-92848,Salvador Reyes,SARE,Athlete,Football • Forward • 1966,Fjelstul World Cup Database,https://en.wikipedia.org/wiki/Salvador_Reyes_Monte%C3%B3n,0.89,82.4,78.8,150.48,166.67,6.18,397369
ath-P-12977,Sarah Bouhaddi,SABO,Athlete,Football • Goalkeeper • 2019,Fjelstul World Cup Database,https://en.wikipedia.org/wiki/Sarah_Bouhaddi,0.89,82.3,78.8,150.26,134.17,8.14,524572
ath-P-40014,Shanshan Wang,SHWA,Athlete,Football • Forward • 2019,Fjelstul World Cup Database,https://en.wikipedia.org/wiki/Wang_Shanshan,0.89,82.4,78.8,150.31,153.67,-1.37,438540
ath-P-66906,Shūichi Gonda,SHGO,Athlete,Football • Goalkeeper • 2022,Fjelstul World Cup Database,https://en.wikipedia.org/wiki/Sh%C5%ABichi_Gonda,0.89,82.3,78.8,150.2,149.15,3.27,667228
ath-P-18602,Tayla,TAYL,Athlete,Football • Defender • 2019,Fjelstul World Cup Database,https://en.wikipedia.org/wiki/Tayla_(footballer),0.89,82.4,78.8,150.41,157.32,-0.72,610604
ath-P-96810,Toni Duggan,TODU,Athlete,Football • Forward • 2019,Fjelstul World Cup Database,https://en.wikipedia.org/wiki/Toni_Duggan,0.89,82.4,78.8,150.36,158.85,-0.9,723107
ath-P-77426,Willi Schulz,WISC,Athlete,Football • Defender • 1970,Fjelstul World Cup Database,https://en.wikipedia.org/wiki/Willi_Schulz,0.89,82.4,78.8,150.37,154.33,-4.14,464361
ath-P-88869,Ahmed Reda Tagnaouti,AHTA,Athlete,Football • Goalkeeper • 2022,Fjelstul World Cup Database,https://en.wikipedia.org/wiki/Ahmed_Reda_Tagnaouti,0.89,82.3,78.7,149.95,144.43,-2.46,741192
ath-P-10740,Bryan Oviedo,BROV,Athlete,Football • Defender • 2022,Fjelstul World Cup Database,https://en.wikipedia.org/wiki/Bryan_Oviedo,0.89,82.2,78.7,149.74,155.55,7.94,364648
ath-P-35919,Claire Rafferty,CLRA,Athlete,Football • Defender • 2015,Fjelstul World Cup Database,https://en.wikipedia.org/wiki/Claire_Rafferty,0.89,82.2,78.7,149.93,159.53,-3.86,623840
ath-P-91562,Graeme Souness,GRSO,Athlete,Football • Midfielder • 1986,Fjelstul World Cup Database,https://en.wikipedia.org/wiki/Graeme_Souness,0.89,82.2,78.7,149.87,143.36,6.01,425906
ath-P-07475,Jozy Altidore,JOA2,Athlete,Football • Forward • 2014,Fjelstul World Cup Database,https://en.wikipedia.org/wiki/Jozy_Altidore,0.89,82.3,78.7,150.09,160.77,-2.12,536775
ath-P-59574,Karl-Heinz Rummenigge,KARU,Athlete,Football • Forward • 1986,Fjelstul World Cup Database,https://en.wikipedia.org/wiki/Karl-Heinz_Rummenigge,0.89,82.3,78.7,149.97,138.91,7.77,603020
ath-P-98538,Lianne Sanderson,LISA,Athlete,Football • Forward • 2015,Fjelstul World Cup Database,https://en.wikipedia.org/wiki/Lianne_Sanderson,0.89,82.2,78.7,149.84,159.02,7.47,332374
ath-P-03700,Mónica Ocampo,MOOC,Athlete,Football • Forward • 2015,Fjelstul World Cup Database,https://en.wikipedia.org/wiki/M%C3%B3nica_Ocampo,0.89,82.2,78.7,149.95,154.54,-4.18,455438
ath-P-92991,Natalia Gaitán,NAGA,Athlete,Football • Midfielder • 2015,Fjelstul World Cup Database,https://en.wikipedia.org/wiki/Natalia_Gait%C3%A1n,0.89,82.2,78.7,149.94,175.38,-6.07,474869
ath-P-00585,Omar Al-Ghamdi,OMAL,Athlete,Football • Midfielder • 2006,Fjelstul World Cup Database,https://en.wikipedia.org/wiki/Omar_Al-Ghamdi,0.89,82.2,78.7,149.89,145.88,7.9,539058
ath-P-79080,Oscar Ruggeri,OSRU,Athlete,Football • Defender • 1994,Fjelstul World Cup Database,https://en.wikipedia.org/wiki/Oscar_Ruggeri,0.89,82.3,78.7,150.05,168.13,-6.62,561159
ath-P-31976,Salomon Kalou,SAKA,Athlete,Football • Forward • 2014,Fjelstul World Cup Database,https://en.wikipedia.org/wiki/Salomon_Kalou,0.89,82.2,78.7,149.77,143.45,-5.76,639841
ath-P-31668,Sidney Govou,SIGO,Athlete,Football • Forward • 2010,Fjelstul World Cup Database,https://en.wikipedia.org/wiki/Sidney_Govou,0.89,82.3,78.7,150.07,134.59,-2.13,626368
ath-P-57615,Thomas Delaney,THDE,Athlete,Football • Midfielder • 2022,Fjelstul World Cup Database,https://en.wikipedia.org/wiki/Thomas_Delaney,0.89,82.3,78.7,150.0,150.24,2.39,505852
ath-P-26900,Victor Moses,VIMO,Athlete,Football • Forward • 2018,Fjelstul World Cup Database,https://en.wikipedia.org/wiki/Victor_Moses,0.89,82.2,78.7,149.9,154.85,-0.35,449417
ath-P-95269,Vincent Kompany,VIKO,Athlete,Football • Defender • 2018,Fjelstul World Cup Database,https://en.wikipedia.org/wiki/Vincent_Kompany,0.89,82.2,78.7,149.82,165.88,-7.28,712700
ath-P-12327,William Martínez,WIMA,Athlete,Football • Defender • 1962,Fjelstul World Cup Database,https://en.wikipedia.org/wiki/William_Mart%C3%ADnez,0.89,82.2,78.7,149.91,143.85,2.82,613529
ath-P-51786,Yuri Zhirkov,YUZH,Athlete,Football • Midfielder • 2018,Fjelstul World Cup Database,https://en.wikipedia.org/wiki/Yuri_Zhirkov,0.89,82.2,78.7,149.77,171.08,-7.48,423088
ath-P-82525,Zito,ZITO,Athlete,Football • Midfielder • 1966,Fjelstul World Cup Database,https://en.wikipedia.org/wiki/Zito_(footballer),0.89,82.3,78.7,150.02,169.94,2.19,435606
ath-P-49265,Antonio Valencia,ANVA,Athlete,Football • Midfielder • 2014,Fjelstul World Cup Database,https://en.wikipedia.org/wiki/Antonio_Valencia,0.89,82.2,78.6,149.6,150.39,9.4,691375
ath-P-41671,Carlos Carmona,CAC2,Athlete,Football • Midfielder • 2014,Fjelstul World Cup Database,https://en.wikipedia.org/wiki/Carlos_Carmona,0.89,82.1,78.6,149.48,133.88,-1.97,607633
ath-P-91889,Chul Hong,CHH2,Athlete,Football • Defender • 2022,Fjelstul World Cup Database,https://en.wikipedia.org/wiki/Hong_Chul,0.89,82.2,78.6,149.59,144.48,-7.08,458784
ath-P-25428,Danijel Subašić,DAS3,Athlete,Football • Goalkeeper • 2018,Fjelstul World Cup Database,https://en.wikipedia.org/wiki/Danijel_Suba%C5%A1i%C4%87,0.89,82.2,78.6,149.71,153.46,-1.14,363850
ath-P-09925,Ingrid Vidal,INVI,Athlete,Football • Forward • 2015,Fjelstul World Cup Database,https://en.wikipedia.org/wiki/Ingrid_Vidal,0.89,82.2,78.6,149.7,164.56,3.53,390667
ath-P-93920,Jae-sung Lee,JALE,Athlete,Football • Midfielder • 2022,Fjelstul World Cup Database,"https://en.wikipedia.org/wiki/Lee_Jae-sung_(footballer,_born_1992)",0.89,82.1,78.6,149.4,145.37,7.19,741192
ath-P-09202,Josephine Chukwunonye,JOC4,Athlete,Football • Defender • 2015,Fjelstul World Cup Database,https://en.wikipedia.org/wiki/Josephine_Chukwunonye,0.89,82.2,78.6,149.71,159.15,5.31,364759
ath-P-47321,Kalidou Koulibaly,KAKO,Athlete,Football • Defender • 2022,Fjelstul World Cup Database,https://en.wikipedia.org/wiki/Kalidou_Koulibaly,0.89,82.1,78.6,149.36,148.33,-3.58,566368
ath-P-20854,Kara Lang,KALA,Athlete,Football • Forward • 2007,Fjelstul World Cup Database,https://en.wikipedia.org/wiki/Kara_Lang,0.89,82.1,78.6,149.44,147.79,3.33,517198
ath-P-73084,Katie Chapman,KACH,Athlete,Football • Midfielder • 2015,Fjelstul World Cup Database,https://en.wikipedia.org/wiki/Katie_Chapman,0.89,82.1,78.6,149.43,141.76,-2.95,695088
ath-P-69700,Mark van Bommel,MAB6,Athlete,Football • Midfielder • 2010,Fjelstul World Cup Database,https://en.wikipedia.org/wiki/Mark_van_Bommel,0.89,82.1,78.6,149.55,142.65,-2.98,437285
ath-P-96028,Morgan Brian,MOBR,Athlete,Football • Midfielder • 2019,Fjelstul World Cup Database,https://en.wikipedia.org/wiki/Morgan_Gautrat,0.89,82.1,78.6,149.48,155.93,4.05,630457
ath-P-35173,Nicolás Tagliafico,NITA,Athlete,Football • Defender • 2022,Fjelstul World Cup Database,https://en.wikipedia.org/wiki/Nicol%C3%A1s_Tagliafico,0.89,82.1,78.6,149.57,165.65,-4.76,418440
ath-P-23272,Pejman Montazeri,PEMO,Athlete,Football • Defender • 2018,Fjelstul World Cup Database,https://en.wikipedia.org/wiki/Pejman_Montazeri,0.89,82.1,78.6,149.46,152.29,-0.06,548148
ath-P-53060,Roger Espinoza,ROES,Athlete,Football • Forward • 2014,Fjelstul World Cup Database,https://en.wikipedia.org/wiki/Roger_Espinoza,0.89,82.1,78.6,149.33,161.03,3.3,536775
ath-P-01505,Santiago Arias,SAAR,Athlete,Football • Defender • 2018,Fjelstul World Cup Database,https://en.wikipedia.org/wiki/Santiago_Arias,0.89,82.2,78.6,149.66,157.61,2.64,429670
ath-P-92866,Thomas Vermaelen,THVE,Athlete,Football • Defender • 2018,Fjelstul World Cup Database,https://en.wikipedia.org/wiki/Thomas_Vermaelen,0.89,82.2,78.6,149.7,170.8,-1.48,429670
ath-P-95839,Ursula Holl,URHO,Athlete,Football • Goalkeeper • 2011,Fjelstul World Cup Database,https://en.wikipedia.org/wiki/Ursula_Holl,0.89,82.1,78.6,149.41,161.66,4.18,560046
ath-P-08896,İlkay Gündoğan,ILGU,Athlete,Football • Midfielder • 2022,Fjelstul World Cup Database,https://en.wikipedia.org/wiki/%C4%B0lkay_G%C3%BCndo%C4%9Fan,0.89,82.1,78.6,149.41,142.64,5.63,559644
ath-P-12548,Carlos Bocanegra,CAB2,Athlete,Football • Defender • 2010,Fjelstul World Cup Database,https://en.wikipedia.org/wiki/Carlos_Bocanegra,0.89,82.1,78.5,149.28,163.12,-4.86,412074
ath-P-04469,Eric Abidal,ERAB,Athlete,Football • Defender • 2010,Fjelstul World Cup Database,https://en.wikipedia.org/wiki/Eric_Abidal,0.89,82.0,78.5,149.22,164.0,2.2,645277
ath-P-31219,Eric Dier,ERDI,Athlete,Football • Midfielder • 2022,Fjelstul World Cup Database,https://en.wikipedia.org/wiki/Eric_Dier,0.89,82.0,78.5,149.18,158.37,7.62,465508
ath-P-33586,Gervinho,GERV,Athlete,Football • Forward • 2014,Fjelstul World Cup Database,https://en.wikipedia.org/wiki/Gervinho,0.89,82.0,78.5,149.03,139.63,5.91,575425
ath-P-09888,Gregg Berhalter,GRBE,Athlete,Football • Defender • 2006,Fjelstul World Cup Database,https://en.wikipedia.org/wiki/Gregg_Berhalter,0.89,82.1,78.5,149.31,140.69,6.97,668531
ath-P-70724,Hilderaldo Bellini,HIBE,Athlete,Football • Defender • 1966,Fjelstul World Cup Database,https://en.wikipedia.org/wiki/Hilderaldo_Bellini,0.89,82.0,78.5,149.07,168.08,6.36,645910
ath-P-72592,Kasper Dolberg,KADO,Athlete,Football • Forward • 2022,Fjelstul World Cup Database,https://en.wikipedia.org/wiki/Kasper_Dolberg,0.89,82.1,78.5,149.24,159.52,-0.22,579816
ath-P-83862,Lina Nilsson,LINI,Athlete,Football • Defender • 2015,Fjelstul World Cup Database,https://en.wikipedia.org/wiki/Lina_Nilsson,0.89,82.1,78.5,149.26,152.52,-5.71,442484
ath-P-55451,Mariano Andújar,MAA2,Athlete,Football • Goalkeeper • 2014,Fjelstul World Cup Database,https://en.wikipedia.org/wiki/Mariano_And%C3%BAjar,0.89,82.1,78.5,149.33,145.67,-0.12,446591
ath-P-05014,Marit Fiane Christensen,MACH,Athlete,Football • Defender • 2007,Fjelstul World Cup Database,https://en.wikipedia.org/wiki/Marit_Fiane_Gr%C3%B8dum,0.89,82.0,78.5,149.07,161.88,0.96,616398
ath-P-39810,Martín Demichelis,MAD2,Athlete,Football • Defender • 2014,Fjelstul World Cup Database,https://en.wikipedia.org/wiki/Mart%C3%ADn_Demichelis,0.89,82.0,78.5,149.18,154.08,-0.45,446591
ath-P-30891,Paulo da Silva,PASI,Athlete,Football • Defender • 2010,Fjelstul World Cup Database,https://en.wikipedia.org/wiki/Paulo_da_Silva,0.89,82.0,78.5,149.2,161.2,-0.15,506616
ath-P-29896,Sara Däbritz,SADA,Athlete,Football • Midfielder • 2019,Fjelstul World Cup Database,https://en.wikipedia.org/wiki/Sara_D%C3%A4britz,0.89,82.0,78.5,149.08,156.27,9.33,643693
ath-P-56893,Theofanis Gekas,THGE,Athlete,Football • Forward • 2014,Fjelstul World Cup Database,https://en.wikipedia.org/wiki/Theofanis_Gekas,0.89,82.1,78.5,149.28,150.27,6.11,536775
ath-P-36787,Andrei Semyonov,ANS2,Athlete,Football • Defender • 2018,Fjelstul World Cup Database,https://en.wikipedia.org/wiki/Andrei_Sergeyevich_Semyonov,0.89,81.9,78.4,148.54,156.43,-3.21,317775
ath-P-68792,Antonio Juliano,ANJU,Athlete,Football • Forward • 1974,Fjelstul World Cup Database,https://en.wikipedia.org/wiki/Antonio_Juliano,0.89,81.9,78.4,148.85,153.75,-5.01,487410
ath-P-69603,Dangda Taneekarn,DATA,Athlete,Football • Forward • 2019,Fjelstul World Cup Database,https://en.wikipedia.org/wiki/Taneekarn_Dangda,0.89,81.9,78.4,148.7,140.75,5.25,392215
ath-P-12950,Edinho,EDIN,Athlete,Football • Defender • 1986,Fjelstul World Cup Database,"https://en.wikipedia.org/wiki/Edinho_(footballer,_born_1955)",0.89,82.0,78.4,148.89,145.44,-0.2,560513
ath-P-47815,Ellyes Skhiri,ELSK,Athlete,Football • Midfielder • 2022,Fjelstul World Cup Database,https://en.wikipedia.org/wiki/Ellyes_Skhiri,0.89,81.9,78.4,148.65,141.8,7.04,586540
ath-P-99817,Gaku Shibasaki,GASH,Athlete,Football • Midfielder • 2022,Fjelstul World Cup Database,https://en.wikipedia.org/wiki/Gaku_Shibasaki,0.89,81.9,78.4,148.75,145.31,2.04,673952
ath-P-92874,Giorgio Chiellini,GICH,Athlete,Football • Defender • 2014,Fjelstul World Cup Database,https://en.wikipedia.org/wiki/Giorgio_Chiellini,0.89,81.9,78.4,148.56,163.05,-1.52,626958
ath-P-14290,Harry Kewell,HAKE,Athlete,Football • Forward • 2010,Fjelstul World Cup Database,https://en.wikipedia.org/wiki/Harry_Kewell,0.89,81.9,78.4,148.54,135.15,9.4,544432
ath-P-95616,James Milner,JAMI,Athlete,Football • Midfielder • 2014,Fjelstul World Cup Database,https://en.wikipedia.org/wiki/James_Milner,0.89,81.9,78.4,148.65,163.9,-2.2,594750
ath-P-46895,Khalid Boulahrouz,KHBO,Athlete,Football • Defender • 2010,Fjelstul World Cup Database,https://en.wikipedia.org/wiki/Khalid_Boulahrouz,0.89,81.9,78.4,148.75,167.44,2.37,494010
ath-P-14862,Luke Wilkshire,LUWI,Athlete,Football • Defender • 2010,Fjelstul World Cup Database,https://en.wikipedia.org/wiki/Luke_Wilkshire,0.89,81.9,78.4,148.78,151.62,-2.88,481405
ath-P-36662,Nicolás Lodeiro,NILO,Athlete,Football • Midfielder • 2014,Fjelstul World Cup Database,https://en.wikipedia.org/wiki/Nicol%C3%A1s_Lodeiro,0.89,81.9,78.4,148.83,157.47,-1.63,440150
ath-P-16452,Rachel Unitt,RAUN,Athlete,Football • Defender • 2011,Fjelstul World Cup Database,https://en.wikipedia.org/wiki/Rachel_Unitt,0.89,81.9,78.4,148.72,163.22,7.51,515682
ath-P-97803,Sandra Sepúlveda,SASE,Athlete,Football • Goalkeeper • 2015,Fjelstul World Cup Database,https://en.wikipedia.org/wiki/Sandra_Sep%C3%BAlveda,0.89,82.0,78.4,148.89,150.49,4.2,442484
ath-P-24266,Stephanie Cox,STCO,Athlete,Football • Defender • 2011,Fjelstul World Cup Database,https://en.wikipedia.org/wiki/Stephanie_Cox,0.89,81.9,78.4,148.83,169.5,-2.78,636099
ath-P-50304,Boothduang Wilaiporn,BOWI,Athlete,Football • Midfielder • 2019,Fjelstul World Cup Database,https://en.wikipedia.org/wiki/Wilaiporn_Boothduang,0.89,81.8,78.3,148.45,133.67,5.48,465011
ath-P-60387,Celeste Barbitta,CEBA,Athlete,Football • Defender • 2007,Fjelstul World Cup Database,https://en.wikipedia.org/wiki/Celeste_Barbitta,0.89,81.8,78.3,148.31,154.13,6.94,405599
ath-P-24999,Daniela Montoya,DAMO,Athlete,Football • Midfielder • 2015,Fjelstul World Cup Database,https://en.wikipedia.org/wiki/Daniela_Montoya,0.89,81.8,78.3,148.41,152.48,1.32,507254
ath-P-49014,Gary Medel,GAME,Athlete,Football • Defender • 2014,Fjelstul World Cup Database,https://en.wikipedia.org/wiki/Gary_Medel,0.89,81.8,78.3,148.2,147.54,-3.08,626958
ath-P-62594,Giorgian De Arrascaeta,GIAR,Athlete,Football • Forward • 2022,Fjelstul World Cup Database,https://en.wikipedia.org/wiki/Giorgian_De_Arrascaeta,0.89,81.8,78.3,148.33,145.09,-4.56,499128
ath-P-21890,Gonzalo Jara,GOJA,Athlete,Football • Defender • 2014,Fjelstul World Cup Database,https://en.wikipedia.org/wiki/Gonzalo_Jara,0.89,81.8,78.3,148.21,160.21,-4.34,395058
ath-P-05630,Hans-Jörg Butt,HABU,Athlete,Football • Goalkeeper • 2010,Fjelstul World Cup Database,https://en.wikipedia.org/wiki/Hans-J%C3%B6rg_Butt,0.89,81.8,78.3,148.22,158.9,-6.7,689396
ath-P-25083,John Paintsil,JOP2,Athlete,Football • Midfielder • 2010,Fjelstul World Cup Database,https://en.wikipedia.org/wiki/John_Paintsil,0.89,81.8,78.3,148.47,143.03,1.14,695699
ath-P-31133,João Mário,JOMA,Athlete,Football • Midfielder • 2022,Fjelstul World Cup Database,"https://en.wikipedia.org/wiki/Jo%C3%A3o_M%C3%A1rio_(footballer,_born_January_1993)",0.89,81.8,78.3,148.47,147.1,-7.12,331028
ath-P-11307,Marco Ureña,MAUR,Athlete,Football • Forward • 2018,Fjelstul World Cup Database,https://en.wikipedia.org/wiki/Marco_Ure%C3%B1a,0.89,81.8,78.3,148.25,158.14,-3.41,725864
ath-P-32811,Ashlyn Harris,ASHA,Athlete,Football • Goalkeeper • 2019,Fjelstul World Cup Database,https://en.wikipedia.org/wiki/Ashlyn_Harris,0.89,81.7,78.2,147.99,153.37,8.02,445158
ath-P-39861,Daley Blind,DABL,Athlete,Football • Defender • 2022,Fjelstul World Cup Database,https://en.wikipedia.org/wiki/Daley_Blind,0.89,81.7,78.2,147.88,159.53,8.45,599988
ath-P-22594,Dimitar Yakimov,DIYA,Athlete,Football • Forward • 1970,Fjelstul World Cup Database,https://en.wikipedia.org/wiki/Dimitar_Yakimov,0.89,81.7,78.2,148.05,144.37,-0.37,503436
ath-P-89248,Ederson,EDER,Athlete,Football • Goalkeeper • 2022,Fjelstul World Cup Database,"https://en.wikipedia.org/wiki/Ederson_(footballer,_born_1993)",0.89,81.7,78.2,148.12,150.35,-2.56,425164
ath-P-65320,Jhonny Acosta,JHAC,Athlete,Football • Defender • 2018,Fjelstul World Cup Database,https://en.wikipedia.org/wiki/Jhonny_Acosta,0.89,81.7,78.2,148.02,144.95,8.1,363850
ath-P-58669,Johan Venegas,JOVE,Athlete,Football • Forward • 2022,Fjelstul World Cup Database,https://en.wikipedia.org/wiki/Johan_Venegas,0.89,81.7,78.2,147.99,144.24,6.38,452060
ath-P-65433,Julie Ertz,JUER,Athlete,Football • Midfielder • 2019,Fjelstul World Cup Database,https://en.wikipedia.org/wiki/Julie_Ertz,0.89,81.7,78.2,147.8,140.34,-7.43,676782
ath-P-39956,Kwadwo Asamoah,KWAS,Athlete,Football • Midfielder • 2014,Fjelstul World Cup Database,https://en.wikipedia.org/wiki/Kwadwo_Asamoah,0.89,81.7,78.2,148.05,132.07,-2.7,478800
ath-P-25439,Laura Benkarth,LABE,Athlete,Football • Goalkeeper • 2019,Fjelstul World Cup Database,https://en.wikipedia.org/wiki/Laura_Benkarth,0.89,81.7,78.2,147.81,145.56,5.88,504718
ath-P-36911,Mio Otani,MIOT,Athlete,Football • Forward • 2007,Fjelstul World Cup Database,https://en.wikipedia.org/wiki/Mio_Otani,0.89,81.7,78.2,147.89,160.77,-1.95,399399
ath-P-56532,Nicolás Burdisso,NIBU,Athlete,Football • Defender • 2010,Fjelstul World Cup Database,https://en.wikipedia.org/wiki/Nicol%C3%A1s_Burdisso,0.89,81.7,78.2,148.1,134.64,-2.8,500313
ath-P-16378,Paulo Ferreira,PAFE,Athlete,Football • Defender • 2010,Fjelstul World Cup Database,https://en.wikipedia.org/wiki/Paulo_Ferreira,0.89,81.7,78.2,147.82,148.15,0.14,418377
ath-P-50085,Phancha Ainon,PHAI,Athlete,Football • Defender • 2019,Fjelstul World Cup Database,https://en.wikipedia.org/wiki/Ainon_Phancha,0.89,81.6,78.2,147.75,147.83,-3.53,345891
ath-P-85778,Rivellino,RIVE,Athlete,Football • Forward • 1978,Fjelstul World Cup Database,https://en.wikipedia.org/wiki/Rivellino,0.89,81.7,78.2,147.83,156.56,1.04,558576
ath-P-06291,Vladimir Beara,VLBE,Athlete,Football • Goalkeeper • 1958,Fjelstul World Cup Database,https://en.wikipedia.org/wiki/Vladimir_Beara,0.89,81.7,78.2,147.84,150.32,0.14,539432
ath-P-00064,Élodie Thomis,ELT2,Athlete,Football • Forward • 2015,Fjelstul World Cup Database,https://en.wikipedia.org/wiki/%C3%89lodie_Thomis,0.89,81.7,78.2,147.86,157.1,-2.08,695088
ath-P-61813,Artur Jędrzejczyk,ARJE,Athlete,Football • Defender • 2022,Fjelstul World Cup Database,https://en.wikipedia.org/wiki/Artur_J%C4%99drzejczyk,0.89,81.6,78.1,147.47,157.4,-2.4,452060
ath-P-52217,David de Gea,DAGE,Athlete,Football • Goalkeeper • 2018,Fjelstul World Cup Database,https://en.wikipedia.org/wiki/David_de_Gea,0.89,81.5,78.1,147.38,172.18,-5.01,699535
ath-P-89519,Dirceu,DIRC,Athlete,Football • Forward • 1982,Fjelstul World Cup Database,https://en.wikipedia.org/wiki/Dirceu,0.89,81.6,78.1,147.61,161.81,0.74,341127
ath-P-17698,Giorgos Karagounis,GIKA,Athlete,Football • Midfielder • 2014,Fjelstul World Cup Database,https://en.wikipedia.org/wiki/Giorgos_Karagounis,0.89,81.6,78.1,147.64,155.19,6.72,523891
ath-P-77532,Peter Crouch,PECR,Athlete,Football • Forward • 2010,Fjelstul World Cup Database,https://en.wikipedia.org/wiki/Peter_Crouch,0.89,81.6,78.1,147.58,138.05,-4.84,519221
ath-P-47137,Ramin Rezaeian,RARE,Athlete,Football • Defender • 2022,Fjelstul World Cup Database,https://en.wikipedia.org/wiki/Ramin_Rezaeian,0.89,81.6,78.1,147.61,148.57,3.35,331028
ath-P-97958,Shanshan Liu,SHLI,Athlete,Football • Defender • 2019,Fjelstul World Cup Database,https://en.wikipedia.org/wiki/Liu_Shanshan,0.89,81.6,78.1,147.62,150.98,2.22,458394
ath-P-85824,Yasuyuki Konno,YAKO,Athlete,Football • Defender • 2014,Fjelstul World Cup Database,https://en.wikipedia.org/wiki/Yasuyuki_Konno,0.89,81.6,78.1,147.63,143.09,2.3,304875
ath-P-86931,Bo Larsson,BOLA,Athlete,Football • Forward • 1978,Fjelstul World Cup Database,https://en.wikipedia.org/wiki/Bo_Larsson,0.89,81.5,78.0,147.12,171.26,-2.51,565371
ath-P-59568,Emily Zurrer,EMZU,Athlete,Football • Defender • 2015,Fjelstul World Cup Database,https://en.wikipedia.org/wiki/Emily_Zurrer,0.89,81.5,78.0,147.16,142.44,-5.69,481346
ath-P-25543,Gerald Asamoah,GEA2,Athlete,Football • Forward • 2006,Fjelstul World Cup Database,https://en.wikipedia.org/wiki/Gerald_Asamoah,0.89,81.5,78.0,147.2,139.92,4.25,668531
ath-P-81262,Gyula Grosics,GYGR,Athlete,Football • Goalkeeper • 1962,Fjelstul World Cup Database,https://en.wikipedia.org/wiki/Gyula_Grosics,0.89,81.5,78.0,147.08,149.87,4.55,389080
ath-P-84563,Hattan Bahebri,HABA,Athlete,Football • Forward • 2022,Fjelstul World Cup Database,https://en.wikipedia.org/wiki/Hattan_Bahebri,0.89,81.4,78.0,147.05,146.08,4.96,411716
ath-P-40197,Joris Mathijsen,JOM4,Athlete,Football • Defender • 2010,Fjelstul World Cup Database,https://en.wikipedia.org/wiki/Joris_Mathijsen,0.89,81.5,78.0,147.13,150.47,-1.7,569643
ath-P-73834,Leander Dendoncker,LEDE,Athlete,Football • Defender • 2022,Fjelstul World Cup Database,https://en.wikipedia.org/wiki/Leander_Dendoncker,0.89,81.4,78.0,147.03,149.83,-6.7,532748
ath-P-57248,Leonardo Bonucci,LEBO,Athlete,Football • Defender • 2014,Fjelstul World Cup Database,https://en.wikipedia.org/wiki/Leonardo_Bonucci,0.89,81.5,78.0,147.18,149.31,-3.96,678491
ath-P-53668,Nigel de Jong,NIJO,Athlete,Football • Midfielder • 2014,Fjelstul World Cup Database,https://en.wikipedia.org/wiki/Nigel_de_Jong,0.89,81.5,78.0,147.15,145.57,3.0,349966
ath-P-70583,Salem Al-Dawsari,SAA2,Athlete,Football • Forward • 2022,Fjelstul World Cup Database,https://en.wikipedia.org/wiki/Salem_Al-Dawsari,0.89,81.5,78.0,147.2,170.43,-2.7,472232
ath-cur-ath-002,Caitlin Clark,CACL,Athlete,Basketball,Curated prototype anchor,,0.78,85.8,77.9,146.87,145.18,-4.96,386301
ath-P-46718,Christian Poulsen,CHPO,Athlete,Football • Midfielder • 2010,Fjelstul World Cup Database,https://en.wikipedia.org/wiki/Christian_Poulsen,0.89,81.4,77.9,146.81,156.58,-5.64,563341
ath-P-94989,Daisy Cleverley,DACL,Athlete,Football • Midfielder • 2019,Fjelstul World Cup Database,https://en.wikipedia.org/wiki/Daisy_Cleverley,0.89,81.3,77.9,146.58,139.16,0.71,590750
ath-P-04157,Hyeon-woo Jo,HYJO,Athlete,Football • Goalkeeper • 2022,Fjelstul World Cup Database,https://en.wikipedia.org/wiki/Jo_Hyeon-woo,0.89,81.4,77.9,146.92,154.06,7.16,371372
ath-P-79740,Ingrid Moe Wold,INWO,Athlete,Football • Defender • 2019,Fjelstul World Cup Database,https://en.wikipedia.org/wiki/Ingrid_Moe_Wold,0.89,81.4,77.9,146.76,130.4,0.28,577514
ath-P-71089,Lina Pan,LIPA,Athlete,Football • Forward • 2007,Fjelstul World Cup Database,https://en.wikipedia.org/wiki/Pan_Lina,0.89,81.3,77.9,146.58,157.97,9.18,492399
ath-P-57535,Nikola Milenković,NIMI,Athlete,Football • Defender • 2022,Fjelstul World Cup Database,https://en.wikipedia.org/wiki/Nikola_Milenkovi%C4%87,0.89,81.4,77.9,146.77,140.78,-0.84,532748
ath-P-58512,Ninon Abena,NIAB,Athlete,Football • Midfielder • 2019,Fjelstul World Cup Database,https://en.wikipedia.org/wiki/Ninon_Abena,0.89,81.4,77.9,146.79,157.56,-6.29,412069
ath-P-55727,Rabiu Afolabi,RAAF,Athlete,Football • Defender • 2010,Fjelstul World Cup Database,https://en.wikipedia.org/wiki/Rabiu_Afolabi,0.89,81.3,77.9,146.67,148.84,-6.0,557038
ath-P-74483,Ragnhild Gulbrandsen,RAG2,Athlete,Football • Forward • 2007,Fjelstul World Cup Database,https://en.wikipedia.org/wiki/Ragnhild_Gulbrandsen,0.89,81.3,77.9,146.55,159.12,0.61,411799
ath-P-22393,Siyabonga Nomvethe,SINO,Athlete,Football • Forward • 2010,Fjelstul World Cup Database,https://en.wikipedia.org/wiki/Siyabonga_Nomvethe,0.89,81.4,77.9,146.9,150.39,9.4,468799
ath-P-50688,Yassine Bounou,YABO,Athlete,Football • Goalkeeper • 2022,Fjelstul World Cup Database,https://en.wikipedia.org/wiki/Yassine_Bounou,0.89,81.4,77.9,146.78,164.71,3.7,620160
ath-P-81466,Alphonse Areola,ALAR,Athlete,Football • Goalkeeper • 2022,Fjelstul World Cup Database,https://en.wikipedia.org/wiki/Alphonse_Areola,0.89,81.3,77.8,146.41,165.11,8.44,398268
ath-P-60652,Benjamin Pavard,BEPA,Athlete,Football • Defender • 2022,Fjelstul World Cup Database,https://en.wikipedia.org/wiki/Benjamin_Pavard,0.89,81.2,77.8,146.2,134.21,-5.11,404992
ath-P-70737,Celia Jiménez,CEJI,Athlete,Football • Defender • 2019,Fjelstul World Cup Database,https://en.wikipedia.org/wiki/Celia_Jim%C3%A9nez_(footballer),0.89,81.3,77.8,146.39,163.47,-0.07,339273
ath-P-37848,Claudio Marchisio,CLMA,Athlete,Football • Midfielder • 2014,Fjelstul World Cup Database,https://en.wikipedia.org/wiki/Claudio_Marchisio,0.89,81.3,77.8,146.38,145.99,4.51,646283
ath-P-39884,Du-ri Cha,DUCH,Athlete,Football • Forward • 2010,Fjelstul World Cup Database,https://en.wikipedia.org/wiki/Cha_Du-ri,0.89,81.3,77.8,146.42,155.01,-2.3,664185
ath-P-45065,Elderson Echiéjilé,ELEC,Athlete,Football • Defender • 2018,Fjelstul World Cup Database,https://en.wikipedia.org/wiki/Elderson_Echi%C3%A9jil%C3%A9,0.89,81.3,77.8,146.45,157.08,-0.37,377014
ath-P-82102,Frida Östberg,FROS,Athlete,Football • Defender • 2007,Fjelstul World Cup Database,https://en.wikipedia.org/wiki/Frida_%C3%96stberg,0.89,81.2,77.8,146.33,144.61,3.98,597798
ath-P-34121,Herbert Erhardt,HEER,Athlete,Football • Defender • 1962,Fjelstul World Cup Database,https://en.wikipedia.org/wiki/Herbert_Erhardt,0.89,81.3,77.8,146.51,162.98,-7.43,594825
ath-P-77419,Javier Aquino,JAAQ,Athlete,Football • Midfielder • 2018,Fjelstul World Cup Database,https://en.wikipedia.org/wiki/Javier_Aquino,0.89,81.3,77.8,146.43,143.81,-7.47,712700
ath-P-52476,Jill Roord,JIRO,Athlete,Football • Midfielder • 2019,Fjelstul World Cup Database,https://en.wikipedia.org/wiki/Jill_Roord,0.89,81.2,77.8,146.15,155.09,-2.23,471629
ath-P-58755,Kasper Schmeichel,KAS2,Athlete,Football • Goalkeeper • 2022,Fjelstul World Cup Database,https://en.wikipedia.org/wiki/Kasper_Schmeichel,0.89,81.2,77.8,146.23,138.68,9.15,452060
ath-P-52378,Kostas Katsouranis,KOKA,Athlete,Football • Midfielder • 2014,Fjelstul World Cup Database,https://en.wikipedia.org/wiki/Kostas_Katsouranis,0.89,81.3,77.8,146.52,168.18,-6.92,614075
ath-P-19453,Rafik Halliche,RAHA,Athlete,Football • Defender • 2014,Fjelstul World Cup Database,https://en.wikipedia.org/wiki/Rafik_Halliche,0.89,81.2,77.8,146.3,155.23,7.49,504566
ath-P-01302,Raissa Feudjio,RAFE,Athlete,Football • Midfielder • 2019,Fjelstul World Cup Database,https://en.wikipedia.org/wiki/Raissa_Feudjio,0.89,81.2,77.8,146.27,158.82,0.08,431922
ath-P-19936,Slava Metreveli,SLME,Athlete,Football • Forward • 1970,Fjelstul World Cup Database,https://en.wikipedia.org/wiki/Slava_Metreveli,0.89,81.3,77.8,146.47,159.83,5.5,659736
ath-P-19347,Amanda Sampedro,AMSA,Athlete,Football • Forward • 2019,Fjelstul World Cup Database,https://en.wikipedia.org/wiki/Amanda_Sampedro,0.89,81.1,77.7,145.87,149.27,-6.44,531190
ath-P-27327,Camilo Vargas,CAV2,Athlete,Football • Goalkeeper • 2018,Fjelstul World Cup Database,https://en.wikipedia.org/wiki/Camilo_Vargas,0.89,81.2,77.7,146.09,138.65,2.07,640297
ath-P-44349,Franco Causio,FRCA,Athlete,Football • Midfielder • 1982,Fjelstul World Cup Database,https://en.wikipedia.org/wiki/Franco_Causio,0.89,81.2,77.7,146.05,135.49,-0.84,549294
ath-P-68170,Giacinto Facchetti,GIFA,Athlete,Football • Defender • 1974,Fjelstul World Cup Database,https://en.wikipedia.org/wiki/Giacinto_Facchetti,0.89,81.1,77.7,146.0,158.18,9.3,454141
ath-P-30363,Gilberto,GILB,Athlete,Football • Defender • 2010,Fjelstul World Cup Database,"https://en.wikipedia.org/wiki/Gilberto_(footballer,_born_1976)",0.89,81.2,77.7,146.06,152.01,-4.26,664185
ath-P-43764,Glen Johnson,GLJO,Athlete,Football • Defender • 2014,Fjelstul World Cup Database,https://en.wikipedia.org/wiki/Glen_Johnson,0.89,81.2,77.7,146.11,144.75,2.15,614075
ath-P-28162,Horst-Dieter Höttges,HOHO,Athlete,Football • Defender • 1974,Fjelstul World Cup Database,https://en.wikipedia.org/wiki/Horst-Dieter_H%C3%B6ttges,0.89,81.2,77.7,146.07,133.56,-6.5,647098
ath-P-96231,Jonelle Filigno,JOFI,Athlete,Football • Forward • 2015,Fjelstul World Cup Database,https://en.wikipedia.org/wiki/Jonelle_Filigno,0.89,81.1,77.7,145.95,139.47,-2.08,630317
ath-P-64261,Kamil Grosicki,KAGR,Athlete,Football • Midfielder • 2022,Fjelstul World Cup Database,https://en.wikipedia.org/wiki/Kamil_Grosicki,0.89,81.1,77.7,145.97,144.52,-4.94,526024
ath-P-17418,Melanie Leupolz,MELE,Athlete,Football • Midfielder • 2019,Fjelstul World Cup Database,https://en.wikipedia.org/wiki/Melanie_Leupolz,0.89,81.2,77.7,146.02,153.44,-1.87,451776
ath-P-95507,Michael Lang,MILA,Athlete,Football • Defender • 2018,Fjelstul World Cup Database,"https://en.wikipedia.org/wiki/Michael_Lang_(footballer,_born_1991)",0.89,81.2,77.7,146.04,151.55,-3.1,495491
ath-P-11262,Mohammad Al-Shalhoub,MOA5,Athlete,Football • Midfielder • 2006,Fjelstul World Cup Database,https://en.wikipedia.org/wiki/Mohammad_Al-Shalhoub,0.89,81.1,77.7,145.97,146.77,-0.29,631539
ath-P-91717,Paolo Rossi,PARO,Athlete,Football • Forward • 1986,Fjelstul World Cup Database,https://en.wikipedia.org/wiki/Paolo_Rossi,0.89,81.1,77.7,145.98,142.17,7.84,432990
ath-P-54013,Paulinho,PAUL,Athlete,Football • Midfielder • 2018,Fjelstul World Cup Database,"https://en.wikipedia.org/wiki/Paulinho_(footballer,_born_July_1988)",0.89,81.1,77.7,145.91,152.73,3.92,436252
ath-P-06851,Phil Jones,PHJO,Athlete,Football • Defender • 2018,Fjelstul World Cup Database,"https://en.wikipedia.org/wiki/Phil_Jones_(footballer,_born_1992)",0.89,81.2,77.7,146.12,141.84,-6.24,581058
ath-P-77759,Tanya Dennis,TADE,Athlete,Football • Forward • 2007,Fjelstul World Cup Database,https://en.wikipedia.org/wiki/Tanya_Dennis,0.89,81.2,77.7,146.05,143.54,-6.07,560598
ath-P-11075,Álvaro Pereira,ALPE,Athlete,Football • Midfielder • 2014,Fjelstul World Cup Database,https://en.wikipedia.org/wiki/%C3%81lvaro_Pereira,0.89,81.1,77.7,145.81,151.04,4.46,414383
ath-P-33059,Aleksandar Kolarov,ALKO,Athlete,Football • Defender • 2018,Fjelstul World Cup Database,https://en.wikipedia.org/wiki/Aleksandar_Kolarov,0.89,81.1,77.6,145.7,145.63,8.25,383596
ath-P-43459,Billy Wright,BIWR,Athlete,Football • Midfielder • 1958,Fjelstul World Cup Database,https://en.wikipedia.org/wiki/Billy_Wright_(footballer_born_1924),0.89,81.0,77.6,145.53,146.24,4.93,411373
ath-P-19075,Breel Embolo,BREM,Athlete,Football • Forward • 2022,Fjelstul World Cup Database,https://en.wikipedia.org/wiki/Breel_Embolo,0.89,81.1,77.6,145.7,158.73,-2.73,539472
ath-P-78745,Cristián Zapata,CRZA,Athlete,Football • Defender • 2018,Fjelstul World Cup Database,https://en.wikipedia.org/wiki/Cristi%C3%A1n_Zapata,0.89,81.0,77.6,145.52,152.68,-1.04,469163
ath-P-75763,Guy Demel,GUDE,Athlete,Football • Defender • 2010,Fjelstul World Cup Database,https://en.wikipedia.org/wiki/Guy_Demel,0.89,81.1,77.6,145.72,156.18,6.16,304927
ath-P-83900,Hélder Postiga,HEPO,Athlete,Football • Forward • 2014,Fjelstul World Cup Database,https://en.wikipedia.org/wiki/H%C3%A9lder_Postiga,0.89,81.0,77.6,145.59,161.23,0.18,549658
ath-P-06754,Joshua Kennedy,JOKE,Athlete,Football • Forward • 2010,Fjelstul World Cup Database,https://en.wikipedia.org/wiki/Joshua_Kennedy,0.89,81.0,77.6,145.66,145.9,-5.26,651579
ath-P-03553,Letícia Izidoro,LEIZ,Athlete,Football • Goalkeeper • 2019,Fjelstul World Cup Database,https://en.wikipedia.org/wiki/Let%C3%ADcia_Izidoro,0.89,81.1,77.6,145.68,137.67,5.43,425304
ath-P-23925,Manuel Akanji,MAAK,Athlete,Football • Defender • 2022,Fjelstul World Cup Database,https://en.wikipedia.org/wiki/Manuel_Akanji,0.89,81.0,77.6,145.63,135.31,-6.42,653780
ath-P-12533,Mousa Dembélé,MODE,Athlete,Football • Midfielder • 2018,Fjelstul World Cup Database,https://en.wikipedia.org/wiki/Mousa_Demb%C3%A9l%C3%A9_(Belgian_footballer),0.89,81.0,77.6,145.6,138.2,-4.29,541566
ath-P-54146,Nora Holstad Berge,NOBE,Athlete,Football • Defender • 2015,Fjelstul World Cup Database,https://en.wikipedia.org/wiki/Nora_Holstad_Berge,0.89,81.0,77.6,145.35,143.21,1.62,552593
ath-P-17967,Ryan Babel,RYBA,Athlete,Football • Forward • 2010,Fjelstul World Cup Database,https://en.wikipedia.org/wiki/Ryan_Babel,0.89,81.0,77.6,145.51,153.52,-1.3,638974
ath-P-14339,Thongsombut Rattikan,THRA,Athlete,Football • Midfielder • 2019,Fjelstul World Cup Database,https://en.wikipedia.org/wiki/Rattikan_Thongsombut,0.89,81.0,77.6,145.44,164.72,-4.66,656928
ath-P-08916,Vedran Ćorluka,VECO,Athlete,Football • Defender • 2018,Fjelstul World Cup Database,https://en.wikipedia.org/wiki/Vedran_%C4%86orluka,0.89,81.0,77.6,145.47,144.67,1.07,409924
ath-P-10289,Vicky Losada,VILO,Athlete,Football • Midfielder • 2019,Fjelstul World Cup Database,https://en.wikipedia.org/wiki/Vicky_Losada,0.89,81.0,77.6,145.65,146.77,-1.04,412069
ath-P-46091,Yūichi Komano,YUKO,Athlete,Football • Defender • 2010,Fjelstul World Cup Database,https://en.wikipedia.org/wiki/Y%C5%ABichi_Komano,0.89,81.1,77.6,145.7,156.32,4.1,399469
ath-P-52816,Bobby Moore,BOMO,Athlete,Football • Defender • 1970,Fjelstul World Cup Database,https://en.wikipedia.org/wiki/Bobby_Moore,0.89,80.9,77.5,145.0,163.99,-7.02,562049
ath-P-83566,Brett Emerton,BRE2,Athlete,Football • Midfielder • 2010,Fjelstul World Cup Database,https://en.wikipedia.org/wiki/Brett_Emerton,0.89,80.9,77.5,145.03,148.81,0.73,626368
ath-P-77199,Hussein Abdulghani,HUAB,Athlete,Football • Defender • 2006,Fjelstul World Cup Database,https://en.wikipedia.org/wiki/Hussein_Sulaimani,0.89,80.9,77.5,145.15,148.02,9.38,650035
ath-P-22480,Joe Jordan,JOJO,Athlete,Football • Forward • 1982,Fjelstul World Cup Database,https://en.wikipedia.org/wiki/Joe_Jordan,0.89,80.9,77.5,144.98,134.02,4.2,535416
ath-P-72804,Jorge Guagua,JOGU,Athlete,Football • Defender • 2014,Fjelstul World Cup Database,https://en.wikipedia.org/wiki/Jorge_Guagua,0.89,81.0,77.5,145.31,130.26,5.33,543216
ath-P-32271,Kirsty Yallop,KIYA,Athlete,Football • Midfielder • 2015,Fjelstul World Cup Database,https://en.wikipedia.org/wiki/Kirsty_Yallop,0.89,80.9,77.5,145.02,137.87,7.66,662703
ath-P-19193,Nico Elvedi,NIEL,Athlete,Football • Defender • 2022,Fjelstul World Cup Database,https://en.wikipedia.org/wiki/Nico_Elvedi,0.89,80.9,77.5,144.99,142.96,7.56,431888
ath-P-94774,Ogenyi Onazi,OGON,Athlete,Football • Midfielder • 2018,Fjelstul World Cup Database,https://en.wikipedia.org/wiki/Ogenyi_Onazi,0.89,80.9,77.5,145.03,140.4,8.64,515237
ath-P-78418,Pedro,PEDR,Athlete,Football • Forward • 2014,Fjelstul World Cup Database,"https://en.wikipedia.org/wiki/Pedro_(footballer,_born_1987)",0.89,80.8,77.5,144.93,155.19,-4.74,704258
ath-P-65322,Sun-hui Ho,SUHO,Athlete,Football • Midfielder • 2007,Fjelstul World Cup Database,https://en.wikipedia.org/wiki/Ho_Sun-hui,0.89,80.9,77.5,145.21,145.48,7.64,486199
ath-P-99407,Alex Song,ALSO,Athlete,Football • Midfielder • 2014,Fjelstul World Cup Database,https://en.wikipedia.org/wiki/Alex_Song,0.89,80.8,77.4,144.91,137.12,-3.54,549658
ath-P-50943,Danny Welbeck,DAWE,Athlete,Football • Forward • 2018,Fjelstul World Cup Database,https://en.wikipedia.org/wiki/Danny_Welbeck,0.89,80.7,77.4,144.56,150.55,4.51,416506
ath-P-76903,Elin Rubensson,ELRU,Athlete,Football • Midfielder • 2019,Fjelstul World Cup Database,https://en.wikipedia.org/wiki/Elin_Rubensson,0.89,80.7,77.4,144.57,153.34,8.89,438540
ath-P-70687,Eun-mi Lee,EULE,Athlete,Football • Defender • 2019,Fjelstul World Cup Database,https://en.wikipedia.org/wiki/Lee_Eun-mi_(footballer),0.89,80.8,77.4,144.74,144.05,4.66,332655
ath-P-92004,Gabriel Jesus,GAJE,Athlete,Football • Forward • 2022,Fjelstul World Cup Database,https://en.wikipedia.org/wiki/Gabriel_Jesus,0.89,80.8,77.4,144.75,141.05,2.69,418440
ath-P-39150,Hayley Raso,HARA,Athlete,Football • Forward • 2019,Fjelstul World Cup Database,https://en.wikipedia.org/wiki/Hayley_Raso,0.89,80.8,77.4,144.66,153.36,1.31,398833
ath-P-28140,Loukas Vyntra,LOVY,Athlete,Football • Defender • 2014,Fjelstul World Cup Database,https://en.wikipedia.org/wiki/Loukas_Vyntra,0.89,80.8,77.4,144.9,138.8,-1.04,710700
ath-P-78286,Michele,MICH,Athlete,Football • Midfielder • 2007,Fjelstul World Cup Database,https://en.wikipedia.org/wiki/Michele_Aparecida_Pereira_Reis,0.89,80.8,77.4,144.66,164.43,8.07,616398
ath-P-79900,Nemanja Radonjić,NERA,Athlete,Football • Forward • 2022,Fjelstul World Cup Database,https://en.wikipedia.org/wiki/Nemanja_Radonji%C4%87,0.89,80.8,77.4,144.81,157.1,0.24,431888
ath-P-49425,Nicole Barnhart,NIBA,Athlete,Football • Goalkeeper • 2011,Fjelstul World Cup Database,https://en.wikipedia.org/wiki/Nicole_Barnhart,0.89,80.8,77.4,144.72,143.94,-3.08,610748
ath-P-40027,Patricia Ofori,PAOF,Athlete,Football • Midfielder • 2007,Fjelstul World Cup Database,https://en.wikipedia.org/wiki/Patricia_Ofori,0.89,80.8,77.4,144.6,155.16,6.28,417999
ath-P-67578,Raphaël Guerreiro,RAGU,Athlete,Football • Defender • 2022,Fjelstul World Cup Database,https://en.wikipedia.org/wiki/Rapha%C3%ABl_Guerreiro,0.89,80.7,77.4,144.57,153.38,-4.99,384820
ath-P-24647,Raúl Albiol,RAA2,Athlete,Football • Defender • 2014,Fjelstul World Cup Database,https://en.wikipedia.org/wiki/Ra%C3%BAl_Albiol,0.89,80.8,77.4,144.66,148.92,1.54,536775
ath-P-01939,Rogério Ceni,ROCE,Athlete,Football • Goalkeeper • 2006,Fjelstul World Cup Database,https://en.wikipedia.org/wiki/Rog%C3%A9rio_Ceni,0.89,80.8,77.4,144.91,156.77,-6.69,317104
ath-P-43176,Samuel Inkoom,SAIN,Athlete,Football • Defender • 2014,Fjelstul World Cup Database,https://en.wikipedia.org/wiki/Samuel_Inkoom,0.89,80.8,77.4,144.91,157.22,-0.57,511008
ath-P-45480,Sandrine Soubeyrand,SASO,Athlete,Football • Midfielder • 2011,Fjelstul World Cup Database,https://en.wikipedia.org/wiki/Sandrine_Soubeyrand,0.89,80.8,77.4,144.79,138.19,9.37,617086
ath-P-11436,Sokratis Papastathopoulos,SOPA,Athlete,Football • Defender • 2014,Fjelstul World Cup Database,https://en.wikipedia.org/wiki/Sokratis_Papastathopoulos,0.89,80.8,77.4,144.66,156.78,-3.35,498125
ath-P-96153,Un-byol Ho,UNHO,Athlete,Football • Forward • 2011,Fjelstul World Cup Database,https://en.wikipedia.org/wiki/Ho_Un-byol,0.89,80.7,77.4,144.59,158.96,2.47,350900
ath-cur-ath-001,Victor Wembanyama,VIWE,Athlete,Basketball,Curated prototype anchor,,0.78,85.1,77.4,144.61,129.96,-4.61,503136
ath-P-21392,Bianca Schmidt,BISC,Athlete,Football • Defender • 2015,Fjelstul World Cup Database,https://en.wikipedia.org/wiki/Bianca_Schmidt,0.89,80.7,77.3,144.37,141.39,-2.25,636794
ath-P-11539,Do-yeon Kim,DOKI,Athlete,Football • Defender • 2019,Fjelstul World Cup Database,https://en.wikipedia.org/wiki/Kim_Do-yeon_(footballer),0.89,80.7,77.3,144.42,156.72,-6.65,524572
ath-P-51360,Dongna Li,DOL2,Athlete,Football • Midfielder • 2015,Fjelstul World Cup Database,https://en.wikipedia.org/wiki/Li_Dongna,0.89,80.7,77.3,144.29,153.65,-6.57,481346
ath-P-95451,Jeannette Yango,JEYA,Athlete,Football • Forward • 2019,Fjelstul World Cup Database,https://en.wikipedia.org/wiki/Jeannette_Yango,0.89,80.7,77.3,144.25,159.28,1.41,504718
ath-P-29967,John Mensah,JOM5,Athlete,Football • Defender • 2010,Fjelstul World Cup Database,https://en.wikipedia.org/wiki/John_Mensah,0.89,80.6,77.3,144.23,134.51,6.56,304927
ath-P-79283,Kléberson,KLEB,Athlete,Football • Midfielder • 2010,Fjelstul World Cup Database,https://en.wikipedia.org/wiki/Jos%C3%A9_Kl%C3%A9berson,0.89,80.7,77.3,144.34,146.05,6.72,311230
ath-P-05293,Linda Forsberg,LIFO,Athlete,Football • Midfielder • 2011,Fjelstul World Cup Database,https://en.wikipedia.org/wiki/Linda_Forsberg,0.89,80.7,77.3,144.52,159.88,1.41,401602
ath-P-72770,Marko Dmitrović,MADM,Athlete,Football • Goalkeeper • 2022,Fjelstul World Cup Database,https://en.wikipedia.org/wiki/Marko_Dmitrovi%C4%87,0.89,80.7,77.3,144.52,141.7,5.96,573092
ath-P-12805,Michael Essien,MIES,Athlete,Football • Midfielder • 2014,Fjelstul World Cup Database,https://en.wikipedia.org/wiki/Michael_Essien,0.89,80.6,77.3,144.14,159.77,3.47,607633
ath-P-99179,Nayeli Rangel,NARA,Athlete,Football • Midfielder • 2015,Fjelstul World Cup Database,https://en.wikipedia.org/wiki/Nayeli_Rangel,0.89,80.7,77.3,144.33,165.05,-3.88,461915
ath-P-42972,Srimanee Orathai,SROR,Athlete,Football • Forward • 2019,Fjelstul World Cup Database,https://en.wikipedia.org/wiki/Orathai_Srimanee,0.89,80.7,77.3,144.49,141.39,-6.85,537807
ath-P-60896,Wolfgang Overath,WOOV,Athlete,Football • Midfielder • 1974,Fjelstul World Cup Database,https://en.wikipedia.org/wiki/Wolfgang_Overath,0.89,80.7,77.3,144.45,155.75,-2.86,480756
ath-P-68042,Carlos Vela,CAVE,Athlete,Football • Forward • 2018,Fjelstul World Cup Database,https://en.wikipedia.org/wiki/Carlos_Vela,0.89,80.6,77.2,143.98,139.41,-5.61,679789
ath-P-62207,Daniel Andersson,DAAN,Athlete,Football • Midfielder • 2006,Fjelstul World Cup Database,"https://en.wikipedia.org/wiki/Daniel_Andersson_(footballer,_born_1977)",0.89,80.6,77.2,144.01,151.92,4.53,569885
ath-P-89878,Diego Lugano,DILU,Athlete,Football • Defender • 2014,Fjelstul World Cup Database,https://en.wikipedia.org/wiki/Diego_Lugano,0.89,80.5,77.2,143.86,157.54,-7.5,575425
ath-P-81136,Faye White,FAWH,Athlete,Football • Defender • 2011,Fjelstul World Cup Database,https://en.wikipedia.org/wiki/Faye_White,0.89,80.5,77.2,143.88,148.71,2.04,477655
ath-P-65068,Gabriela Chávez,GACH,Athlete,Football • Midfielder • 2019,Fjelstul World Cup Database,https://en.wikipedia.org/wiki/Gabriela_Ch%C3%A1vez_(footballer),0.89,80.6,77.2,144.12,149.76,-7.17,511336
ath-P-47597,Juan Mata,JUMA,Athlete,Football • Midfielder • 2014,Fjelstul World Cup Database,https://en.wikipedia.org/wiki/Juan_Mata,0.89,80.6,77.2,144.09,134.1,-4.33,485241
ath-P-51033,Kristin Hammarström,KRHA,Athlete,Football • Goalkeeper • 2011,Fjelstul World Cup Database,https://en.wikipedia.org/wiki/Kristin_Hammarstr%C3%B6m,0.89,80.5,77.2,143.8,157.35,6.54,357238
ath-P-82971,Lajos Tichy,LATI,Athlete,Football • Forward • 1966,Fjelstul World Cup Database,https://en.wikipedia.org/wiki/Lajos_Tichy,0.89,80.5,77.2,143.88,140.51,7.9,390996
ath-P-88732,Landry N'Guémo,LANG,Athlete,Football • Midfielder • 2014,Fjelstul World Cup Database,https://en.wikipedia.org/wiki/Landry_N%27Gu%C3%A9mo,0.89,80.6,77.2,144.03,158.98,5.99,530333
ath-P-15475,Madeleine Giske,MAG4,Athlete,Football • Midfielder • 2011,Fjelstul World Cup Database,https://en.wikipedia.org/wiki/Madeleine_Giske,0.89,80.5,77.2,143.79,151.87,-3.4,623424
ath-P-73712,Marcos Acuña,MAAC,Athlete,Football • Midfielder • 2022,Fjelstul World Cup Database,https://en.wikipedia.org/wiki/Marcos_Acu%C3%B1a,0.89,80.6,77.2,144.0,155.31,-0.5,613436
ath-P-33434,Massimo Luongo,MALU,Athlete,Football • Midfielder • 2018,Fjelstul World Cup Database,https://en.wikipedia.org/wiki/Massimo_Luongo,0.89,80.6,77.2,144.02,156.25,3.24,377014
ath-P-95150,Valeria Cotelo,VAC2,Athlete,Football • Defender • 2007,Fjelstul World Cup Database,https://en.wikipedia.org/wiki/Valeria_Cotelo,0.89,80.6,77.2,144.1,139.75,4.27,331199
ath-P-38599,Vincenzo Iaquinta,VIIA,Athlete,Football • Forward • 2010,Fjelstul World Cup Database,https://en.wikipedia.org/wiki/Vincenzo_Iaquinta,0.89,80.5,77.2,143.74,157.06,4.58,550735
ath-P-12565,Yasha Gu,YAGU,Athlete,Football • Forward • 2019,Fjelstul World Cup Database,https://en.wikipedia.org/wiki/Gu_Yasha,0.89,80.6,77.2,144.02,138.65,-0.47,332655
ath-P-03702,Desiree van Lunteren,DELU,Athlete,Football • Defender • 2019,Fjelstul World Cup Database,https://en.wikipedia.org/wiki/Desiree_van_Lunteren,0.89,80.5,77.1,143.6,139.65,-1.7,458394
ath-P-78932,Guillermo Varela,GUVA,Athlete,Football • Defender • 2022,Fjelstul World Cup Database,https://en.wikipedia.org/wiki/Guillermo_Varela,0.89,80.5,77.1,143.69,142.41,-1.78,512576
ath-P-36571,Gunhild Følstad,GUFL,Athlete,Football • Defender • 2007,Fjelstul World Cup Database,https://en.wikipedia.org/wiki/Gunhild_F%C3%B8lstad,0.89,80.5,77.1,143.6,162.55,2.02,616398
ath-P-27970,Jiayue Li,JILI,Athlete,Football • Defender • 2019,Fjelstul World Cup Database,https://en.wikipedia.org/wiki/Li_Jiayue,0.89,80.4,77.1,143.4,136.94,8.79,398833
ath-P-64077,Kylian Mbappé,KYMB,Athlete,Football • Forward • 2022,Fjelstul World Cup Database,https://en.wikipedia.org/wiki/Kylian_Mbapp%C3%A9,0.89,80.5,77.1,143.57,159.44,2.95,337752
ath-P-81449,Lauren Holiday,LAHO,Athlete,Football • Forward • 2015,Fjelstul World Cup Database,https://en.wikipedia.org/wiki/Lauren_Holiday,0.89,80.4,77.1,143.41,138.91,-0.72,345328
ath-P-89975,Pierre Littbarski,PILI,Athlete,Football • Forward • 1990,Fjelstul World Cup Database,https://en.wikipedia.org/wiki/Pierre_Littbarski,0.89,80.4,77.1,143.46,154.09,7.46,347662
ath-P-10712,Rúben Dias,RUDI,Athlete,Football • Defender • 2022,Fjelstul World Cup Database,https://en.wikipedia.org/wiki/R%C3%BAben_Dias,0.89,80.5,77.1,143.56,144.05,0.89,680676
ath-P-88939,Sung-ryong Jung,SUJU,Athlete,Football • Goalkeeper • 2014,Fjelstul World Cup Database,https://en.wikipedia.org/wiki/Jung_Sung-ryong,0.89,80.4,77.1,143.39,140.94,7.49,343525
ath-P-53694,Alfred Gomis,ALGO,Athlete,Football • Goalkeeper • 2022,Fjelstul World Cup Database,https://en.wikipedia.org/wiki/Alfred_Gomis,0.89,80.3,77.0,142.98,151.66,8.22,438612
ath-P-70567,Amy Walsh,AMWA,Athlete,Football • Midfielder • 2007,Fjelstul World Cup Database,https://en.wikipedia.org/wiki/Amy_Walsh,0.89,80.3,77.0,143.05,165.16,8.49,318799
ath-P-37984,Kendall Waston,KEWA,Athlete,Football • Defender • 2022,Fjelstul World Cup Database,https://en.wikipedia.org/wiki/Kendall_Waston,0.89,80.4,77.0,143.29,153.83,5.56,512576
ath-P-16304,Kenti Robles,KERO,Athlete,Football • Defender • 2015,Fjelstul World Cup Database,https://en.wikipedia.org/wiki/Kenti_Robles,0.89,80.4,77.0,143.3,144.37,5.79,474869
ath-P-84424,Lucas Hernandez,LUHE,Athlete,Football • Defender • 2022,Fjelstul World Cup Database,https://en.wikipedia.org/wiki/Lucas_Hernandez,0.89,80.3,77.0,143.2,150.32,-0.25,351200
ath-P-81447,Mats Hummels,MAHU,Athlete,Football • Defender • 2018,Fjelstul World Cup Database,https://en.wikipedia.org/wiki/Mats_Hummels,0.89,80.4,77.0,143.22,155.64,-4.16,442834
ath-P-48737,Niklas Süle,NISU,Athlete,Football • Defender • 2022,Fjelstul World Cup Database,https://en.wikipedia.org/wiki/Niklas_S%C3%BCle,0.89,80.3,77.0,143.11,158.25,4.86,317580
ath-P-92164,Pok-sim Jong,POJO,Athlete,Football • Forward • 2011,Fjelstul World Cup Database,https://en.wikipedia.org/wiki/Jong_Pok-sim,0.89,80.4,77.0,143.23,165.6,-5.67,433291
ath-P-47320,Sari van Veenendaal,SAVE,Athlete,Football • Goalkeeper • 2019,Fjelstul World Cup Database,https://en.wikipedia.org/wiki/Sari_van_Veenendaal,0.89,80.4,77.0,143.34,136.01,-3.25,359126
ath-P-08264,So-yun Ji,SOJI,Athlete,Football • Forward • 2019,Fjelstul World Cup Database,https://en.wikipedia.org/wiki/Ji_So-yun,0.89,80.3,77.0,143.1,133.87,2.57,339273
ath-P-63129,Vince Grella,VIGR,Athlete,Football • Midfielder • 2010,Fjelstul World Cup Database,https://en.wikipedia.org/wiki/Vince_Grella,0.89,80.3,77.0,142.98,145.77,1.29,475102
ath-P-11462,Vladimir Granat,VLGR,Athlete,Football • Defender • 2018,Fjelstul World Cup Database,https://en.wikipedia.org/wiki/Vladimir_Granat,0.89,80.4,77.0,143.32,137.24,-1.07,416506
ath-P-95180,Yali Liu,YALI,Athlete,Football • Defender • 2007,Fjelstul World Cup Database,https://en.wikipedia.org/wiki/Liu_Yali_(footballer),0.89,80.3,77.0,142.96,144.7,-1.65,647398
ath-P-44396,Édgar Barreto,EDBA,Athlete,Football • Midfielder • 2010,Fjelstul World Cup Database,https://en.wikipedia.org/wiki/%C3%89dgar_Barreto,0.89,80.4,77.0,143.28,160.39,3.95,638974
ath-P-59683,Carlos Kameni,CAKA,Athlete,Football • Goalkeeper • 2010,Fjelstul World Cup Database,https://en.wikipedia.org/wiki/Carlos_Kameni,0.89,80.3,76.9,142.95,149.89,3.22,412074
ath-P-97215,Geum-min Lee,GELE,Athlete,Football • Forward • 2019,Fjelstul World Cup Database,https://en.wikipedia.org/wiki/Lee_Geum-min,0.89,80.2,76.9,142.69,145.19,-4.86,405451
ath-P-44161,Jodi-Ann Robinson,JOR2,Athlete,Football • Forward • 2011,Fjelstul World Cup Database,https://en.wikipedia.org/wiki/Jodi-Ann_Robinson,0.89,80.3,76.9,142.92,151.8,4.8,420616
ath-P-12357,Kelly Smith,KESM,Athlete,Football • Forward • 2011,Fjelstul World Cup Database,https://en.wikipedia.org/wiki/Kelly_Smith,0.89,80.2,76.9,142.7,158.09,4.05,674126
ath-P-36992,Leena Khamis,LEKH,Athlete,Football • Forward • 2015,Fjelstul World Cup Database,https://en.wikipedia.org/wiki/Leena_Khamis,0.89,80.2,76.9,142.6,136.91,2.42,675657
ath-P-45538,Marie-Ève Nault,MANA,Athlete,Football • Defender • 2015,Fjelstul World Cup Database,https://en.wikipedia.org/wiki/Marie-%C3%88ve_Nault,0.89,80.2,76.9,142.68,147.48,-4.14,604409
ath-P-32095,Michel Vorm,MIVO,Athlete,Football • Goalkeeper • 2014,Fjelstul World Cup Database,https://en.wikipedia.org/wiki/Michel_Vorm,0.89,80.2,76.9,142.65,137.4,3.17,588308
ath-P-98693,Miguel Veloso,MIV2,Athlete,Football • Midfielder • 2014,Fjelstul World Cup Database,https://en.wikipedia.org/wiki/Miguel_Veloso,0.89,80.3,76.9,142.86,139.36,-2.65,581866
ath-P-84467,Natalia Gatti,NAG2,Athlete,Football • Forward • 2007,Fjelstul World Cup Database,https://en.wikipedia.org/wiki/Natalia_Gatti,0.89,80.2,76.9,142.71,155.46,-5.37,622598
ath-P-07614,Randall Azofeifa,RAAZ,Athlete,Football • Midfielder • 2018,Fjelstul World Cup Database,https://en.wikipedia.org/wiki/Randall_Azofeifa,0.89,80.2,76.9,142.63,159.3,-3.11,613968
ath-P-45288,Achraf Hakimi,ACHA,Athlete,Football • Defender • 2022,Fjelstul World Cup Database,https://en.wikipedia.org/wiki/Achraf_Hakimi,0.89,80.1,76.8,142.33,147.95,6.19,532748
ath-P-84724,Aline,ALIN,Athlete,Football • Defender • 2011,Fjelstul World Cup Database,https://en.wikipedia.org/wiki/Aline_Pellegrino,0.89,80.2,76.8,142.53,139.92,-0.59,496669
ath-P-42160,Bartosz Bereszyński,BABE,Athlete,Football • Defender • 2022,Fjelstul World Cup Database,https://en.wikipedia.org/wiki/Bartosz_Bereszy%C5%84ski,0.89,80.1,76.8,142.32,139.06,5.05,371372
ath-P-73512,Dario Vidošić,DAV2,Athlete,Football • Midfielder • 2014,Fjelstul World Cup Database,https://en.wikipedia.org/wiki/Dario_Vido%C5%A1i%C4%87,0.89,80.1,76.8,142.4,128.71,-0.42,691375
ath-P-92656,Ferenc Sipos,FESI,Athlete,Football • Midfielder • 1966,Fjelstul World Cup Database,https://en.wikipedia.org/wiki/Ferenc_Sipos,0.89,80.1,76.8,142.22,141.45,6.74,461098
ath-P-71100,Francisco Calvo,FRC2,Athlete,Football • Defender • 2022,Fjelstul World Cup Database,https://en.wikipedia.org/wiki/Francisco_Calvo,0.89,80.2,76.8,142.52,163.2,5.08,411716
ath-P-62839,Henriette Akaba,HEAK,Athlete,Football • Forward • 2019,Fjelstul World Cup Database,https://en.wikipedia.org/wiki/Henriette_Akaba,0.89,80.1,76.8,142.17,144.58,-6.1,716489
ath-P-24705,Hirving Lozano,HILO,Athlete,Football • Forward • 2022,Fjelstul World Cup Database,https://en.wikipedia.org/wiki/Hirving_Lozano,0.89,80.1,76.8,142.43,146.47,9.3,472232
ath-P-68484,Kadidiatou Diani,KADI,Athlete,Football • Forward • 2019,Fjelstul World Cup Database,https://en.wikipedia.org/wiki/Kadidiatou_Diani,0.89,80.1,76.8,142.26,149.43,7.71,385598
ath-P-77133,Kyah Simon,KYSI,Athlete,Football • Forward • 2015,Fjelstul World Cup Database,https://en.wikipedia.org/wiki/Kyah_Simon,0.89,80.1,76.8,142.47,163.57,-0.6,338851
ath-P-04392,Leonid Ostrovskiy,LEOS,Athlete,Football • Defender • 1966,Fjelstul World Cup Database,https://en.wikipedia.org/wiki/Leonid_Ostrovskiy,0.89,80.2,76.8,142.56,133.3,3.55,301777
ath-P-60731,Lise Klaveness,LIKL,Athlete,Football • Forward • 2007,Fjelstul World Cup Database,https://en.wikipedia.org/wiki/Lise_Klaveness,0.89,80.1,76.8,142.33,157.54,7.76,479999
ath-P-70650,Marcelo,MARC,Athlete,Football • Defender • 2018,Fjelstul World Cup Database,"https://en.wikipedia.org/wiki/Marcelo_(footballer,_born_1988)",0.89,80.1,76.8,142.33,145.08,2.2,725864
ath-P-85860,Mehdi Taremi,MET2,Athlete,Football • Forward • 2022,Fjelstul World Cup Database,https://en.wikipedia.org/wiki/Mehdi_Taremi,0.89,80.2,76.8,142.5,145.91,4.5,331028
ath-P-01835,Paul Aguilar,PAAG,Athlete,Football • Defender • 2014,Fjelstul World Cup Database,https://en.wikipedia.org/wiki/Paul_Aguilar,0.89,80.2,76.8,142.54,137.89,-0.52,465916
ath-P-55581,Romaric,ROMA,Athlete,Football • Midfielder • 2010,Fjelstul World Cup Database,https://en.wikipedia.org/wiki/Romaric_(footballer),0.89,80.1,76.8,142.49,159.91,-5.31,393166
ath-P-98819,Rui Zhang,RUZH,Athlete,Football • Midfielder • 2019,Fjelstul World Cup Database,https://en.wikipedia.org/wiki/Zhang_Rui_(footballer),0.89,80.1,76.8,142.34,154.69,-5.32,471629
ath-P-11629,Rúben Amorim,RUAM,Athlete,Football • Midfielder • 2014,Fjelstul World Cup Database,https://en.wikipedia.org/wiki/R%C3%BAben_Amorim,0.89,80.1,76.8,142.31,148.07,-5.09,453033
ath-P-47906,Youri Tielemans,YOTI,Athlete,Football • Midfielder • 2022,Fjelstul World Cup Database,https://en.wikipedia.org/wiki/Youri_Tielemans,0.89,80.2,76.8,142.53,139.52,3.17,331028
ath-P-08442,Yussuf Poulsen,YUPO,Athlete,Football • Forward • 2022,Fjelstul World Cup Database,https://en.wikipedia.org/wiki/Yussuf_Poulsen,0.89,80.1,76.8,142.31,144.89,8.9,324304
ath-P-45870,Anita Asante,ANAS,Athlete,Football • Midfielder • 2011,Fjelstul World Cup Database,https://en.wikipedia.org/wiki/Anita_Asante,0.89,80.0,76.7,141.95,133.36,1.47,350900
ath-P-48455,Eyong Enoh,EYEN,Athlete,Football • Midfielder • 2014,Fjelstul World Cup Database,https://en.wikipedia.org/wiki/Eyong_Enoh,0.89,80.0,76.7,141.92,160.14,-7.45,395058
ath-P-44826,Rebekah Stott,REST,Athlete,Football • Defender • 2019,Fjelstul World Cup Database,https://en.wikipedia.org/wiki/Rebekah_Stott,0.89,80.0,76.7,142.11,155.62,8.5,332655
ath-P-64372,Sebastián Abreu,SEAB,Athlete,Football • Forward • 2010,Fjelstul World Cup Database,https://en.wikipedia.org/wiki/Sebasti%C3%A1n_Abreu,0.89,80.0,76.7,142.09,156.51,7.97,462496
ath-P-33435,Ying Li,YILI,Athlete,Football • Forward • 2019,Fjelstul World Cup Database,"https://en.wikipedia.org/wiki/Li_Ying_(footballer,_born_1993)",0.89,80.0,76.7,142.08,152.19,-3.94,729724
ath-P-69530,Bacary Sagna,BASA,Athlete,Football • Defender • 2014,Fjelstul World Cup Database,https://en.wikipedia.org/wiki/Bacary_Sagna,0.89,79.9,76.6,141.76,146.1,6.84,356408
ath-P-46780,Daniela,DAN2,Athlete,Football • Forward • 2007,Fjelstul World Cup Database,https://en.wikipedia.org/wiki/Daniela_Alves_Lima,0.89,79.9,76.6,141.46,147.65,-2.65,436599
ath-P-24437,Eriko Arakawa,ERAR,Athlete,Football • Forward • 2007,Fjelstul World Cup Database,https://en.wikipedia.org/wiki/Eriko_Arakawa,0.89,79.9,76.6,141.52,135.24,6.56,461399
ath-P-24586,Hans Sarpei,HASA,Athlete,Football • Midfielder • 2010,Fjelstul World Cup Database,https://en.wikipedia.org/wiki/Hans_Sarpei,0.89,79.9,76.6,141.45,133.72,7.47,449891
ath-P-20087,Jamie Maclaren,JAM2,Athlete,Football • Forward • 2022,Fjelstul World Cup Database,https://en.wikipedia.org/wiki/Jamie_Maclaren,0.89,79.9,76.6,141.67,136.56,-0.49,331028
ath-P-35082,Mario Kempes,MAKE,Athlete,Football • Forward • 1982,Fjelstul World Cup Database,https://en.wikipedia.org/wiki/Mario_Kempes,0.89,79.9,76.6,141.62,140.46,7.8,417455
ath-P-57369,Merete Pedersen,MEPE,Athlete,Football • Forward • 2007,Fjelstul World Cup Database,https://en.wikipedia.org/wiki/Merete_Pedersen,0.89,79.9,76.6,141.72,145.66,6.41,610198
ath-P-15566,Munir Mohamedi,MUMO,Athlete,Football • Goalkeeper • 2022,Fjelstul World Cup Database,https://en.wikipedia.org/wiki/Munir_Mohamedi,0.89,79.9,76.6,141.71,133.25,-6.32,324304
ath-P-17509,Paul Pogba,PAPO,Athlete,Football • Midfielder • 2018,Fjelstul World Cup Database,https://en.wikipedia.org/wiki/Paul_Pogba,0.89,79.9,76.6,141.46,139.98,-5.61,429670
ath-P-05318,Trent Alexander-Arnold,TRAL,Athlete,Football • Defender • 2022,Fjelstul World Cup Database,https://en.wikipedia.org/wiki/Trent_Alexander-Arnold,0.89,79.9,76.6,141.62,141.27,0.76,364648
ath-P-26126,Aldo Bobadilla,ALB2,Athlete,Football • Goalkeeper • 2010,Fjelstul World Cup Database,https://en.wikipedia.org/wiki/Aldo_Bobadilla,0.89,79.8,76.5,141.32,151.81,0.88,330138
ath-P-15314,Carlos Marchena,CAMA,Athlete,Football • Defender • 2010,Fjelstul World Cup Database,https://en.wikipedia.org/wiki/Carlos_Marchena,0.89,79.8,76.5,141.36,141.79,7.27,330138
ath-P-40927,Chung-yong Lee,CHLE,Athlete,Football • Midfielder • 2014,Fjelstul World Cup Database,https://en.wikipedia.org/wiki/Lee_Chung-yong,0.89,79.8,76.5,141.3,140.09,-4.53,304875
ath-P-02231,Diego Costa,DICO,Athlete,Football • Forward • 2018,Fjelstul World Cup Database,https://en.wikipedia.org/wiki/Diego_Costa,0.89,79.7,76.5,141.04,131.85,7.92,462581
ath-P-09400,Marco Asensio,MAAS,Athlete,Football • Forward • 2022,Fjelstul World Cup Database,https://en.wikipedia.org/wiki/Marco_Asensio,0.89,79.8,76.5,141.32,142.24,-0.72,626884
ath-P-63673,Mario Götze,MAG2,Athlete,Football • Midfielder • 2022,Fjelstul World Cup Database,https://en.wikipedia.org/wiki/Mario_G%C3%B6tze,0.89,79.8,76.5,141.11,162.42,0.24,344476
ath-P-23484,Mehdi Lacen,MELA,Athlete,Football • Midfielder • 2014,Fjelstul World Cup Database,https://en.wikipedia.org/wiki/Mehdi_Lacen,0.89,79.8,76.5,141.16,145.28,0.29,491683
ath-P-50718,Michael Carrick,MICA,Athlete,Football • Midfielder • 2010,Fjelstul World Cup Database,https://en.wikipedia.org/wiki/Michael_Carrick,0.89,79.7,76.5,141.08,143.04,0.69,304927
ath-P-10063,Miguel Layún,MIL2,Athlete,Football • Midfielder • 2018,Fjelstul World Cup Database,https://en.wikipedia.org/wiki/Miguel_Lay%C3%BAn,0.89,79.8,76.5,141.18,157.06,-6.35,581058
ath-P-42808,Niclas Alexandersson,NIAL,Athlete,Football • Midfielder • 2006,Fjelstul World Cup Database,https://en.wikipedia.org/wiki/Niclas_Alexandersson,0.89,79.8,76.5,141.23,135.7,3.98,391088
ath-P-81778,Richard Kingson,RIKI,Athlete,Football • Goalkeeper • 2010,Fjelstul World Cup Database,https://en.wikipedia.org/wiki/Richard_Kingson,0.89,79.8,76.5,141.34,160.22,-4.43,342744
ath-P-13354,Robinho,ROBI,Athlete,Football • Forward • 2010,Fjelstul World Cup Database,https://en.wikipedia.org/wiki/Robinho,0.89,79.8,76.5,141.26,134.71,-1.37,651579
ath-P-64352,Gabriel Heinze,GAHE,Athlete,Football • Defender • 2010,Fjelstul World Cup Database,https://en.wikipedia.org/wiki/Gabriel_Heinze,0.89,79.6,76.4,140.63,164.28,4.55,355349
ath-P-45449,Grzegorz Krychowiak,GRKR,Athlete,Football • Midfielder • 2022,Fjelstul World Cup Database,https://en.wikipedia.org/wiki/Grzegorz_Krychowiak,0.89,79.7,76.4,140.76,145.38,3.82,485680
ath-P-95453,Igor Akinfeev,IGAK,Athlete,Football • Goalkeeper • 2018,Fjelstul World Cup Database,https://en.wikipedia.org/wiki/Igor_Akinfeev,0.89,79.7,76.4,140.78,126.77,6.23,337521
ath-P-90086,Kosovare Asllani,KOAS,Athlete,Football • Forward • 2019,Fjelstul World Cup Database,https://en.wikipedia.org/wiki/Kosovare_Asllani,0.89,79.6,76.4,140.69,151.17,-1.0,517954
ath-P-05942,Marita Skammelsrud Lund,MAL2,Athlete,Football • Midfielder • 2015,Fjelstul World Cup Database,https://en.wikipedia.org/wiki/Marita_Skammelsrud_Lund,0.89,79.6,76.4,140.65,149.88,-4.21,604409
ath-P-52458,Michael Umaña,MIUM,Athlete,Football • Defender • 2014,Fjelstul World Cup Database,https://en.wikipedia.org/wiki/Michael_Uma%C3%B1a,0.89,79.7,76.4,140.82,132.57,-4.33,330641
ath-P-54127,Sheila Okai,SHO4,Athlete,Football • Forward • 2007,Fjelstul World Cup Database,https://en.wikipedia.org/wiki/Sheila_Okai,0.89,79.6,76.4,140.74,151.8,-2.96,529598
ath-P-40788,Stephany Mayor,STM2,Athlete,Football • Forward • 2015,Fjelstul World Cup Database,https://en.wikipedia.org/wiki/Stephany_Mayor,0.89,79.7,76.4,140.91,140.61,-5.89,494300
ath-P-65425,Šime Vrsaljko,SIVR,Athlete,Football • Defender • 2018,Fjelstul World Cup Database,https://en.wikipedia.org/wiki/%C5%A0ime_Vrsaljko,0.89,79.7,76.4,140.91,162.72,-0.82,502073
ath-P-59141,Aurelle Awona,AUAW,Athlete,Football • Defender • 2019,Fjelstul World Cup Database,https://en.wikipedia.org/wiki/Aurelle_Awona,0.89,79.6,76.3,140.5,131.03,-7.25,312802
ath-P-12476,Carlos Bacca,CABA,Athlete,Football • Forward • 2018,Fjelstul World Cup Database,https://en.wikipedia.org/wiki/Carlos_Bacca,0.89,79.6,76.3,140.45,137.32,2.9,462581
ath-P-66228,Carlos Sánchez,CAS3,Athlete,Football • Midfielder • 2018,Fjelstul World Cup Database,https://en.wikipedia.org/wiki/Carlos_S%C3%A1nchez_(Colombian_footballer),0.89,79.5,76.3,140.23,159.19,0.86,587640
ath-P-89601,Claudio Bravo,CLBR,Athlete,Football • Goalkeeper • 2014,Fjelstul World Cup Database,https://en.wikipedia.org/wiki/Claudio_Bravo,0.89,79.6,76.3,140.54,147.49,3.22,304875
ath-P-08307,Emile Heskey,EMHE,Athlete,Football • Forward • 2010,Fjelstul World Cup Database,https://en.wikipedia.org/wiki/Emile_Heskey,0.89,79.5,76.3,140.33,135.58,-1.87,645277
ath-P-79226,Irene Paredes,IRPA,Athlete,Football • Defender • 2019,Fjelstul World Cup Database,https://en.wikipedia.org/wiki/Irene_Paredes,0.89,79.6,76.3,140.45,135.89,-4.81,398833
ath-P-83032,Jie Li,JIL2,Athlete,Football • Defender • 2007,Fjelstul World Cup Database,https://en.wikipedia.org/wiki/Li_Jie_(footballer),0.89,79.6,76.3,140.48,139.12,-5.19,337399
ath-cur-ath-019,Lewis Hamilton,LEHA,Athlete,Motorsport,Curated prototype anchor,,0.78,83.8,76.3,140.58,137.0,1.49,637840
ath-P-09155,Viliam Schrojf,VISC,Athlete,Football • Goalkeeper • 1962,Fjelstul World Cup Database,https://en.wikipedia.org/wiki/Viliam_Schrojf,0.89,79.6,76.3,140.47,147.68,0.94,357907
ath-P-99710,Víctor Espárrago,VIES,Athlete,Football • Midfielder • 1974,Fjelstul World Cup Database,https://en.wikipedia.org/wiki/V%C3%ADctor_Esp%C3%A1rrago,0.89,79.6,76.3,140.48,137.22,-1.47,327722
ath-P-27559,Alanna Kennedy,ALKE,Athlete,Football • Midfielder • 2019,Fjelstul World Cup Database,https://en.wikipedia.org/wiki/Alanna_Kennedy,0.89,79.4,76.2,139.84,144.34,4.3,511336
ath-P-26539,Andrea Barzagli,ANBA,Athlete,Football • Defender • 2014,Fjelstul World Cup Database,https://en.wikipedia.org/wiki/Andrea_Barzagli,0.89,79.4,76.2,139.99,154.22,-6.15,465916
ath-P-29080,Carlos Tevez,CAT2,Athlete,Football • Forward • 2010,Fjelstul World Cup Database,https://en.wikipedia.org/wiki/Carlos_Tevez,0.89,79.4,76.2,139.89,125.9,5.53,475102
ath-P-59636,Hakan Yakin,HAYA,Athlete,Football • Midfielder • 2010,Fjelstul World Cup Database,https://en.wikipedia.org/wiki/Hakan_Yakin,0.89,79.4,76.2,140.02,160.12,3.57,311230
ath-P-40621,Idrissa Gueye,IDGU,Athlete,Football • Midfielder • 2022,Fjelstul World Cup Database,https://en.wikipedia.org/wiki/Idrissa_Gueye,0.89,79.4,76.2,140.05,157.73,-1.52,404992
ath-P-68132,Ingvild Stensland,INST,Athlete,Football • Midfielder • 2011,Fjelstul World Cup Database,https://en.wikipedia.org/wiki/Ingvild_Stensland,0.89,79.5,76.2,140.13,139.39,5.43,623424
ath-P-62805,Marta Torrejón,MATO,Athlete,Football • Defender • 2019,Fjelstul World Cup Database,https://en.wikipedia.org/wiki/Marta_Torrej%C3%B3n,0.89,79.4,76.2,139.98,138.85,-7.1,603986
ath-P-22604,Ngozi Okobi-Okeoghene,NGOK,Athlete,Football • Midfielder • 2019,Fjelstul World Cup Database,https://en.wikipedia.org/wiki/Ngozi_Okobi-Okeoghene,0.89,79.5,76.2,140.08,131.02,5.28,412069
ath-P-35773,Predrag Rajković,PRRA,Athlete,Football • Goalkeeper • 2022,Fjelstul World Cup Database,https://en.wikipedia.org/wiki/Predrag_Rajkovi%C4%87,0.89,79.4,76.2,139.87,154.96,-5.79,452060
ath-P-88101,Raul Meireles,RAME,Athlete,Football • Midfielder • 2014,Fjelstul World Cup Database,https://en.wikipedia.org/wiki/Raul_Meireles,0.89,79.4,76.2,139.86,134.45,-3.83,414383
ath-P-68803,William Gallas,WIGA,Athlete,Football • Defender • 2010,Fjelstul World Cup Database,https://en.wikipedia.org/wiki/William_Gallas,0.89,79.4,76.2,139.9,149.9,-2.98,349046
ath-P-64299,Érick Gutiérrez,ERGU,Athlete,Football • Midfielder • 2022,Fjelstul World Cup Database,https://en.wikipedia.org/wiki/%C3%89rick_Guti%C3%A9rrez,0.89,79.5,76.2,140.16,163.04,5.84,438612
ath-P-57283,Amber Hearn,AMH2,Athlete,Football • Forward • 2015,Fjelstul World Cup Database,https://en.wikipedia.org/wiki/Amber_Hearn,0.89,79.3,76.1,139.53,134.96,8.93,377713
ath-P-84406,Ashkan Dejagah,ASDE,Athlete,Football • Midfielder • 2018,Fjelstul World Cup Database,https://en.wikipedia.org/wiki/Ashkan_Dejagah,0.89,79.4,76.1,139.71,152.12,4.56,363850
ath-P-32235,Cecilie Fiskerstrand,CEFI,Athlete,Football • Goalkeeper • 2019,Fjelstul World Cup Database,https://en.wikipedia.org/wiki/Cecilie_Fiskerstrand,0.89,79.3,76.1,139.45,150.12,-0.4,319419
ath-P-56280,Gary Cahill,GACA,Athlete,Football • Defender • 2018,Fjelstul World Cup Database,https://en.wikipedia.org/wiki/Gary_Cahill,0.89,79.3,76.1,139.55,136.18,-4.03,712700
ath-P-11940,Hayley Moorwood,HAMO,Athlete,Football • Midfielder • 2011,Fjelstul World Cup Database,https://en.wikipedia.org/wiki/Hayley_Bowden,0.89,79.3,76.1,139.52,134.31,6.89,534695
ath-P-67012,Jean Makoun,JEMA,Athlete,Football • Midfielder • 2014,Fjelstul World Cup Database,https://en.wikipedia.org/wiki/Jean_Makoun,0.89,79.3,76.1,139.51,138.81,7.19,401500
ath-P-89743,João Moutinho,JOM2,Athlete,Football • Midfielder • 2018,Fjelstul World Cup Database,https://en.wikipedia.org/wiki/Jo%C3%A3o_Moutinho,0.89,79.4,76.1,139.82,147.75,1.07,330939
ath-P-98806,Kenneth Omeruo,KEOM,Athlete,Football • Defender • 2018,Fjelstul World Cup Database,https://en.wikipedia.org/wiki/Kenneth_Omeruo,0.89,79.3,76.1,139.51,159.23,1.27,357267
ath-P-63363,Marouane Fellaini,MAF2,Athlete,Football • Midfielder • 2018,Fjelstul World Cup Database,https://en.wikipedia.org/wiki/Marouane_Fellaini,0.89,79.3,76.1,139.69,127.74,6.13,633715
ath-P-87765,Oguchi Onyewu,OGO2,Athlete,Football • Defender • 2010,Fjelstul World Cup Database,https://en.wikipedia.org/wiki/Oguchi_Onyewu,0.89,79.3,76.1,139.67,144.28,-0.19,412074
ath-P-20882,Pamela Tajonar,PATA,Athlete,Football • Goalkeeper • 2015,Fjelstul World Cup Database,https://en.wikipedia.org/wiki/Pamela_Tajonar,0.89,79.3,76.1,139.52,151.11,-3.08,662703
ath-P-49127,Stéphane Grichting,STG2,Athlete,Football • Defender • 2010,Fjelstul World Cup Database,https://en.wikipedia.org/wiki/St%C3%A9phane_Grichting,0.89,79.3,76.1,139.57,136.56,-4.11,380560
ath-P-86560,Teigen Allen,TEAL,Athlete,Football • Defender • 2019,Fjelstul World Cup Database,https://en.wikipedia.org/wiki/Teigen_Allen,0.89,79.3,76.1,139.66,130.59,0.69,564279
ath-P-82662,Víctor Bernárdez,VIBE,Athlete,Football • Defender • 2014,Fjelstul World Cup Database,https://en.wikipedia.org/wiki/V%C3%ADctor_Bern%C3%A1rdez,0.89,79.3,76.1,139.69,149.7,1.77,478800
ath-P-68890,Walter Centeno,WACE,Athlete,Football • Midfielder • 2006,Fjelstul World Cup Database,https://en.wikipedia.org/wiki/Walter_Centeno,0.89,79.3,76.1,139.56,146.72,0.93,520562
ath-P-76131,Walter Samuel,WASA,Athlete,Football • Defender • 2010,Fjelstul World Cup Database,https://en.wikipedia.org/wiki/Walter_Samuel,0.89,79.3,76.1,139.65,141.11,0.08,437285
ath-P-89971,Aleksandr Kerzhakov,ALK2,Athlete,Football • Forward • 2014,Fjelstul World Cup Database,https://en.wikipedia.org/wiki/Aleksandr_Kerzhakov,0.89,79.2,76.0,139.35,159.28,5.98,337083
ath-P-74200,Ayumi Hara,AYHA,Athlete,Football • Midfielder • 2007,Fjelstul World Cup Database,https://en.wikipedia.org/wiki/Ayumi_Hara,0.89,79.2,76.0,139.28,147.04,-4.71,448999
ath-P-98547,Charles Antenen,CHAN,Athlete,Football • Forward • 1962,Fjelstul World Cup Database,https://en.wikipedia.org/wiki/Charles_Antenen,0.89,79.2,76.0,139.23,129.8,-7.18,314264
ath-P-16376,Mauricio Isla,MAIS,Athlete,Football • Midfielder • 2014,Fjelstul World Cup Database,https://en.wikipedia.org/wiki/Mauricio_Isla,0.89,79.2,76.0,139.15,123.37,-6.05,453033
ath-P-85632,Oriánica Velásquez,ORVE,Athlete,Football • Midfielder • 2015,Fjelstul World Cup Database,https://en.wikipedia.org/wiki/Ori%C3%A1nica_Vel%C3%A1squez,0.89,79.2,76.0,139.3,153.64,0.74,442484
ath-P-86499,Ramires,RAMI,Athlete,Football • Midfielder • 2014,Fjelstul World Cup Database,https://en.wikipedia.org/wiki/Ramires,0.89,79.2,76.0,139.36,154.87,-1.04,465916
ath-P-00020,Randee Hermus,RAHE,Athlete,Football • Defender • 2007,Fjelstul World Cup Database,https://en.wikipedia.org/wiki/Randee_Hermus,0.89,79.3,76.0,139.42,136.74,-0.17,448999
ath-P-64718,Yong Lee,YOL2,Athlete,Football • Defender • 2018,Fjelstul World Cup Database,"https://en.wikipedia.org/wiki/Lee_Yong_(footballer,_born_1986)",0.89,79.2,76.0,139.28,155.87,2.84,534984
ath-P-53274,Andressinha,AND2,Athlete,Football • Midfielder • 2019,Fjelstul World Cup Database,https://en.wikipedia.org/wiki/Andressinha,0.89,79.2,75.9,139.04,158.67,-5.42,365744
ath-P-76437,Catalina Usme,CAUS,Athlete,Football • Forward • 2015,Fjelstul World Cup Database,https://en.wikipedia.org/wiki/Catalina_Usme,0.89,79.1,75.9,138.74,151.18,4.18,358282
ath-P-14180,Cristian Rodríguez,CRR2,Athlete,Football • Midfielder • 2018,Fjelstul World Cup Database,https://en.wikipedia.org/wiki/Cristian_Rodr%C3%ADguez,0.89,79.2,75.9,139.02,140.55,6.86,383596
ath-P-49882,Derek Boateng,DEBO,Athlete,Football • Midfielder • 2010,Fjelstul World Cup Database,https://en.wikipedia.org/wiki/Derek_Boateng,0.89,79.2,75.9,139.02,134.67,1.16,399469
ath-P-07864,Eugene Galekovic,EUGA,Athlete,Football • Goalkeeper • 2014,Fjelstul World Cup Database,https://en.wikipedia.org/wiki/Eugene_Galekovic,0.89,79.1,75.9,138.88,145.39,0.36,427266
ath-P-74480,Jean Beausejour,JEBE,Athlete,Football • Forward • 2014,Fjelstul World Cup Database,https://en.wikipedia.org/wiki/Jean_Beausejour,0.89,79.1,75.9,138.74,137.25,-4.34,530333
ath-P-26068,Romain Saïss,ROS2,Athlete,Football • Defender • 2022,Fjelstul World Cup Database,https://en.wikipedia.org/wiki/Romain_Sa%C3%AFss,0.89,79.1,75.9,138.76,153.44,8.49,438612
ath-P-91907,Sara Johansson,SAJO,Athlete,Football • Forward • 2007,Fjelstul World Cup Database,https://en.wikipedia.org/wiki/Sara_Johansson,0.89,79.1,75.9,138.93,122.31,-5.04,610198
ath-P-35864,So-hyun Cho,SOCH,Athlete,Football • Midfielder • 2019,Fjelstul World Cup Database,https://en.wikipedia.org/wiki/Cho_So-hyun,0.89,79.1,75.9,138.93,138.83,-1.1,465011
ath-P-57476,Łukasz Fabiański,UKFA,Athlete,Football • Goalkeeper • 2018,Fjelstul World Cup Database,https://en.wikipedia.org/wiki/%C5%81ukasz_Fabia%C5%84ski,0.89,79.1,75.9,138.84,151.22,2.97,317775
ath-P-14916,Amel Majri,AMMA,Athlete,Football • Defender • 2019,Fjelstul World Cup Database,https://en.wikipedia.org/wiki/Amel_Majri,0.89,79.0,75.8,138.54,139.06,2.35,584132
ath-P-29053,Andreas Cornelius,ANCO,Athlete,Football • Forward • 2022,Fjelstul World Cup Database,https://en.wikipedia.org/wiki/Andreas_Cornelius,0.89,79.0,75.8,138.35,153.72,2.89,512576
ath-P-82534,Asuna Tanaka,ASTA,Athlete,Football • Midfielder • 2015,Fjelstul World Cup Database,https://en.wikipedia.org/wiki/Asuna_Tanaka,0.89,79.0,75.8,138.48,151.31,5.33,306466
ath-P-35179,Atsuto Uchida,ATUC,Athlete,Football • Defender • 2014,Fjelstul World Cup Database,https://en.wikipedia.org/wiki/Atsuto_Uchida,0.89,78.9,75.8,138.31,141.32,-6.27,491683
ath-P-05215,Belén Potassa,BEPO,Athlete,Football • Forward • 2019,Fjelstul World Cup Database,https://en.wikipedia.org/wiki/Bel%C3%A9n_Potassa,0.89,78.9,75.8,138.28,146.75,-3.54,491483
ath-P-81163,Elaine,ELAI,Athlete,Football • Defender • 2011,Fjelstul World Cup Database,https://en.wikipedia.org/wiki/Elaine_Estrela_Moura,0.89,79.0,75.8,138.61,127.86,-1.57,503006
ath-P-21807,Hyon-hi Yun,HYYU,Athlete,Football • Goalkeeper • 2011,Fjelstul World Cup Database,https://en.wikipedia.org/wiki/Yun_Hyon-hi,0.89,79.0,75.8,138.38,138.1,2.99,496669
ath-P-30837,Karina Maruyama,KAM2,Athlete,Football • Forward • 2011,Fjelstul World Cup Database,https://en.wikipedia.org/wiki/Karina_Maruyama,0.89,78.9,75.8,138.28,149.74,-2.68,572722
ath-P-48643,Marco Caneira,MAC4,Athlete,Football • Defender • 2006,Fjelstul World Cup Database,https://en.wikipedia.org/wiki/Marco_Caneira,0.89,78.9,75.8,138.33,139.93,8.74,674696
ath-P-03333,Mavis Danso,MADA,Athlete,Football • Defender • 2007,Fjelstul World Cup Database,https://en.wikipedia.org/wiki/Mavis_Danso,0.89,79.0,75.8,138.36,147.97,8.17,523398
ath-P-40412,Rachel Brown,RABR,Athlete,Football • Goalkeeper • 2011,Fjelstul World Cup Database,https://en.wikipedia.org/wiki/Rachel_Brown,0.89,79.0,75.8,138.42,158.26,-7.1,338225
ath-P-38142,Rachel Yankey,RAYA,Athlete,Football • Midfielder • 2011,Fjelstul World Cup Database,https://en.wikipedia.org/wiki/Rachel_Yankey,0.89,79.0,75.8,138.33,144.12,-0.42,300198
ath-P-60585,Tamires,TAMI,Athlete,Football • Defender • 2019,Fjelstul World Cup Database,https://en.wikipedia.org/wiki/Tamires,0.89,79.0,75.8,138.57,132.04,-4.94,491483
ath-P-05210,Vasilis Torosidis,VATO,Athlete,Football • Defender • 2014,Fjelstul World Cup Database,https://en.wikipedia.org/wiki/Vasilis_Torosidis,0.89,79.0,75.8,138.57,138.16,1.37,504566
ath-P-30014,Alexis Sánchez,ALS3,Athlete,Football • Forward • 2014,Fjelstul World Cup Database,https://en.wikipedia.org/wiki/Alexis_S%C3%A1nchez,0.89,78.9,75.7,138.06,130.14,9.13,395058
ath-P-76740,Didi,DIDI,Athlete,Football • Midfielder • 1962,Fjelstul World Cup Database,https://en.wikipedia.org/wiki/Valdir_Pereira,0.89,78.9,75.7,138.13,129.34,-3.06,370376
ath-P-58459,Ester,ESTE,Athlete,Football • Midfielder • 2011,Fjelstul World Cup Database,https://en.wikipedia.org/wiki/Ester_Aparecida_dos_Santos,0.89,78.9,75.7,138.19,135.6,3.0,357238
ath-P-47386,Lucas Torreira,LUTO,Athlete,Football • Midfielder • 2022,Fjelstul World Cup Database,https://en.wikipedia.org/wiki/Lucas_Torreira,0.89,78.8,75.7,137.92,131.02,6.28,384820
ath-P-89379,Marie-Laure Delie,MADE,Athlete,Football • Forward • 2015,Fjelstul World Cup Database,https://en.wikipedia.org/wiki/Marie-Laure_Delie,0.89,78.9,75.7,138.12,130.87,-2.93,410098
ath-P-26203,Phetwiset Warunee,PHWA,Athlete,Football • Defender • 2019,Fjelstul World Cup Database,https://en.wikipedia.org/wiki/Warunee_Phetwiset,0.89,78.9,75.7,138.06,141.28,-4.01,319419
ath-P-63184,Hans Schäfer,HASC,Athlete,Football • Forward • 1962,Fjelstul World Cup Database,https://en.wikipedia.org/wiki/Hans_Sch%C3%A4fer,0.89,78.8,75.6,137.88,125.83,-4.99,320499
ath-P-25906,Pablo Aimar,PAAI,Athlete,Football • Midfielder • 2006,Fjelstul World Cup Database,https://en.wikipedia.org/wiki/Pablo_Aimar,0.89,78.8,75.6,137.74,137.11,-3.16,409584
ath-P-46683,Rebecca Smith,RESM,Athlete,Football • Defender • 2011,Fjelstul World Cup Database,https://en.wikipedia.org/wiki/Rebecca_Smith_(footballer),0.89,78.7,75.6,137.55,156.37,4.35,674126
ath-P-09113,Sardar Azmoun,SAAZ,Athlete,Football • Forward • 2022,Fjelstul World Cup Database,https://en.wikipedia.org/wiki/Sardar_Azmoun,0.89,78.8,75.6,137.76,147.6,-0.9,337752
ath-P-66734,Simeon Simeonov,SISI,Athlete,Football • Goalkeeper • 1974,Fjelstul World Cup Database,"https://en.wikipedia.org/wiki/Simeon_Simeonov_(footballer,_born_1946)",0.89,78.7,75.6,137.56,129.37,4.1,480756
ath-P-38095,Steven Pienaar,STPI,Athlete,Football • Midfielder • 2010,Fjelstul World Cup Database,https://en.wikipedia.org/wiki/Steven_Pienaar,0.89,78.8,75.6,137.7,127.58,3.8,575946
ath-P-99830,Tomislav Butina,TOBU,Athlete,Football • Goalkeeper • 2006,Fjelstul World Cup Database,https://en.wikipedia.org/wiki/Tomislav_Butina,0.89,78.8,75.6,137.86,134.64,5.63,403419
ath-P-25199,Ane Stangeland Horpestad,ANHO,Athlete,Football • Defender • 2007,Fjelstul World Cup Database,https://en.wikipedia.org/wiki/Ane_Stangeland_Horpestad,0.89,78.7,75.5,137.41,132.79,-1.97,603998
ath-P-16139,Bo-kyung Kim,BOKI,Athlete,Football • Midfielder • 2014,Fjelstul World Cup Database,https://en.wikipedia.org/wiki/Kim_Bo-kyung,0.89,78.7,75.5,137.45,132.93,-5.07,504566
ath-P-66612,Célia Šašić,CES2,Athlete,Football • Forward • 2015,Fjelstul World Cup Database,https://en.wikipedia.org/wiki/C%C3%A9lia_%C5%A0a%C5%A1i%C4%87,0.89,78.6,75.5,137.13,132.04,-1.0,487823
ath-P-21988,Jesper Christiansen,JECH,Athlete,Football • Goalkeeper • 2010,Fjelstul World Cup Database,"https://en.wikipedia.org/wiki/Jesper_Christiansen_(footballer,_born_1978)",0.89,78.7,75.5,137.43,152.29,2.67,405771
ath-P-07865,Jin-cheul Choi,JICH,Athlete,Football • Defender • 2006,Fjelstul World Cup Database,https://en.wikipedia.org/wiki/Choi_Jin-cheul,0.89,78.6,75.5,137.24,152.63,0.93,409584
ath-P-22378,Mauro Camoranesi,MAC3,Athlete,Football • Midfielder • 2010,Fjelstul World Cup Database,https://en.wikipedia.org/wiki/Mauro_Camoranesi,0.89,78.7,75.5,137.42,132.52,-7.15,304927
ath-P-65800,Saengchan Khwanrudi,SAK2,Athlete,Football • Defender • 2019,Fjelstul World Cup Database,https://en.wikipedia.org/wiki/Khwanrudi_Saengchan,0.89,78.7,75.5,137.35,125.42,-3.99,544425
ath-P-70280,Stefan de Vrij,STVR,Athlete,Football • Defender • 2022,Fjelstul World Cup Database,https://en.wikipedia.org/wiki/Stefan_de_Vrij,0.89,78.7,75.5,137.31,146.34,-1.38,700848
ath-P-24531,Vahid Amiri,VAAM,Athlete,Football • Midfielder • 2022,Fjelstul World Cup Database,https://en.wikipedia.org/wiki/Vahid_Amiri,0.89,78.6,75.5,137.28,157.27,-7.42,452060
ath-P-68406,Alexia Putellas,ALPU,Athlete,Football • Forward • 2019,Fjelstul World Cup Database,https://en.wikipedia.org/wiki/Alexia_Putellas,0.89,78.6,75.4,137.11,141.86,-0.84,537807
ath-P-03895,Jessie Fleming,JEFL,Athlete,Football • Midfielder • 2019,Fjelstul World Cup Database,https://en.wikipedia.org/wiki/Jessie_Fleming,0.89,78.5,75.4,136.87,150.0,2.6,504718
ath-cur-ath-020,Katie Ledecky,KALE,Athlete,Swimming,Curated prototype anchor,,0.78,82.6,75.4,136.99,140.66,6.56,427949
ath-P-77492,Ladislav Novák,LANO,Athlete,Football • Defender • 1962,Fjelstul World Cup Database,https://en.wikipedia.org/wiki/Ladislav_Nov%C3%A1k,0.89,78.6,75.4,137.04,131.84,-0.14,414019
ath-P-69030,Lori Chalupny,LOCH,Athlete,Football • Midfielder • 2015,Fjelstul World Cup Database,https://en.wikipedia.org/wiki/Lori_Chalupny,0.89,78.5,75.4,136.84,141.4,3.48,306466
ath-P-23308,Rosana Gómez,ROGO,Athlete,Football • Midfielder • 2007,Fjelstul World Cup Database,https://en.wikipedia.org/wiki/Rosana_G%C3%B3mez,0.89,78.5,75.4,136.89,152.27,-1.25,591598
ath-P-53254,Diego Pérez,DIP2,Athlete,Football • Midfielder • 2014,Fjelstul World Cup Database,https://en.wikipedia.org/wiki/Diego_P%C3%A9rez_(footballer),0.89,78.5,75.3,136.64,147.05,4.15,446591
ath-P-37935,Ismaïla Sarr,ISSA,Athlete,Football • Forward • 2022,Fjelstul World Cup Database,https://en.wikipedia.org/wiki/Isma%C3%AFla_Sarr,0.89,78.5,75.3,136.66,139.19,-5.8,499128
ath-P-98607,Juan,JUAN,Athlete,Football • Defender • 2010,Fjelstul World Cup Database,https://en.wikipedia.org/wiki/Juan_(footballer),0.89,78.5,75.3,136.69,138.35,-2.03,613763
ath-P-48733,Jürgen Grabowski,JUGR,Athlete,Football • Forward • 1974,Fjelstul World Cup Database,https://en.wikipedia.org/wiki/J%C3%BCrgen_Grabowski,0.89,78.4,75.3,136.53,124.45,4.73,400912
ath-P-55691,Rhian Davies,RHDA,Athlete,Football • Defender • 2007,Fjelstul World Cup Database,https://en.wikipedia.org/wiki/Rhian_Davies,0.89,78.4,75.3,136.37,129.69,4.32,486199
ath-P-76705,Abel Aguilar,ABAG,Athlete,Football • Midfielder • 2018,Fjelstul World Cup Database,https://en.wikipedia.org/wiki/Abel_Aguilar,0.89,78.3,75.2,136.24,131.19,-2.15,502073
ath-P-44116,Benoît Assou-Ekotto,BEAS,Athlete,Football • Defender • 2014,Fjelstul World Cup Database,https://en.wikipedia.org/wiki/Beno%C3%AEt_Assou-Ekotto,0.89,78.3,75.2,136.22,134.34,3.1,317758
ath-P-21683,David Albelda,DAA2,Athlete,Football • Midfielder • 2006,Fjelstul World Cup Database,https://en.wikipedia.org/wiki/David_Albelda,0.89,78.4,75.2,136.34,141.25,5.41,606877
ath-P-92000,Fábio Coentrão,FACO,Athlete,Football • Defender • 2014,Fjelstul World Cup Database,https://en.wikipedia.org/wiki/F%C3%A1bio_Coentr%C3%A3o,0.89,78.3,75.2,136.05,145.72,1.29,601191
ath-P-50944,Jamie Carragher,JACA,Athlete,Football • Defender • 2010,Fjelstul World Cup Database,https://en.wikipedia.org/wiki/Jamie_Carragher,0.89,78.3,75.2,136.03,136.07,-7.38,399469
ath-P-53140,Ladislao Mazurkiewicz,LAMA,Athlete,Football • Goalkeeper • 1974,Fjelstul World Cup Database,https://en.wikipedia.org/wiki/Ladislao_Mazurkiewicz,0.89,78.3,75.2,136.26,132.66,-1.24,354336
ath-P-82814,Ludovic Magnin,LUMA,Athlete,Football • Defender • 2010,Fjelstul World Cup Database,https://en.wikipedia.org/wiki/Ludovic_Magnin,0.89,78.3,75.2,136.24,140.38,-5.36,430982
ath-P-37760,Ricardo Carvalho,RICA,Athlete,Football • Defender • 2010,Fjelstul World Cup Database,https://en.wikipedia.org/wiki/Ricardo_Carvalho,0.89,78.3,75.2,136.08,133.42,7.31,569643
ath-P-61906,Sándor Mátrai,SAM2,Athlete,Football • Defender • 1966,Fjelstul World Cup Database,https://en.wikipedia.org/wiki/S%C3%A1ndor_M%C3%A1trai,0.89,78.3,75.2,136.08,137.19,-0.49,499334
ath-P-27814,Cat Whitehill,CAWH,Athlete,Football • Defender • 2007,Fjelstul World Cup Database,https://en.wikipedia.org/wiki/Cat_Whitehill,0.89,78.2,75.1,135.83,134.55,-0.69,461399
ath-P-61550,Dong-jin Kim,DOK2,Athlete,Football • Defender • 2010,Fjelstul World Cup Database,https://en.wikipedia.org/wiki/Kim_Dong-jin,0.89,78.2,75.1,135.74,140.03,3.25,487707
ath-P-36686,Mario Gavranović,MAGA,Athlete,Football • Forward • 2018,Fjelstul World Cup Database,https://en.wikipedia.org/wiki/Mario_Gavranovi%C4%87,0.89,78.2,75.1,135.8,142.66,-5.14,462581
ath-P-73479,Bo-ram Hwang,BOHW,Athlete,Football • Defender • 2019,Fjelstul World Cup Database,https://en.wikipedia.org/wiki/Hwang_Bo-ram,0.89,78.1,75.0,135.45,131.43,5.16,544425
ath-P-53533,Djibril Cissé,DJCI,Athlete,Football • Forward • 2010,Fjelstul World Cup Database,https://en.wikipedia.org/wiki/Djibril_Ciss%C3%A9,0.89,78.1,75.0,135.35,121.29,1.44,424680
ath-P-73561,Duan Han,DUHA,Athlete,Football • Forward • 2007,Fjelstul World Cup Database,https://en.wikipedia.org/wiki/Han_Duan,0.89,78.1,75.0,135.54,139.39,5.5,411799
ath-P-71063,Romina Ferro,ROFE,Athlete,Football • Goalkeeper • 2007,Fjelstul World Cup Database,https://en.wikipedia.org/wiki/Romina_Ferro,0.89,78.0,75.0,135.22,142.98,0.98,548198
ath-P-44137,Yan Bi,YABI,Athlete,Football • Midfielder • 2007,Fjelstul World Cup Database,https://en.wikipedia.org/wiki/Bi_Yan,0.89,78.1,75.0,135.47,146.05,-0.45,368399
ath-P-61684,Alexander Frei,ALFR,Athlete,Football • Forward • 2010,Fjelstul World Cup Database,https://en.wikipedia.org/wiki/Alexander_Frei,0.89,78.0,74.9,135.17,131.27,2.97,361652
ath-P-96825,Aminatu Ibrahim,AMIB,Athlete,Football • Defender • 2007,Fjelstul World Cup Database,https://en.wikipedia.org/wiki/Aminatu_Ibrahim,0.89,78.0,74.9,135.0,135.14,-1.75,585398
ath-P-71560,Anne Dot Eggers Nielsen,ANNI,Athlete,Football • Midfielder • 2007,Fjelstul World Cup Database,https://en.wikipedia.org/wiki/Anne_Dot_Eggers_Nielsen,0.89,78.0,74.9,135.07,150.6,0.94,349799
ath-P-20690,Arnold Badjou,ARBA,Athlete,Football • Goalkeeper • 1938,Fjelstul World Cup Database,https://en.wikipedia.org/wiki/Arnold_Badjou,0.89,77.9,74.9,134.84,123.77,4.61,580509
ath-P-78983,Gry Tofte Ims,GRIM,Athlete,Football • Midfielder • 2015,Fjelstul World Cup Database,https://en.wikipedia.org/wiki/Gry_Tofte_Ims,0.89,78.0,74.9,135.02,124.57,5.79,701565
ath-P-73160,Jerry Palacios,JEPA,Athlete,Football • Forward • 2014,Fjelstul World Cup Database,https://en.wikipedia.org/wiki/Jerry_Palacios,0.89,78.0,74.9,135.11,126.37,-3.1,446591
ath-P-65611,Aaron Mokoena,AAM2,Athlete,Football • Defender • 2010,Fjelstul World Cup Database,https://en.wikipedia.org/wiki/Aaron_Mokoena,0.89,77.9,74.8,134.77,132.03,-2.48,393166
ath-P-58415,Alou Diarra,ALDI,Athlete,Football • Midfielder • 2010,Fjelstul World Cup Database,https://en.wikipedia.org/wiki/Alou_Diarra,0.89,77.8,74.8,134.51,124.25,8.49,355349
ath-P-53874,Boško Balaban,BOB2,Athlete,Football • Forward • 2006,Fjelstul World Cup Database,https://en.wikipedia.org/wiki/Bo%C5%A1ko_Balaban,0.89,77.9,74.8,134.75,120.32,3.7,606877
ath-P-39584,Bruno Fernandes,BRFE,Athlete,Football • Midfielder • 2022,Fjelstul World Cup Database,https://en.wikipedia.org/wiki/Bruno_Fernandes,0.89,77.8,74.8,134.54,133.27,-1.55,378096
ath-P-37990,Eduardo,EDUA,Athlete,Football • Goalkeeper • 2014,Fjelstul World Cup Database,https://en.wikipedia.org/wiki/Eduardo_Carvalho,0.89,77.9,74.8,134.77,139.35,-5.27,511008
ath-P-66877,Feifei Qu,FEQU,Athlete,Football • Midfielder • 2007,Fjelstul World Cup Database,https://en.wikipedia.org/wiki/Qu_Feifei,0.89,77.8,74.8,134.44,117.94,-7.37,368399
ath-P-55659,Franck Ribéry,FRR2,Athlete,Football • Midfielder • 2010,Fjelstul World Cup Database,https://en.wikipedia.org/wiki/Franck_Rib%C3%A9ry,0.89,77.9,74.8,134.79,130.95,4.65,393166
ath-P-46080,Garrincha,GARR,Athlete,Football • Forward • 1966,Fjelstul World Cup Database,https://en.wikipedia.org/wiki/Garrincha,0.89,77.8,74.8,134.48,130.61,-7.5,429233
ath-P-58348,Georgios Samaras,GESA,Athlete,Football • Forward • 2014,Fjelstul World Cup Database,https://en.wikipedia.org/wiki/Georgios_Samaras,0.89,77.9,74.8,134.61,130.27,-4.71,427266
ath-P-75144,Jesús del Muro,JEMU,Athlete,Football • Defender • 1966,Fjelstul World Cup Database,https://en.wikipedia.org/wiki/Jes%C3%BAs_del_Muro,0.89,77.9,74.8,134.72,141.75,7.52,308150
ath-P-28832,John Heitinga,JOH3,Athlete,Football • Defender • 2010,Fjelstul World Cup Database,https://en.wikipedia.org/wiki/John_Heitinga,0.89,77.9,74.8,134.6,151.11,-1.93,304927
ath-P-32968,Luisão,LUIS,Athlete,Football • Defender • 2010,Fjelstul World Cup Database,https://en.wikipedia.org/wiki/Luis%C3%A3o,0.89,77.8,74.8,134.54,136.52,5.23,330138
ath-P-87786,Saman Ghoddos,SAGH,Athlete,Football • Forward • 2022,Fjelstul World Cup Database,https://en.wikipedia.org/wiki/Saman_Ghoddos,0.89,77.9,74.8,134.7,124.48,1.57,391544
ath-P-64864,Aaron Lennon,AALE,Athlete,Football • Midfielder • 2010,Fjelstul World Cup Database,https://en.wikipedia.org/wiki/Aaron_Lennon,0.89,77.7,74.7,134.23,123.87,8.45,468799
ath-P-72803,Georgi Asparuhov,GEAS,Athlete,Football • Forward • 1970,Fjelstul World Cup Database,https://en.wikipedia.org/wiki/Georgi_Asparuhov,0.89,77.8,74.7,134.28,120.98,-6.97,594611
ath-P-05227,Luis Saritama,LUSA,Athlete,Football • Midfielder • 2014,Fjelstul World Cup Database,https://en.wikipedia.org/wiki/Luis_Saritama,0.89,77.8,74.7,134.39,148.3,4.03,304875
ath-P-08539,Young-kwang Kim,YOK2,Athlete,Football • Goalkeeper • 2010,Fjelstul World Cup Database,https://en.wikipedia.org/wiki/Kim_Young-kwang,0.89,77.7,74.7,134.09,133.08,5.74,500313
ath-P-08708,Esteban Paredes,ESPA,Athlete,Football • Forward • 2014,Fjelstul World Cup Database,https://en.wikipedia.org/wiki/Esteban_Paredes,0.89,77.7,74.6,134.01,128.62,3.82,324200
ath-P-11692,Fati Mohammed,FAM2,Athlete,Football • Goalkeeper • 2007,Fjelstul World Cup Database,https://en.wikipedia.org/wiki/Fati_Mohammed,0.89,77.7,74.6,134.02,131.38,9.42,368399
ath-P-61977,Un-gyong Ri,UNRI,Athlete,Football • Midfielder • 2007,Fjelstul World Cup Database,https://en.wikipedia.org/wiki/Ri_Un-gyong,0.89,77.6,74.6,133.85,145.03,-0.3,591598
ath-P-90430,Yuji Nakazawa,YUN2,Athlete,Football • Defender • 2010,Fjelstul World Cup Database,https://en.wikipedia.org/wiki/Yuji_Nakazawa,0.89,77.6,74.6,133.79,153.22,-7.22,317533
ath-P-02921,Amanda Ilestedt,AMIL,Athlete,Football • Defender • 2019,Fjelstul World Cup Database,https://en.wikipedia.org/wiki/Amanda_Ilestedt,0.89,77.5,74.5,133.49,144.91,-4.29,345891
ath-P-81025,Donis Escober,DOES,Athlete,Football • Goalkeeper • 2014,Fjelstul World Cup Database,https://en.wikipedia.org/wiki/Donis_Escober,0.89,77.6,74.5,133.62,148.6,0.24,407941
ath-P-69145,Laura Bassett,LABA,Athlete,Football • Midfielder • 2015,Fjelstul World Cup Database,https://en.wikipedia.org/wiki/Laura_Bassett,0.89,77.6,74.5,133.66,121.23,8.02,455438
ath-P-16994,Wendi Henderson,WEHE,Athlete,Football • Forward • 2007,Fjelstul World Cup Database,https://en.wikipedia.org/wiki/Wendi_Henderson,0.89,77.5,74.5,133.46,122.98,2.8,504799
ath-P-67332,Étienne Mattler,ETMA,Athlete,Football • Defender • 1938,Fjelstul World Cup Database,https://en.wikipedia.org/wiki/%C3%89tienne_Mattler,0.89,77.5,74.5,133.47,137.61,2.02,439131
ath-P-93241,Aruna Dindane,ARDI,Athlete,Football • Forward • 2010,Fjelstul World Cup Database,https://en.wikipedia.org/wiki/Aruna_Dindane,0.89,77.4,74.4,133.16,131.01,0.21,481405
ath-P-21704,Carl Medjani,CAME,Athlete,Football • Defender • 2014,Fjelstul World Cup Database,https://en.wikipedia.org/wiki/Carl_Medjani,0.89,77.4,74.4,133.2,141.72,0.11,446591
ath-P-90857,Marlon Ayoví,MAAY,Athlete,Football • Midfielder • 2006,Fjelstul World Cup Database,https://en.wikipedia.org/wiki/Marlon_Ayov%C3%AD,0.89,77.5,74.4,133.26,136.21,-7.27,329434
ath-cur-ath-018,Max Verstappen,MAVE,Athlete,Motorsport,Curated prototype anchor,,0.78,81.3,74.4,133.24,133.38,-5.54,666529
ath-P-36108,Máté Fenyvesi,MAFE,Athlete,Football • Forward • 1966,Fjelstul World Cup Database,https://en.wikipedia.org/wiki/M%C3%A1t%C3%A9_Fenyvesi,0.89,77.4,74.4,133.19,131.32,5.03,308150
ath-P-76946,Abdulaziz Al-Khathran,ABAL,Athlete,Football • Midfielder • 2006,Fjelstul World Cup Database,https://en.wikipedia.org/wiki/Abdulaziz_Khathran,0.89,77.3,74.3,132.84,147.63,0.53,440411
ath-P-97105,Allysha Chapman,ALCH,Athlete,Football • Defender • 2019,Fjelstul World Cup Database,https://en.wikipedia.org/wiki/Allysha_Chapman,0.89,77.3,74.3,132.83,151.59,-5.44,365744
ath-P-08624,Belinda Kanda,BEKA,Athlete,Football • Midfielder • 2007,Fjelstul World Cup Database,https://en.wikipedia.org/wiki/Belinda_Kanda,0.89,77.3,74.3,132.87,141.17,7.67,647398
ath-P-05758,Javi Martínez,JAM3,Athlete,Football • Midfielder • 2014,Fjelstul World Cup Database,https://en.wikipedia.org/wiki/Javi_Mart%C3%ADnez,0.89,77.3,74.3,132.66,142.8,4.81,427266
ath-P-78863,Mark Schwarzer,MASC,Athlete,Football • Goalkeeper • 2010,Fjelstul World Cup Database,https://en.wikipedia.org/wiki/Mark_Schwarzer,0.89,77.3,74.3,132.82,137.9,-3.15,424680
ath-P-96012,Aly Wagner,ALWA,Athlete,Football • Midfielder • 2007,Fjelstul World Cup Database,https://en.wikipedia.org/wiki/Aly_Wagner,0.89,77.2,74.2,132.37,133.93,3.7,436599
ath-P-16023,Efioanwan Ekpo,EFEK,Athlete,Football • Midfielder • 2007,Fjelstul World Cup Database,https://en.wikipedia.org/wiki/Efioanwan_Ekpo,0.89,77.2,74.2,132.4,141.53,-1.55,579198
ath-P-91832,Lucas Neill,LUNE,Athlete,Football • Defender • 2010,Fjelstul World Cup Database,https://en.wikipedia.org/wiki/Lucas_Neill,0.89,77.2,74.2,132.4,117.41,8.62,424680
ath-P-27419,Rodrigo Palacio,ROPA,Athlete,Football • Forward • 2014,Fjelstul World Cup Database,https://en.wikipedia.org/wiki/Rodrigo_Palacio,0.89,77.2,74.2,132.45,133.15,7.61,388616
ath-P-60008,Scott Chipperfield,SCCH,Athlete,Football • Midfielder • 2010,Fjelstul World Cup Database,https://en.wikipedia.org/wiki/Scott_Chipperfield,0.89,77.2,74.2,132.48,137.97,-0.06,361652
ath-P-12322,Danielle Small,DASM,Athlete,Football • Forward • 2007,Fjelstul World Cup Database,https://en.wikipedia.org/wiki/Danielle_Small,0.89,77.1,74.1,132.13,133.69,-1.6,535798
ath-P-30652,Mickaël Landreau,MIL3,Athlete,Football • Goalkeeper • 2014,Fjelstul World Cup Database,https://en.wikipedia.org/wiki/Micka%C3%ABl_Landreau,0.89,77.1,74.1,132.09,149.91,-4.09,324200
ath-P-31606,Wojciech Szczęsny,WOSZ,Athlete,Football • Goalkeeper • 2022,Fjelstul World Cup Database,https://en.wikipedia.org/wiki/Wojciech_Szcz%C4%99sny,0.89,77.1,74.1,131.89,122.61,6.18,317580
ath-P-71420,John Terry,JOTE,Athlete,Football • Defender • 2010,Fjelstul World Cup Database,https://en.wikipedia.org/wiki/John_Terry,0.89,77.0,74.0,131.77,132.04,-1.53,336441
ath-P-78594,Mario Gómez,MAG3,Athlete,Football • Forward • 2018,Fjelstul World Cup Database,https://en.wikipedia.org/wiki/Mario_G%C3%B3mez,0.89,76.9,74.0,131.5,146.26,8.8,344103
ath-P-68901,Nemanja Vidić,NEVI,Athlete,Football • Defender • 2010,Fjelstul World Cup Database,https://en.wikipedia.org/wiki/Nemanja_Vidi%C4%87,0.89,76.9,74.0,131.54,139.51,-2.56,367955
ath-P-77277,Shunsuke Nakamura,SHNA,Athlete,Football • Midfielder • 2010,Fjelstul World Cup Database,https://en.wikipedia.org/wiki/Shunsuke_Nakamura,0.89,77.0,74.0,131.7,139.23,3.93,330138
ath-P-00212,Thomas Sørensen,THSR,Athlete,Football • Goalkeeper • 2010,Fjelstul World Cup Database,https://en.wikipedia.org/wiki/Thomas_S%C3%B8rensen,0.89,77.0,74.0,131.65,121.47,-0.75,405771
ath-P-62769,Gōtoku Sakai,GOSA,Athlete,Football • Defender • 2018,Fjelstul World Cup Database,https://en.wikipedia.org/wiki/G%C5%8Dtoku_Sakai,0.89,76.8,73.9,131.12,136.49,-1.24,390178
ath-P-19025,Candace Chapman,CACH,Athlete,Football • Midfielder • 2011,Fjelstul World Cup Database,https://en.wikipedia.org/wiki/Candace_Chapman,0.89,76.7,73.8,130.85,147.51,6.79,344563
ath-P-96637,Seon-joo Lim,SELI,Athlete,Football • Defender • 2019,Fjelstul World Cup Database,https://en.wikipedia.org/wiki/Lim_Seon-joo,0.89,76.8,73.8,130.95,117.2,-5.34,326037
ath-P-75292,Dimitris Salpingidis,DISA,Athlete,Football • Forward • 2014,Fjelstul World Cup Database,https://en.wikipedia.org/wiki/Dimitris_Salpingidis,0.89,76.6,73.7,130.53,139.8,-6.89,375733
ath-cur-ath-011,Jannik Sinner,JASI,Athlete,Tennis,Curated prototype anchor,,0.78,80.3,73.7,130.35,138.08,-0.14,644466
ath-P-02281,Émile Veinante,EMVE,Athlete,Football • Forward • 1938,Fjelstul World Cup Database,https://en.wikipedia.org/wiki/%C3%89mile_Veinante,0.89,76.6,73.7,130.41,134.93,-5.89,504382
ath-P-98747,Rouzbeh Cheshmi,ROCH,Athlete,Football • Defender • 2022,Fjelstul World Cup Database,https://en.wikipedia.org/wiki/Rouzbeh_Cheshmi,0.89,76.5,73.6,130.19,130.09,-5.97,391544
ath-P-84693,Yaa Avoe,YAAV,Athlete,Football • Defender • 2007,Fjelstul World Cup Database,https://en.wikipedia.org/wiki/Yaa_Avoe,0.89,76.5,73.6,129.95,134.45,-1.6,517198
ath-P-91993,Andressa Alves,ANAL,Athlete,Football • Forward • 2019,Fjelstul World Cup Database,https://en.wikipedia.org/wiki/Andressa_Alves,0.89,76.4,73.5,129.79,119.15,-5.11,445158
ath-P-82607,Lauren Colthorpe,LACO,Athlete,Football • Midfielder • 2011,Fjelstul World Cup Database,https://en.wikipedia.org/wiki/Lauren_Colthorpe,0.89,76.2,73.3,129.05,131.98,8.98,319212
ath-P-95196,Jorge Fucile,JOFU,Athlete,Football • Defender • 2014,Fjelstul World Cup Database,https://en.wikipedia.org/wiki/Jorge_Fucile,0.89,76.1,73.2,128.68,136.89,-3.36,330641
ath-P-98782,Mary Phillip,MAPH,Athlete,Football • Defender • 2007,Fjelstul World Cup Database,https://en.wikipedia.org/wiki/Mary_Phillip,0.89,75.9,73.0,128.01,130.26,-0.02,312599
ath-P-84003,Michael Ballack,MIB3,Athlete,Football • Midfielder • 2006,Fjelstul World Cup Database,https://en.wikipedia.org/wiki/Michael_Ballack,0.89,75.8,73.0,127.78,130.03,8.72,545223
ath-P-09728,Stephen Appiah,STAP,Athlete,Football • Midfielder • 2010,Fjelstul World Cup Database,https://en.wikipedia.org/wiki/Stephen_Appiah,0.89,75.9,73.0,127.98,127.0,-6.87,342744
ath-P-31442,Therese Lundin,THLU,Athlete,Football • Forward • 2007,Fjelstul World Cup Database,https://en.wikipedia.org/wiki/Therese_Lundin_(footballer),0.89,75.7,72.9,127.35,128.02,-0.75,318799
ath-P-96343,Deco,DECO,Athlete,Football • Midfielder • 2010,Fjelstul World Cup Database,https://en.wikipedia.org/wiki/Deco,0.89,75.6,72.8,127.22,120.5,-2.96,380560
ath-P-03578,Johnny Haynes,JOHA,Athlete,Football • Forward • 1962,Fjelstul World Cup Database,https://en.wikipedia.org/wiki/Johnny_Haynes,0.89,75.4,72.6,126.31,115.67,2.15,314264
ath-P-36850,Maarten Stekelenburg,MAS3,Athlete,Football • Goalkeeper • 2010,Fjelstul World Cup Database,https://en.wikipedia.org/wiki/Maarten_Stekelenburg,0.89,75.4,72.6,126.53,122.51,8.47,342744
ath-P-50305,Sonja Fuss,SOFU,Athlete,Football • Defender • 2007,Fjelstul World Cup Database,https://en.wikipedia.org/wiki/Sonja_Fuss,0.89,75.4,72.6,126.34,114.81,-7.1,436599
ath-P-62376,Rudolf Bürger,RUBU,Athlete,Football • Defender • 1938,Fjelstul World Cup Database,https://en.wikipedia.org/wiki/Rudolf_B%C3%BCrger,0.89,75.2,72.4,125.72,137.1,0.83,281441
ath-P-37915,Teresa Noyola,TENO,Athlete,Football • Midfielder • 2015,Fjelstul World Cup Database,https://en.wikipedia.org/wiki/Teresa_Noyola,0.89,75.0,72.3,125.23,119.56,-7.2,345328
ath-P-52992,Florence Okoe,FLOK,Athlete,Football • Midfielder • 2007,Fjelstul World Cup Database,https://en.wikipedia.org/wiki/Florence_Okoe,0.89,74.8,72.1,124.58,136.86,-6.62,306399
ath-P-86813,Tom Finney,TOFI,Athlete,Football • Forward • 1958,Fjelstul World Cup Database,https://en.wikipedia.org/wiki/Tom_Finney,0.89,74.8,72.1,124.63,113.31,-1.05,362588
ath-P-60181,Viktor Serebryanikov,VISE,Athlete,Football • Forward • 1970,Fjelstul World Cup Database,https://en.wikipedia.org/wiki/Viktor_Serebryanikov,0.89,74.7,72.0,124.28,121.38,-4.04,516461
ath-P-10604,Edmond Delfour,EDDE,Athlete,Football • Forward • 1938,Fjelstul World Cup Database,https://en.wikipedia.org/wiki/Edmond_Delfour,0.89,74.6,71.9,123.84,118.12,-3.68,373880
ath-P-53363,Osman Chávez,OSCH,Athlete,Football • Defender • 2014,Fjelstul World Cup Database,https://en.wikipedia.org/wiki/Osman_Ch%C3%A1vez,0.89,74.2,71.6,122.68,134.84,-0.59,317758
ath-cur-ath-004,Lamine Yamal,LAYA,Athlete,Football,Curated prototype anchor,,0.78,77.5,71.4,122.08,108.86,7.02,509287
ath-cur-ath-005,LeBron James,LEJA,Athlete,Basketball,Curated prototype anchor,,0.78,77.4,71.4,122.04,117.51,-1.67,593027
ath-P-85443,Bernard Voorhoof,BEV2,Athlete,Football • Forward • 1938,Fjelstul World Cup Database,https://en.wikipedia.org/wiki/Bernard_Voorhoof,0.89,73.8,71.2,121.36,131.91,6.53,357568
ath-P-19801,Cheick Tioté,CHTI,Athlete,Football • Midfielder • 2014,Fjelstul World Cup Database,https://en.wikipedia.org/wiki/Cheick_Tiot%C3%A9,0.89,73.3,70.8,119.74,111.85,-4.53,349966
ath-P-92882,José Antonio Roca,JORO,Athlete,Football • Forward • 1958,Fjelstul World Cup Database,https://en.wikipedia.org/wiki/Jos%C3%A9_Antonio_Roca,0.89,73.4,70.8,119.85,118.23,-1.85,508941
ath-cur-ath-015,Cristiano Ronaldo,CRRO,Athlete,Football,Curated prototype anchor,,0.78,75.6,69.9,116.81,126.68,-4.51,473729
ath-cur-ath-012,Patrick Mahomes,PAMA,Athlete,American football,Curated prototype anchor,,0.78,75.2,69.7,115.93,122.15,5.0,302813
ath-cur-ath-006,Stephen Curry,STCU,Athlete,Basketball,Curated prototype anchor,,0.78,74.8,69.3,114.71,118.71,5.98,553374
ath-cur-ath-014,Lionel Messi,LIME,Athlete,Football,Curated prototype anchor,,0.78,73.2,68.1,110.56,116.52,-6.55,286962
ath-cur-ath-007,A’ja Wilson,AJWI,Athlete,Basketball,Curated prototype anchor,,0.78,72.2,67.3,107.88,106.63,-1.97,452878
ath-cur-ath-013,Lamar Jackson,LAJA,Athlete,American football,Curated prototype anchor,,0.78,71.2,66.6,105.27,109.18,-1.37,298115
ath-cur-ath-008,Simone Biles,SIBI,Athlete,Gymnastics,Curated prototype anchor,,0.78,70.7,66.1,103.85,106.17,0.26,332590
ath-cur-ath-016,Serena Williams,SEWI,Athlete,Tennis,Curated prototype anchor,,0.78,69.6,65.3,101.18,91.05,-2.4,474284
sin-tmdb-music-1213,James Newton Howard,JAH7,Singer,Music • Original Music Composer,TMDB 5000 music-crew sample,https://www.themoviedb.org/person/1213,0.8,93.6,84.9,176.2,174.57,-1.24,881400
sin-tmdb-music-4500,John Debney,JOD3,Singer,Music • Original Music Composer,TMDB 5000 music-crew sample,https://www.themoviedb.org/person/4500,0.8,91.6,83.3,169.2,181.63,3.92,390517
sin-tmdb-music-37,Alan Silvestri,ALS6,Singer,Music • Original Music Composer,TMDB 5000 music-crew sample,https://www.themoviedb.org/person/37,0.8,91.3,83.1,168.19,160.65,-1.5,516542
sin-tmdb-music-11098,John Powell,JOPO,Singer,Music • Original Music Composer,TMDB 5000 music-crew sample,https://www.themoviedb.org/person/11098,0.8,88.9,81.1,160.01,155.31,3.37,755632
sin-tmdb-music-7229,Marco Beltrami,MA20,Singer,Music • Original Music Composer,TMDB 5000 music-crew sample,https://www.themoviedb.org/person/7229,0.8,88.4,80.7,158.06,170.73,1.17,786028
sin-tmdb-music-1729,James Horner,JAH8,Singer,Music • Original Music Composer,TMDB 5000 music-crew sample,https://www.themoviedb.org/person/1729,0.8,87.0,79.6,153.51,173.69,-5.56,496411
sin-pantheon-12958,Giuseppe Verdi,GIVE,Singer,Music • Composer,Pantheon 1.0 historical biographies,,0.77,88.1,79.4,152.65,162.87,7.9,706891
sin-pantheon-76572,Antonín Dvořák,ANDV,Singer,Music • Composer,Pantheon 1.0 historical biographies,,0.77,87.4,78.8,150.37,154.44,-4.44,699510
sin-tmdb-music-23486,Christophe Beck,CHB3,Singer,Music • Original Music Composer,TMDB 5000 music-crew sample,https://www.themoviedb.org/person/23486,0.8,86.0,78.8,150.29,143.51,-1.43,409005
sin-tmdb-music-4140,Mark Isham,MAI2,Singer,Music • Original Music Composer,TMDB 5000 music-crew sample,https://www.themoviedb.org/person/4140,0.8,85.8,78.7,149.83,159.15,-5.84,502147
sin-tmdb-music-117,Howard Shore,HOSH,Singer,Music • Original Music Composer,TMDB 5000 music-crew sample,https://www.themoviedb.org/person/117,0.8,85.4,78.3,148.41,142.07,0.49,661988
sin-cur-mus-009,SZA,SZAX,Singer,R&B,Curated prototype anchor,,0.78,86.3,78.3,148.45,145.15,-7.27,614076
sin-pantheon-13736167,Paul McCartney,PAMC,Singer,Music • Musician,Pantheon 1.0 historical biographies,,0.77,86.7,78.2,148.11,149.74,8.4,431308
sin-pantheon-17914,Ludwig van Beethoven,LUBE,Singer,Music • Composer,Pantheon 1.0 historical biographies,,0.77,86.4,78.1,147.34,134.72,-0.92,477271
sin-pantheon-4637590,Bob Dylan,BODY,Singer,Music • Musician,Pantheon 1.0 historical biographies,,0.77,86.3,78.0,146.96,158.82,8.49,746337
sin-pantheon-10672,Frank Zappa,FRZA,Singer,Music • Musician,Pantheon 1.0 historical biographies,,0.77,86.4,78.0,147.16,147.98,1.97,445087
sin-tmdb-music-19155,Christopher Young,CHYO,Singer,Music • Original Music Composer,TMDB 5000 music-crew sample,https://www.themoviedb.org/person/19155,0.8,84.9,77.9,146.81,154.44,-1.0,375179
sin-tmdb-music-1225,Carter Burwell,CABU,Singer,Music • Original Music Composer,TMDB 5000 music-crew sample,https://www.themoviedb.org/person/1225,0.8,84.0,77.2,143.94,155.83,-2.85,521991
sin-tmdb-music-5912,Graeme Revell,GRRE,Singer,Music • Original Music Composer,TMDB 5000 music-crew sample,https://www.themoviedb.org/person/5912,0.8,84.0,77.2,143.79,137.52,-4.77,548530
sin-pantheon-157487,Keith Richards,KERI,Singer,Music • Musician,Pantheon 1.0 historical biographies,,0.77,85.3,77.2,143.92,166.69,4.37,650358
sin-tmdb-music-5553,Harry Gregson-Williams,HAGR,Singer,Music • Original Music Composer,TMDB 5000 music-crew sample,https://www.themoviedb.org/person/5553,0.8,83.6,76.9,142.61,149.76,-2.22,570870
sin-pantheon-9906294,Johann Sebastian Bach,JOB7,Singer,Music • Composer,Pantheon 1.0 historical biographies,,0.77,85.0,76.9,142.85,135.81,-6.98,573702
sin-pantheon-25452,Richard Wagner,RIWA,Singer,Music • Composer,Pantheon 1.0 historical biographies,,0.77,85.0,76.9,142.89,149.68,1.34,627529
sin-cur-mus-010,Dua Lipa,DULI,Singer,Pop,Curated prototype anchor,,0.78,84.3,76.8,142.27,162.64,-1.65,330256
sin-pantheon-16094,Joseph Haydn,JO23,Singer,Music • Composer,Pantheon 1.0 historical biographies,,0.77,84.5,76.6,141.42,155.52,-0.7,726630
sin-pantheon-8239846,Bob Marley,BOMA,Singer,Music • Musician,Pantheon 1.0 historical biographies,,0.77,84.4,76.5,141.17,144.9,-1.25,469913
sin-pantheon-48927,Camille Saint-Saëns,CAS6,Singer,Music • Composer,Pantheon 1.0 historical biographies,,0.77,84.4,76.5,141.19,150.94,-6.19,685656
sin-pantheon-148341,Carlos Santana,CAS7,Singer,Music • Musician,Pantheon 1.0 historical biographies,,0.77,84.4,76.5,141.22,135.42,-3.03,645341
sin-pantheon-65174,Gustav Mahler,GUMA,Singer,Music • Composer,Pantheon 1.0 historical biographies,,0.77,84.4,76.5,141.27,163.02,0.44,333671
sin-pantheon-10823,Frédéric Chopin,FRCH,Singer,Music • Composer,Pantheon 1.0 historical biographies,,0.77,84.1,76.3,140.22,125.72,-7.47,736298
sin-pantheon-18313,Louis Armstrong,LOAR,Singer,Music • Musician,Pantheon 1.0 historical biographies,,0.77,84.2,76.3,140.49,147.69,5.73,613389
sin-pantheon-82061,Tina Turner,TITU,Singer,Music • Singer,Pantheon 1.0 historical biographies,,0.77,84.1,76.3,140.37,132.83,3.4,667555
sin-cur-mus-003,Bad Bunny,BABU,Singer,Latin / Reggaeton,Curated prototype anchor,,0.78,83.6,76.2,139.92,140.16,2.29,604710
sin-pantheon-10049,Eric Clapton,ERCL,Singer,Music • Musician,Pantheon 1.0 historical biographies,,0.77,84.0,76.2,140.07,134.62,6.36,723413
sin-cur-mus-001,Taylor Swift,TASW,Singer,Pop,Curated prototype anchor,,0.78,83.6,76.2,139.95,144.62,-0.7,547512
sin-tmdb-music-2949,Alexandre Desplat,ALDE,Singer,Music • Original Music Composer,TMDB 5000 music-crew sample,https://www.themoviedb.org/person/2949,0.8,82.6,76.1,139.66,135.55,-1.12,433919
sin-pantheon-199158,Mark Knopfler,MAKN,Singer,Music • Musician,Pantheon 1.0 historical biographies,,0.77,83.9,76.1,139.52,155.55,-5.44,521479
sin-pantheon-27681,Sergei Prokofiev,SEPR,Singer,Music • Composer,Pantheon 1.0 historical biographies,,0.77,83.9,76.1,139.74,146.61,2.64,647736
sin-tmdb-music-894,Trevor Rabin,TRRA,Singer,Music • Original Music Composer,TMDB 5000 music-crew sample,https://www.themoviedb.org/person/894,0.8,82.7,76.1,139.76,140.17,0.31,358515
sin-pantheon-20405,Miles Davis,MIDA,Singer,Music • Musician,Pantheon 1.0 historical biographies,,0.77,83.8,76.0,139.38,152.65,9.2,590167
sin-pantheon-32472,Vangelis,VANG,Singer,Music • Composer,Pantheon 1.0 historical biographies,,0.77,83.7,75.9,139.01,131.57,4.17,686464
sin-pantheon-140308,Alice Cooper,ALC3,Singer,Music • Musician,Pantheon 1.0 historical biographies,,0.77,83.4,75.7,138.18,145.51,-1.95,492965
sin-cur-mus-002,Beyoncé,BEYO,Singer,R&B / Pop,Curated prototype anchor,,0.78,83.0,75.7,138.09,139.92,-4.87,442347
sin-pantheon-49644,Jean Sibelius,JES4,Singer,Music • Composer,Pantheon 1.0 historical biographies,,0.77,83.3,75.7,137.89,150.22,-0.37,448421
sin-pantheon-15135713,Jim Morrison,JIMO,Singer,Music • Singer,Pantheon 1.0 historical biographies,,0.77,83.4,75.7,138.21,154.74,3.68,616676
sin-pantheon-16095,Jimi Hendrix,JIHE,Singer,Music • Musician,Pantheon 1.0 historical biographies,,0.77,83.4,75.7,138.02,154.23,6.84,368839
sin-pantheon-445390,Bon Scott,BOSC,Singer,Music • Musician,Pantheon 1.0 historical biographies,,0.77,83.2,75.6,137.52,155.54,4.86,586602
sin-pantheon-50960,Joan Baez,JOB9,Singer,Music • Singer,Pantheon 1.0 historical biographies,,0.77,83.2,75.6,137.54,159.44,-7.27,450849
sin-pantheon-16339,Johannes Brahms,JOB8,Singer,Music • Composer,Pantheon 1.0 historical biographies,,0.77,83.2,75.6,137.54,131.08,-5.12,615481
sin-pantheon-57187,Mick Jagger,MIJA,Singer,Music • Singer,Pantheon 1.0 historical biographies,,0.77,83.2,75.6,137.61,134.95,7.36,447921
sin-pantheon-132809,Leoš Janáček,LEJ3,Singer,Music • Composer,Pantheon 1.0 historical biographies,,0.77,83.2,75.5,137.41,151.14,4.17,674939
sin-pantheon-11181,Frank Sinatra,FRSI,Singer,Music • Singer,Pantheon 1.0 historical biographies,,0.77,83.1,75.4,137.11,152.6,4.85,604710
sin-pantheon-44656,Domenico Scarlatti,DOS2,Singer,Music • Composer,Pantheon 1.0 historical biographies,,0.77,82.9,75.3,136.69,157.88,2.4,483134
sin-tmdb-music-5666,Mark Mothersbaugh,MA21,Singer,Music • Original Music Composer,TMDB 5000 music-crew sample,https://www.themoviedb.org/person/5666,0.8,81.6,75.3,136.46,155.88,9.25,520292
sin-pantheon-67379,Franz Liszt,FRLI,Singer,Music • Musician,Pantheon 1.0 historical biographies,,0.77,82.7,75.2,136.14,143.44,-0.04,397984
sin-pantheon-251388,Herbert von Karajan,HEKA,Singer,Music • Conductor,Pantheon 1.0 historical biographies,,0.77,82.7,75.2,136.05,135.4,-4.34,367777
sin-pantheon-292471,César Franck,CEF2,Singer,Music • Composer,Pantheon 1.0 historical biographies,,0.77,82.6,75.1,135.64,136.16,9.13,377369
sin-pantheon-175946,David Gilmour,DAGI,Singer,Music • Musician,Pantheon 1.0 historical biographies,,0.77,82.5,75.1,135.61,150.74,8.12,591156
sin-pantheon-9956,Erik Satie,ERSA,Singer,Music • Composer,Pantheon 1.0 historical biographies,,0.77,82.5,75.1,135.62,153.62,4.13,385921
sin-pantheon-53536,John Coltrane,JO25,Singer,Music • Musician,Pantheon 1.0 historical biographies,,0.77,82.5,75.1,135.63,134.24,-5.66,442617
sin-pantheon-4408,Buddy Holly,BUHO,Singer,Music • Musician,Pantheon 1.0 historical biographies,,0.77,82.4,75.0,135.32,141.35,-6.22,621841
sin-pantheon-297372,Arthur Rubinstein,ARRU,Singer,Music • Musician,Pantheon 1.0 historical biographies,,0.77,82.3,74.9,134.94,153.06,-1.82,516321
sin-pantheon-41536,Duke Ellington,DUEL,Singer,Music • Musician,Pantheon 1.0 historical biographies,,0.77,82.3,74.9,134.84,151.11,6.26,454509
sin-pantheon-145255,György Ligeti,GYLI,Singer,Music • Composer,Pantheon 1.0 historical biographies,,0.77,82.3,74.9,134.98,142.33,2.29,625426
sin-pantheon-53424,Hector Berlioz,HEBE,Singer,Music • Composer,Pantheon 1.0 historical biographies,,0.77,82.4,74.9,135.1,155.04,3.75,349693
sin-pantheon-85406,Ozzy Osbourne,OZOS,Singer,Music • Singer,Pantheon 1.0 historical biographies,,0.77,82.4,74.9,135.08,131.99,-6.25,537964
sin-pantheon-83312,Sting,STIN,Singer,Music • Musician,Pantheon 1.0 historical biographies,,0.77,82.4,74.9,135.11,131.88,-6.82,519369
sin-pantheon-151603,Dean Martin,DEM2,Singer,Music • Musician,Pantheon 1.0 historical biographies,,0.77,82.1,74.7,134.21,147.0,-3.31,548608
sin-pantheon-16245,Janis Joplin,JAJ3,Singer,Music • Singer,Pantheon 1.0 historical biographies,,0.77,82.0,74.7,134.12,133.03,3.8,445946
sin-pantheon-45968,Tom Jones,TOJ3,Singer,Music • Singer,Pantheon 1.0 historical biographies,,0.77,82.0,74.7,134.06,142.65,8.7,460830
sin-pantheon-44012,Anton Bruckner,ANB7,Singer,Music • Composer,Pantheon 1.0 historical biographies,,0.77,81.9,74.6,133.8,149.48,2.27,429736
sin-pantheon-1425,Antonio Vivaldi,ANVI,Singer,Music • Composer,Pantheon 1.0 historical biographies,,0.77,81.9,74.6,133.71,131.83,5.23,415984
sin-pantheon-141841,Arthur Honegger,ARHO,Singer,Music • Composer,Pantheon 1.0 historical biographies,,0.77,81.9,74.6,133.7,146.87,-0.32,560326
sin-tmdb-music-6041,Brian Tyler,BRTY,Singer,Music • Original Music Composer,TMDB 5000 music-crew sample,https://www.themoviedb.org/person/6041,0.8,80.8,74.6,134.02,147.35,-4.53,642260
sin-pantheon-45964,Chuck Berry,CHBE,Singer,Music • Musician,Pantheon 1.0 historical biographies,,0.77,82.0,74.6,133.98,124.38,-4.51,615998
sin-pantheon-67955,Georges Bizet,GEBI,Singer,Music • Composer,Pantheon 1.0 historical biographies,,0.77,81.9,74.6,133.75,143.59,-2.51,437892
sin-pantheon-33163,Wolfgang Amadeus Mozart,WOMO,Singer,Music • Composer,Pantheon 1.0 historical biographies,,0.77,81.8,74.5,133.31,120.8,-4.04,416709
sin-cur-mus-004,Billie Eilish,BIEI,Singer,Alternative pop,Curated prototype anchor,,0.78,81.3,74.4,133.05,128.17,0.33,615653
sin-pantheon-5052197,Elton John,ELJO,Singer,Music • Musician,Pantheon 1.0 historical biographies,,0.77,81.7,74.4,133.2,138.23,9.35,615957
sin-pantheon-45190,Carl Maria von Weber,CAWE,Singer,Music • Composer,Pantheon 1.0 historical biographies,,0.77,81.6,74.3,132.76,125.43,-3.23,659785
sin-pantheon-144123,Vladimir Horowitz,VLHO,Singer,Music • Musician,Pantheon 1.0 historical biographies,,0.77,81.5,74.3,132.59,132.55,-5.29,645168
sin-pantheon-180568,Anni-Frid Lyngstad,ANLY,Singer,Music • Singer,Pantheon 1.0 historical biographies,,0.77,81.4,74.2,132.37,130.91,4.83,494508
sin-pantheon-88401,Víctor Jara,VIJA,Singer,Music • Singer,Pantheon 1.0 historical biographies,,0.77,81.4,74.2,132.21,150.11,-5.14,633025
sin-pantheon-2241,Antonio Salieri,ANS4,Singer,Music • Composer,Pantheon 1.0 historical biographies,,0.77,81.3,74.1,132.04,151.2,-2.0,304802
sin-pantheon-6479315,Shakira,SHAK,Singer,Music • Singer,Pantheon 1.0 historical biographies,,0.77,81.3,74.1,132.12,145.04,-5.66,499298
sin-pantheon-12775,George Frideric Handel,GEH2,Singer,Music • Composer,Pantheon 1.0 historical biographies,,0.77,81.1,74.0,131.46,126.94,-0.3,524908
sin-pantheon-269826,James Hetfield,JAH6,Singer,Music • Musician,Pantheon 1.0 historical biographies,,0.77,81.1,74.0,131.44,148.44,8.9,488133
sin-pantheon-3740,Björn Ulvaeus,BJUL,Singer,Music • Musician,Pantheon 1.0 historical biographies,,0.77,81.1,73.9,131.31,138.37,7.89,597861
sin-pantheon-26822,Steve Reich,STR2,Singer,Music • Composer,Pantheon 1.0 historical biographies,,0.77,81.1,73.9,131.38,139.74,7.56,631290
sin-pantheon-73087,Gabriel Fauré,GAFA,Singer,Music • Composer,Pantheon 1.0 historical biographies,,0.77,80.9,73.8,130.73,147.03,-3.88,573991
sin-pantheon-298396,Max Reger,MARE,Singer,Music • Composer,Pantheon 1.0 historical biographies,,0.77,80.9,73.8,130.77,148.7,0.86,490596
sin-pantheon-146595,Olivier Messiaen,OLME,Singer,Music • Composer,Pantheon 1.0 historical biographies,,0.77,81.0,73.8,130.98,147.89,4.88,463255
sin-pantheon-143605,Alexander Borodin,ALB8,Singer,Music • Composer,Pantheon 1.0 historical biographies,,0.77,80.7,73.7,130.3,139.33,5.71,440032
sin-pantheon-8786,David Bowie,DAB4,Singer,Music • Singer,Pantheon 1.0 historical biographies,,0.77,80.8,73.7,130.47,147.62,-7.37,391750
sin-pantheon-12731,George Harrison,GEH3,Singer,Music • Musician,Pantheon 1.0 historical biographies,,0.77,80.8,73.7,130.41,129.72,-7.0,334665
sin-pantheon-49073,Pablo Casals,PACA,Singer,Music • Musician,Pantheon 1.0 historical biographies,,0.77,80.8,73.7,130.66,136.28,-4.72,586255
sin-pantheon-43927,Billy Joel,BIJO,Singer,Music • Singer,Pantheon 1.0 historical biographies,,0.77,80.6,73.6,129.94,132.82,-0.67,455181
sin-pantheon-15766,James Brown,JA11,Singer,Music • Singer,Pantheon 1.0 historical biographies,,0.77,80.6,73.6,130.01,118.03,-5.94,539406
sin-pantheon-2406,Alban Berg,ALB9,Singer,Music • Composer,Pantheon 1.0 historical biographies,,0.77,80.5,73.5,129.62,117.43,-4.61,442147
sin-pantheon-202343,Ferruccio Busoni,FEBU,Singer,Music • Composer,Pantheon 1.0 historical biographies,,0.77,80.5,73.5,129.82,137.97,7.12,380119
sin-pantheon-177293,Gilberto Gil,GIGI,Singer,Music • Musician,Pantheon 1.0 historical biographies,,0.77,80.5,73.5,129.66,144.67,8.79,631576
sin-pantheon-48068,Maurice Ravel,MAR9,Singer,Music • Composer,Pantheon 1.0 historical biographies,,0.77,80.5,73.5,129.56,130.28,-6.97,378264
sin-pantheon-24503,Pyotr Ilyich Tchaikovsky,PYTC,Singer,Music • Composer,Pantheon 1.0 historical biographies,,0.77,80.5,73.5,129.74,117.82,-7.45,332733
sin-pantheon-60192,Bruce Springsteen,BRS3,Singer,Music • Musician,Pantheon 1.0 historical biographies,,0.77,80.4,73.4,129.3,138.25,0.89,452073
sin-pantheon-32817065,Otis Redding,OTRE,Singer,Music • Singer,Pantheon 1.0 historical biographies,,0.77,80.4,73.4,129.26,128.33,-3.03,458376
sin-pantheon-164479,Curtis Mayfield,CUMA,Singer,Music • Musician,Pantheon 1.0 historical biographies,,0.77,80.2,73.3,128.85,136.45,8.52,602912
sin-tmdb-music-3393,David Newman,DANE,Singer,Music • Original Music Composer,TMDB 5000 music-crew sample,https://www.themoviedb.org/person/3393,0.8,79.1,73.3,129.04,150.21,0.13,493765
sin-pantheon-227696,Luciano Pavarotti,LUPA,Singer,Music • Singer,Pantheon 1.0 historical biographies,,0.77,80.2,73.3,128.94,131.1,-6.7,351182
sin-pantheon-766411,Sofia Rotaru,SORO,Singer,Music • Singer,Pantheon 1.0 historical biographies,,0.77,80.3,73.3,129.04,136.77,3.55,527308
sin-pantheon-53360,Cole Porter,COPO,Singer,Music • Composer,Pantheon 1.0 historical biographies,,0.77,80.2,73.2,128.69,129.3,-3.33,292978
sin-pantheon-38172,Igor Stravinsky,IGST,Singer,Music • Composer,Pantheon 1.0 historical biographies,,0.77,80.1,73.2,128.62,140.59,5.28,617175
sin-pantheon-152682,Jean-Philippe Rameau,JERA,Singer,Music • Composer,Pantheon 1.0 historical biographies,,0.77,80.1,73.2,128.66,133.93,-0.42,362963
sin-pantheon-98419,Jerry Lee Lewis,JEL6,Singer,Music • Musician,Pantheon 1.0 historical biographies,,0.77,80.1,73.2,128.5,116.18,0.43,654356
sin-pantheon-16316,John Dowland,JODO,Singer,Music • Musician,Pantheon 1.0 historical biographies,,0.77,80.2,73.2,128.75,140.92,-6.49,524877
sin-pantheon-84250,Thelonious Monk,THMO,Singer,Music • Musician,Pantheon 1.0 historical biographies,,0.77,80.1,73.2,128.54,134.22,5.78,442109
sin-pantheon-9288,Elvis Presley,ELPR,Singer,Music • Singer,Pantheon 1.0 historical biographies,,0.77,80.0,73.1,128.3,126.66,-4.38,461224
sin-pantheon-50420,Billie Holiday,BIHO,Singer,Music • Singer,Pantheon 1.0 historical biographies,,0.77,79.9,73.0,128.04,136.78,-5.74,498721
sin-pantheon-8520,Dmitri Shostakovich,DMSH,Singer,Music • Composer,Pantheon 1.0 historical biographies,,0.77,79.9,73.0,127.87,142.17,-5.69,693908
sin-pantheon-65676,Anton Webern,ANWE,Singer,Music • Composer,Pantheon 1.0 historical biographies,,0.77,79.7,72.9,127.35,139.66,-6.75,299410
sin-pantheon-394493,Jerry Goldsmith,JEG4,Singer,Music • Composer,Pantheon 1.0 historical biographies,,0.77,79.8,72.9,127.59,143.09,4.75,505818
sin-pantheon-147073,Little Richard,LIRI,Singer,Music • Singer,Pantheon 1.0 historical biographies,,0.77,79.7,72.9,127.38,133.36,-3.79,308378
sin-pantheon-67482,Richard Strauss,RIST,Singer,Music • Composer,Pantheon 1.0 historical biographies,,0.77,79.7,72.9,127.38,117.04,-5.26,458947
sin-pantheon-21222062,Brian Eno,BREN,Singer,Music • Musician,Pantheon 1.0 historical biographies,,0.77,79.6,72.8,127.12,116.22,8.4,566550
sin-pantheon-154695,Diana Ross,DIRO,Singer,Music • Singer,Pantheon 1.0 historical biographies,,0.77,79.6,72.8,127.2,121.51,2.97,611929
sin-pantheon-147311,Ray Charles,RAC2,Singer,Music • Musician,Pantheon 1.0 historical biographies,,0.77,79.6,72.8,127.16,136.18,4.75,407106
sin-pantheon-57634,Carl Orff,CAOR,Singer,Music • Composer,Pantheon 1.0 historical biographies,,0.77,79.5,72.7,126.69,137.28,3.22,701542
sin-pantheon-97778,Slash,SLAS,Singer,Music • Musician,Pantheon 1.0 historical biographies,,0.77,79.5,72.7,126.93,139.34,8.64,468648
sin-tmdb-music-153,Thomas Newman,THN2,Singer,Music • Original Music Composer,TMDB 5000 music-crew sample,https://www.themoviedb.org/person/153,0.8,78.4,72.7,126.82,123.31,3.68,527842
sin-pantheon-232669,Tony Bennett,TOB3,Singer,Music • Singer,Pantheon 1.0 historical biographies,,0.77,79.5,72.7,126.68,136.99,0.69,548039
sin-pantheon-147367,Aretha Franklin,ARF2,Singer,Music • Singer,Pantheon 1.0 historical biographies,,0.77,79.3,72.6,126.35,123.26,-4.34,590126
sin-pantheon-147687,Stevie Wonder,STWO,Singer,Music • Singer,Pantheon 1.0 historical biographies,,0.77,79.3,72.6,126.34,130.01,3.87,596988
sin-pantheon-152755,Anton Rubinstein,ANR4,Singer,Music • Composer,Pantheon 1.0 historical biographies,,0.77,79.2,72.5,126.07,138.28,-2.91,394258
sin-pantheon-177278,Caetano Veloso,CAV3,Singer,Music • Musician,Pantheon 1.0 historical biographies,,0.77,79.2,72.5,125.93,115.67,-7.47,577550
sin-pantheon-14135,Henry Purcell,HEPU,Singer,Music • Composer,Pantheon 1.0 historical biographies,,0.77,79.1,72.4,125.65,125.24,-4.99,436977
sin-pantheon-91751,Jacques Brel,JA12,Singer,Music • Singer,Pantheon 1.0 historical biographies,,0.77,79.1,72.4,125.77,116.2,6.99,450220
sin-pantheon-99340,Sergei Rachmaninoff,SER3,Singer,Music • Composer,Pantheon 1.0 historical biographies,,0.77,79.1,72.4,125.69,114.52,-3.83,623760
sin-pantheon-160965,Joe Strummer,JOS5,Singer,Music • Musician,Pantheon 1.0 historical biographies,,0.77,78.9,72.3,125.2,123.71,-6.02,443070
sin-pantheon-4527,Béla Bartók,BEB3,Singer,Music • Composer,Pantheon 1.0 historical biographies,,0.77,78.8,72.2,124.79,138.48,-5.9,375823
sin-pantheon-85267,Darius Milhaud,DAM5,Singer,Music • Composer,Pantheon 1.0 historical biographies,,0.77,78.8,72.2,124.99,137.13,-6.52,550691
sin-pantheon-10085,Edward Elgar,EDEL,Singer,Music • Composer,Pantheon 1.0 historical biographies,,0.77,78.9,72.2,125.01,123.15,-4.16,407978
sin-pantheon-58237,Carl Philipp Emanuel Bach,CAB4,Singer,Music • Composer,Pantheon 1.0 historical biographies,,0.77,78.7,72.1,124.48,139.84,-3.79,390313
sin-pantheon-163633,Georg Solti,GESO,Singer,Music • Conductor,Pantheon 1.0 historical biographies,,0.77,78.7,72.1,124.67,128.23,2.11,571892
sin-pantheon-65444,Glenn Gould,GLGO,Singer,Music • Musician,Pantheon 1.0 historical biographies,,0.77,78.7,72.1,124.58,113.56,2.7,534741
sin-pantheon-4740559,Syd Barrett,SYBA,Singer,Music • Musician,Pantheon 1.0 historical biographies,,0.77,78.7,72.1,124.56,129.27,3.72,490581
sin-pantheon-142550,Yo-Yo Ma,YOMA,Singer,Music • Composer,Pantheon 1.0 historical biographies,,0.77,78.7,72.1,124.49,134.24,4.7,525743
sin-pantheon-161891,Carl Czerny,CACZ,Singer,Music • Composer,Pantheon 1.0 historical biographies,,0.77,78.5,72.0,124.07,136.08,7.26,287728
sin-pantheon-54408,Charlie Parker,CHP5,Singer,Music • Musician,Pantheon 1.0 historical biographies,,0.77,78.5,72.0,124.13,138.4,-4.54,372089
sin-pantheon-173825,Roger Waters,ROWA,Singer,Music • Musician,Pantheon 1.0 historical biographies,,0.77,78.5,72.0,124.06,122.13,-1.88,347337
sin-pantheon-177556,Cliff Burton,CLBU,Singer,Music • Musician,Pantheon 1.0 historical biographies,,0.77,78.5,71.9,123.94,123.65,-3.33,503983
sin-pantheon-3741,Benny Andersson,BEAN,Singer,Music • Musician,Pantheon 1.0 historical biographies,,0.77,78.3,71.8,123.51,140.93,4.48,321309
sin-pantheon-255405,Bruce Dickinson,BRDI,Singer,Music • Singer,Pantheon 1.0 historical biographies,,0.77,78.3,71.8,123.56,122.4,6.59,459986
sin-pantheon-66283,Charles Ives,CHIV,Singer,Music • Composer,Pantheon 1.0 historical biographies,,0.77,78.4,71.8,123.62,121.31,-0.67,464160
sin-pantheon-15852,John Lennon,JOL4,Singer,Music • Musician,Pantheon 1.0 historical biographies,,0.77,78.3,71.8,123.43,113.48,0.79,390259
sin-pantheon-11983070,Johnny Cash,JO24,Singer,Music • Singer,Pantheon 1.0 historical biographies,,0.77,78.4,71.8,123.6,121.91,2.74,314635
sin-pantheon-121728,Claude Joseph Rouget de Lisle,CLLI,Singer,Music • Composer,Pantheon 1.0 historical biographies,,0.77,78.2,71.7,123.25,127.57,2.72,486433
sin-pantheon-17268,Karlheinz Stockhausen,KAST,Singer,Music • Composer,Pantheon 1.0 historical biographies,,0.77,78.1,71.7,122.96,133.09,-0.29,314953
sin-tmdb-music-10572,Theodore Shapiro,THSH,Singer,Music • Original Music Composer,TMDB 5000 music-crew sample,https://www.themoviedb.org/person/10572,0.8,77.1,71.7,123.09,132.15,4.41,433173
sin-pantheon-68090,Count Basie,COBA,Singer,Music • Musician,Pantheon 1.0 historical biographies,,0.77,78.0,71.6,122.59,123.7,-6.52,512181
sin-pantheon-8987,Don McLean,DOM2,Singer,Music • Singer,Pantheon 1.0 historical biographies,,0.77,78.1,71.6,122.83,140.12,9.5,442828
sin-pantheon-157437,Iggy Pop,IGPO,Singer,Music • Musician,Pantheon 1.0 historical biographies,,0.77,78.1,71.6,122.88,122.28,-0.3,662718
sin-pantheon-105389,Jeff Beck,JEB5,Singer,Music • Musician,Pantheon 1.0 historical biographies,,0.77,78.1,71.6,122.91,128.59,7.66,530020
sin-pantheon-265030,Kenny Rogers,KER3,Singer,Music • Singer,Pantheon 1.0 historical biographies,,0.77,78.1,71.6,122.86,132.74,0.98,369258
sin-pantheon-146981,David Oistrakh,DAOI,Singer,Music • Musician,Pantheon 1.0 historical biographies,,0.77,78.0,71.5,122.54,130.95,0.94,603526
sin-pantheon-10510,Elvis Costello,ELCO,Singer,Music • Musician,Pantheon 1.0 historical biographies,,0.77,78.0,71.5,122.55,124.16,6.29,369564
sin-pantheon-59533,Lou Reed,LORE,Singer,Music • Musician,Pantheon 1.0 historical biographies,,0.77,78.0,71.5,122.48,115.32,-0.49,333181
sin-pantheon-20032,Mike Oldfield,MIOL,Singer,Music • Musician,Pantheon 1.0 historical biographies,,0.77,77.9,71.5,122.28,141.55,-3.11,315966
sin-pantheon-5340649,Ritchie Blackmore,RIBL,Singer,Music • Musician,Pantheon 1.0 historical biographies,,0.77,77.9,71.5,122.44,115.09,5.15,483211
sin-pantheon-318375,Zubin Mehta,ZUME,Singer,Music • Conductor,Pantheon 1.0 historical biographies,,0.77,77.9,71.5,122.42,118.57,2.04,308436
sin-pantheon-13066,George Gershwin,GEGE,Singer,Music • Composer,Pantheon 1.0 historical biographies,,0.77,77.8,71.4,121.93,113.42,-1.45,507307
sin-pantheon-87536,Nick Cave,NIC4,Singer,Music • Musician,Pantheon 1.0 historical biographies,,0.77,77.7,71.4,121.86,127.36,1.42,495929
sin-pantheon-141833,Pete Seeger,PES2,Singer,Music • Musician,Pantheon 1.0 historical biographies,,0.77,77.8,71.4,122.07,122.09,0.23,405188
sin-cur-mus-005,The Weeknd,THWE,Singer,R&B / Pop,Curated prototype anchor,,0.78,77.4,71.4,121.9,127.04,8.82,374792
sin-pantheon-78262,Van Morrison,VAM2,Singer,Music • Singer,Pantheon 1.0 historical biographies,,0.77,77.8,71.4,122.12,121.14,-3.48,384559
sin-pantheon-57520,Yehudi Menuhin,YEME,Singer,Music • Musician,Pantheon 1.0 historical biographies,,0.77,77.8,71.4,122.18,128.04,1.57,455155
sin-pantheon-221567,Alexander Scriabin,ALS5,Singer,Music • Composer,Pantheon 1.0 historical biographies,,0.77,77.6,71.3,121.52,116.21,-4.43,433935
sin-pantheon-207775,Daniel Barenboim,DAB5,Singer,Music • Conductor,Pantheon 1.0 historical biographies,,0.77,77.7,71.3,121.68,115.66,5.74,552562
sin-pantheon-158366,Iannis Xenakis,IAXE,Singer,Music • Composer,Pantheon 1.0 historical biographies,,0.77,77.6,71.3,121.57,139.89,-4.19,408845
sin-pantheon-64966,Maria Callas,MA18,Singer,Music • Singer,Pantheon 1.0 historical biographies,,0.77,77.6,71.3,121.55,122.05,-5.24,318086
sin-pantheon-14995351,Michael Jackson,MIJ4,Singer,Music • Musician,Pantheon 1.0 historical biographies,,0.77,77.7,71.3,121.83,132.94,-3.26,327129
sin-pantheon-147343,Sam Cooke,SAC2,Singer,Music • Singer,Pantheon 1.0 historical biographies,,0.77,77.7,71.3,121.81,136.31,5.21,565164
sin-pantheon-149109,Carole King,CAKI,Singer,Music • Singer,Pantheon 1.0 historical biographies,,0.77,77.5,71.2,121.22,142.66,-1.35,542273
sin-pantheon-306951,Chick Corea,CHC5,Singer,Music • Musician,Pantheon 1.0 historical biographies,,0.77,77.5,71.2,121.14,113.75,9.2,641756
sin-pantheon-12750,Giacomo Puccini,GIPU,Singer,Music • Composer,Pantheon 1.0 historical biographies,,0.77,77.6,71.2,121.45,112.76,-7.18,387057
sin-pantheon-166538,Nat King Cole,NACO,Singer,Music • Musician,Pantheon 1.0 historical biographies,,0.77,77.5,71.2,121.32,133.01,2.65,428818
sin-pantheon-55896,Peter Gabriel,PEG2,Singer,Music • Singer,Pantheon 1.0 historical biographies,,0.77,77.5,71.2,121.35,118.3,0.23,585515
sin-pantheon-518988,Rob Zombie,ROZO,Singer,Music • Musician,Pantheon 1.0 historical biographies,,0.77,77.6,71.2,121.47,134.74,6.66,514481
sin-pantheon-9482,Enya,ENYA,Singer,Music • Singer,Pantheon 1.0 historical biographies,,0.77,77.4,71.1,120.97,126.96,-5.54,612397
sin-pantheon-169245,Gloria Estefan,GLES,Singer,Music • Singer,Pantheon 1.0 historical biographies,,0.77,77.3,71.1,120.79,132.52,-2.55,324813
sin-tmdb-music-9039,John Ottman,JOOT,Singer,Music • Original Music Composer,TMDB 5000 music-crew sample,https://www.themoviedb.org/person/9039,0.8,76.3,71.1,120.83,123.25,9.23,383140
sin-pantheon-16422,Joni Mitchell,JO27,Singer,Music • Musician,Pantheon 1.0 historical biographies,,0.77,77.3,71.1,120.79,123.2,1.49,307383
sin-pantheon-43282,Leonard Bernstein,LEBE,Singer,Music • Composer,Pantheon 1.0 historical biographies,,0.77,77.4,71.1,120.86,115.51,-6.72,345605
sin-pantheon-57317,Prince,PRIN,Singer,Music • Singer,Pantheon 1.0 historical biographies,,0.77,77.4,71.1,121.07,136.26,8.47,620187
sin-pantheon-25832,Ringo Starr,RIS2,Singer,Music • Musician,Pantheon 1.0 historical biographies,,0.77,77.4,71.1,120.92,124.54,-7.43,488881
sin-pantheon-167032,Sarah Vaughan,SAVA,Singer,Music • Singer,Pantheon 1.0 historical biographies,,0.77,77.4,71.1,120.91,132.59,-6.42,351155
sin-pantheon-72336,Barbra Streisand,BAST,Singer,Music • Singer,Pantheon 1.0 historical biographies,,0.77,77.3,71.0,120.63,122.4,-3.96,565818
sin-pantheon-192892,Bryan Adams,BRAD,Singer,Music • Singer,Pantheon 1.0 historical biographies,,0.77,77.3,71.0,120.57,115.89,-0.64,514616
sin-pantheon-312284,Jascha Heifetz,JAH5,Singer,Music • Musician,Pantheon 1.0 historical biographies,,0.77,77.2,71.0,120.51,119.18,-6.47,299739
sin-pantheon-537323,Kim Wilde,KIWI,Singer,Music • Singer,Pantheon 1.0 historical biographies,,0.77,77.3,71.0,120.56,134.78,3.14,571636
sin-pantheon-222789,Lata Mangeshkar,LAM2,Singer,Music • Singer,Pantheon 1.0 historical biographies,,0.77,77.3,71.0,120.77,114.78,8.8,330784
sin-pantheon-103139,Morrissey,MORR,Singer,Music • Singer,Pantheon 1.0 historical biographies,,0.77,77.3,71.0,120.72,128.41,-6.98,561268
sin-pantheon-67025,Arnold Schoenberg,ARS2,Singer,Music • Composer,Pantheon 1.0 historical biographies,,0.77,77.1,70.9,120.18,119.86,3.63,532999
sin-pantheon-93783,Arvo Pärt,ARP2,Singer,Music • Composer,Pantheon 1.0 historical biographies,,0.77,77.1,70.9,120.15,125.05,-3.83,421424
sin-pantheon-42068,Freddie Mercury,FRME,Singer,Music • Musician,Pantheon 1.0 historical biographies,,0.77,77.1,70.9,120.19,120.16,2.9,489234
sin-pantheon-159381,Hans Zimmer,HAZ2,Singer,Music • Composer,Pantheon 1.0 historical biographies,,0.77,77.2,70.9,120.4,130.42,6.67,600882
sin-pantheon-23369262,John Lydon,JOL5,Singer,Music • Singer,Pantheon 1.0 historical biographies,,0.77,77.1,70.9,120.12,134.85,5.2,543690
sin-pantheon-164383,Leopold Stokowski,LEST,Singer,Music • Conductor,Pantheon 1.0 historical biographies,,0.77,77.2,70.9,120.4,120.52,5.5,352860
sin-pantheon-87985,Neil Young,NEYO,Singer,Music • Musician,Pantheon 1.0 historical biographies,,0.77,77.1,70.9,120.17,128.42,-1.32,436706
sin-pantheon-49241,Gustav Holst,GUHO,Singer,Music • Composer,Pantheon 1.0 historical biographies,,0.77,77.0,70.8,119.71,132.23,5.89,473834
sin-pantheon-149709,Willie Nelson,WINE,Singer,Music • Musician,Pantheon 1.0 historical biographies,,0.77,77.1,70.8,120.0,112.48,-7.3,286686
sin-pantheon-333562,Yanni,YANN,Singer,Music • Musician,Pantheon 1.0 historical biographies,,0.77,77.0,70.8,119.89,130.52,-2.3,459035
sin-pantheon-54268,John Paul Jones,JOJ2,Singer,Music • Musician,Pantheon 1.0 historical biographies,,0.77,76.9,70.7,119.58,121.64,-2.95,435701
sin-pantheon-289997,Pat Metheny,PAME,Singer,Music • Musician,Pantheon 1.0 historical biographies,,0.77,76.9,70.7,119.52,134.65,8.75,408120
sin-pantheon-153557,Phil Collins,PHCO,Singer,Music • Singer,Pantheon 1.0 historical biographies,,0.77,76.8,70.7,119.42,112.47,3.2,553829
sin-cur-mus-007,Ariana Grande,ARGR,Singer,Pop,Curated prototype anchor,,0.78,76.4,70.6,119.02,123.79,-7.0,421601
sin-pantheon-18933360,Björk,BJOR,Singer,Music • Musician,Pantheon 1.0 historical biographies,,0.77,76.7,70.6,119.02,133.61,7.56,443311
sin-pantheon-7668,Charles Mingus,CHM6,Singer,Music • Musician,Pantheon 1.0 historical biographies,,0.77,76.7,70.6,119.03,138.55,-4.84,629164
sin-pantheon-515766,Laura Pausini,LAPA,Singer,Music • Singer,Pantheon 1.0 historical biographies,,0.77,76.7,70.6,119.05,118.3,5.59,549842
sin-tmdb-music-52161,Randall Poster,RAPO,Singer,Music • Music Supervisor,TMDB 5000 music-crew sample,https://www.themoviedb.org/person/52161,0.8,75.7,70.6,119.11,108.43,-2.38,376249
sin-pantheon-5713317,Alan Parsons,ALP5,Singer,Music • Musician,Pantheon 1.0 historical biographies,,0.77,76.6,70.5,118.65,122.15,7.69,379261
sin-pantheon-172119,Cannonball Adderley,CAAD,Singer,Music • Musician,Pantheon 1.0 historical biographies,,0.77,76.6,70.5,118.84,115.97,5.83,444671
sin-pantheon-6260,Claude Debussy,CLD3,Singer,Music • Composer,Pantheon 1.0 historical biographies,,0.77,76.7,70.5,118.93,113.84,5.84,317304
sin-pantheon-319659,Fergie,FERG,Singer,Music • Singer,Pantheon 1.0 historical biographies,,0.77,76.6,70.5,118.77,126.04,-3.61,528976
sin-pantheon-65954,John Cage,JO26,Singer,Music • Composer,Pantheon 1.0 historical biographies,,0.77,76.7,70.5,118.94,125.84,-4.28,343599
sin-pantheon-170490,Lionel Richie,LIR2,Singer,Music • Musician,Pantheon 1.0 historical biographies,,0.77,76.6,70.5,118.85,121.33,7.71,349126
sin-pantheon-166911,Stevie Ray Vaughan,STVA,Singer,Music • Musician,Pantheon 1.0 historical biographies,,0.77,76.7,70.5,118.94,114.98,-0.75,567309
sin-pantheon-45342,William Byrd,WIBY,Singer,Music • Composer,Pantheon 1.0 historical biographies,,0.77,76.7,70.5,118.91,119.41,-5.36,530536
sin-pantheon-313835,Charles Trenet,CHTR,Singer,Music • Singer,Pantheon 1.0 historical biographies,,0.77,76.5,70.4,118.61,114.27,5.5,392377
sin-pantheon-85226,Cyndi Lauper,CYLA,Singer,Music • Musician,Pantheon 1.0 historical biographies,,0.77,76.5,70.4,118.43,120.16,-7.42,417012
sin-pantheon-163416,Hank Williams,HAW3,Singer,Music • Singer,Pantheon 1.0 historical biographies,,0.77,76.5,70.4,118.44,138.4,-2.86,360410
sin-tmdb-music-5359,Mychael Danna,MYDA,Singer,Music • Original Music Composer,TMDB 5000 music-crew sample,https://www.themoviedb.org/person/5359,0.8,75.5,70.4,118.51,126.52,6.87,514619
sin-pantheon-140839,Sviatoslav Richter,SVRI,Singer,Music • Musician,Pantheon 1.0 historical biographies,,0.77,76.5,70.4,118.36,118.34,8.1,542115
sin-pantheon-439458,Charles-Valentin Alkan,CHAL,Singer,Music • Musician,Pantheon 1.0 historical biographies,,0.77,76.4,70.3,118.09,110.37,8.05,418432
sin-pantheon-44888,Franz Schubert,FRSC,Singer,Music • Composer,Pantheon 1.0 historical biographies,,0.77,76.4,70.3,118.16,128.74,5.08,365830
sin-tmdb-music-1548698,Pete Anthony,PEAN,Singer,Music • Orchestrator,TMDB 5000 music-crew sample,https://www.themoviedb.org/person/1548698,0.8,75.4,70.3,118.25,110.37,2.92,360317
sin-pantheon-48351,Irving Berlin,IRB2,Singer,Music • Composer,Pantheon 1.0 historical biographies,,0.77,76.2,70.2,117.58,126.95,-3.68,623312
sin-pantheon-16707,Kurt Cobain,KUCO,Singer,Music • Singer,Pantheon 1.0 historical biographies,,0.77,76.2,70.2,117.66,117.34,1.79,378978
sin-tmdb-music-15347,Michael Giacchino,MIGI,Singer,Music • Original Music Composer,TMDB 5000 music-crew sample,https://www.themoviedb.org/person/15347,0.8,75.3,70.2,117.9,130.41,-5.36,416428
sin-pantheon-856871,Till Lindemann,TILI,Singer,Music • Musician,Pantheon 1.0 historical biographies,,0.77,76.2,70.2,117.72,124.99,9.05,414964
sin-pantheon-31341,Tupac Shakur,TUSH,Singer,Music • Singer,Pantheon 1.0 historical biographies,,0.77,76.2,70.2,117.73,128.49,-3.01,417683
sin-pantheon-78747,Yusuf Islam,YUIS,Singer,Music • Musician,Pantheon 1.0 historical biographies,,0.77,76.3,70.2,117.85,129.75,0.09,421845
sin-pantheon-150056,Axl Rose,AXRO,Singer,Music • Singer,Pantheon 1.0 historical biographies,,0.77,76.1,70.1,117.39,128.37,-4.39,508559
sin-pantheon-142241,Gene Simmons,GESI,Singer,Music • Musician,Pantheon 1.0 historical biographies,,0.77,76.1,70.1,117.46,109.65,1.64,585478
sin-tmdb-music-3562,Rachel Portman,RAP2,Singer,Music • Original Music Composer,TMDB 5000 music-crew sample,https://www.themoviedb.org/person/3562,0.8,75.1,70.1,117.38,125.36,1.66,385588
sin-pantheon-51298,Aaron Copland,AACO,Singer,Music • Composer,Pantheon 1.0 historical biographies,,0.77,76.0,70.0,117.19,132.25,-1.25,327232
sin-pantheon-154183,Harry Belafonte,HAB3,Singer,Music • Singer,Pantheon 1.0 historical biographies,,0.77,76.0,70.0,117.01,121.31,7.77,529064
sin-pantheon-158287,Sid Vicious,SIVI,Singer,Music • Musician,Pantheon 1.0 historical biographies,,0.77,76.0,70.0,117.19,121.07,4.0,339771
sin-pantheon-273484,Thom Yorke,THYO,Singer,Music • Musician,Pantheon 1.0 historical biographies,,0.77,76.0,70.0,117.18,135.98,-0.15,437708
sin-pantheon-165507,Avril Lavigne,AVLA,Singer,Music • Musician,Pantheon 1.0 historical biographies,,0.77,75.8,69.9,116.59,110.43,1.31,522504
sin-pantheon-3382,Britney Spears,BRS4,Singer,Music • Singer,Pantheon 1.0 historical biographies,,0.77,75.9,69.9,116.73,107.77,6.11,548759
sin-cur-mus-006,Drake,DRAK,Singer,Hip-hop / Pop,Curated prototype anchor,,0.78,75.6,69.9,116.82,108.14,3.25,520072
sin-pantheon-59536,Nico,NIC3,Singer,Music • Singer,Pantheon 1.0 historical biographies,,0.77,75.8,69.9,116.7,128.62,-6.64,404456
sin-pantheon-50745,Paul Simon,PAS4,Singer,Music • Musician,Pantheon 1.0 historical biographies,,0.77,75.8,69.9,116.63,123.91,-0.42,471533
sin-pantheon-79448,Ralph Vaughan Williams,RAW5,Singer,Music • Composer,Pantheon 1.0 historical biographies,,0.77,75.9,69.9,116.75,112.11,3.3,321611
sin-pantheon-33278,Woody Guthrie,WOGU,Singer,Music • Musician,Pantheon 1.0 historical biographies,,0.77,75.8,69.9,116.65,108.0,-5.92,362715
sin-pantheon-212686,Agnetha Fältskog,AGFA,Singer,Music • Singer,Pantheon 1.0 historical biographies,,0.77,75.7,69.8,116.3,108.35,3.87,350587
sin-pantheon-70986,Art Garfunkel,ARGA,Singer,Music • Singer,Pantheon 1.0 historical biographies,,0.77,75.8,69.8,116.48,113.18,8.98,601983
sin-pantheon-297703,Karol Szymanowski,KASZ,Singer,Music • Composer,Pantheon 1.0 historical biographies,,0.77,75.7,69.8,116.35,129.26,6.71,394402
sin-pantheon-370885,Maurice Jarre,MAJ2,Singer,Music • Composer,Pantheon 1.0 historical biographies,,0.77,75.5,69.7,115.84,103.69,3.62,459737
sin-pantheon-105436,Bryan Ferry,BRF3,Singer,Music • Singer,Pantheon 1.0 historical biographies,,0.77,75.4,69.6,115.47,127.57,-5.61,319074
sin-pantheon-16724,Kirk Hammett,KIH2,Singer,Music • Musician,Pantheon 1.0 historical biographies,,0.77,75.5,69.6,115.67,107.65,-5.07,597933
sin-pantheon-97817,Carl Nielsen,CANI,Singer,Music • Composer,Pantheon 1.0 historical biographies,,0.77,75.4,69.5,115.43,119.92,7.64,289081
sin-pantheon-80521,Nick Drake,NIDR,Singer,Music • Musician,Pantheon 1.0 historical biographies,,0.77,75.3,69.5,115.22,124.29,-1.42,356917
sin-pantheon-66592,Pierre Boulez,PIBO,Singer,Music • Composer,Pantheon 1.0 historical biographies,,0.77,75.3,69.5,115.29,110.76,1.66,384077
sin-pantheon-149077,Sarah McLachlan,SAMC,Singer,Music • Musician,Pantheon 1.0 historical biographies,,0.77,75.3,69.5,115.17,116.85,9.5,529957
sin-pantheon-18938265,Weird Al Yankovic,WEYA,Singer,Music • Singer,Pantheon 1.0 historical biographies,,0.77,75.3,69.5,115.13,114.75,6.61,376570
sin-pantheon-45181,Clara Schumann,CLSC,Singer,Music • Musician,Pantheon 1.0 historical biographies,,0.77,75.2,69.4,115.03,105.85,1.87,593664
sin-pantheon-223497,Ian Anderson,IAAN,Singer,Music • Musician,Pantheon 1.0 historical biographies,,0.77,75.2,69.4,114.99,111.97,-4.72,329413
sin-pantheon-63132,Jon Bon Jovi,JOJ3,Singer,Music • Singer,Pantheon 1.0 historical biographies,,0.77,75.2,69.4,114.83,119.27,5.99,357270
sin-pantheon-250340,Loreena McKennitt,LOMC,Singer,Music • Musician,Pantheon 1.0 historical biographies,,0.77,75.2,69.4,115.02,113.04,8.19,560499
sin-pantheon-143160,Nino Rota,NIRO,Singer,Music • Composer,Pantheon 1.0 historical biographies,,0.77,75.1,69.3,114.73,118.07,3.83,479169
sin-pantheon-60328,Alanis Morissette,ALM3,Singer,Music • Singer,Pantheon 1.0 historical biographies,,0.77,75.0,69.2,114.42,130.87,0.71,370810
sin-pantheon-76772,Bono,BONO,Singer,Music • Musician,Pantheon 1.0 historical biographies,,0.77,74.9,69.2,114.27,132.32,-1.75,417842
sin-pantheon-5655,Courtney Love,COLO,Singer,Music • Singer,Pantheon 1.0 historical biographies,,0.77,74.9,69.2,114.2,108.32,7.29,342376
sin-pantheon-8083,Dr. Dre,DRDR,Singer,Music • Singer,Pantheon 1.0 historical biographies,,0.77,75.0,69.2,114.41,111.03,-3.79,359428
sin-pantheon-17443,Kate Bush,KAB6,Singer,Music • Singer,Pantheon 1.0 historical biographies,,0.77,75.0,69.2,114.31,117.14,-6.98,350391
sin-pantheon-1798012,Klaus Meine,KLME,Singer,Music • Singer,Pantheon 1.0 historical biographies,,0.77,74.9,69.2,114.15,105.02,1.21,517419
sin-tmdb-music-1589,Michael Andrews,MIA2,Singer,Music • Original Music Composer,TMDB 5000 music-crew sample,https://www.themoviedb.org/person/1589,0.8,74.0,69.2,114.34,117.59,8.54,522253
sin-pantheon-8716,Dolly Parton,DOPA,Singer,Music • Singer,Pantheon 1.0 historical biographies,,0.77,74.8,69.1,113.85,120.04,2.77,469806
sin-pantheon-154247,Eddie Vedder,EDVE,Singer,Music • Musician,Pantheon 1.0 historical biographies,,0.77,74.8,69.1,113.99,110.33,1.06,522226
sin-pantheon-22995,Patti Smith,PASM,Singer,Music • Singer,Pantheon 1.0 historical biographies,,0.77,74.8,69.1,113.84,110.44,-4.19,555423
sin-tmdb-music-24190,Rolfe Kent,ROKE,Singer,Music • Original Music Composer,TMDB 5000 music-crew sample,https://www.themoviedb.org/person/24190,0.8,73.9,69.1,114.05,110.3,3.6,324540
sin-pantheon-4429395,Eminem,EMIN,Singer,Music • Singer,Pantheon 1.0 historical biographies,,0.77,74.6,69.0,113.39,102.84,-3.78,503121
sin-pantheon-149435,Ronnie James Dio,RODI,Singer,Music • Musician,Pantheon 1.0 historical biographies,,0.77,74.6,69.0,113.4,123.29,7.92,548390
sin-pantheon-29603,Scott Joplin,SCJ2,Singer,Music • Composer,Pantheon 1.0 historical biographies,,0.77,74.7,69.0,113.49,115.54,2.89,443219
sin-tmdb-music-40384,Aaron Zigman,AAZI,Singer,Music • Original Music Composer,TMDB 5000 music-crew sample,https://www.themoviedb.org/person/40384,0.8,73.5,68.8,112.73,125.51,-3.06,355814
sin-pantheon-401017,Timbaland,TIMB,Singer,Music • Musician,Pantheon 1.0 historical biographies,,0.77,74.4,68.8,112.95,117.0,-0.82,444209
sin-pantheon-329758,Arnaut Daniel,ARDA,Singer,Music • Musician,Pantheon 1.0 historical biographies,,0.77,74.3,68.7,112.5,108.47,-4.81,384223
sin-pantheon-8397,Danny Elfman,DAEL,Singer,Music • Composer,Pantheon 1.0 historical biographies,,0.77,74.3,68.7,112.51,125.33,-2.4,314159
sin-tmdb-music-1259,Ennio Morricone,ENMO,Singer,Music • Original Music Composer,TMDB 5000 music-crew sample,https://www.themoviedb.org/person/1259,0.8,73.4,68.7,112.62,111.21,-0.19,536607
sin-pantheon-148786,Jaco Pastorius,JAP2,Singer,Music • Musician,Pantheon 1.0 historical biographies,,0.77,74.3,68.7,112.59,121.34,4.86,533945
sin-pantheon-142510,The Notorious B.I.G.,THB2,Singer,Music • Singer,Pantheon 1.0 historical biographies,,0.77,74.3,68.7,112.55,125.01,-6.42,485172
sin-pantheon-551483,Angus Young,ANYO,Singer,Music • Musician,Pantheon 1.0 historical biographies,,0.77,74.2,68.6,112.24,117.96,-1.75,499916
sin-pantheon-8099,Dave Grohl,DAG2,Singer,Music • Musician,Pantheon 1.0 historical biographies,,0.77,74.2,68.6,112.28,123.33,0.28,476212
sin-pantheon-5570621,Akon,AKON,Singer,Music • Singer,Pantheon 1.0 historical biographies,,0.77,74.0,68.5,111.84,109.83,-2.03,328980
sin-pantheon-179328,Burt Bacharach,BUBA,Singer,Music • Musician,Pantheon 1.0 historical biographies,,0.77,74.0,68.5,111.71,122.04,-6.27,370793
sin-pantheon-636406,Craig David,CRDA,Singer,Music • Singer,Pantheon 1.0 historical biographies,,0.77,74.1,68.5,111.98,128.79,3.8,442506
sin-pantheon-75934,Luciano Berio,LUB3,Singer,Music • Composer,Pantheon 1.0 historical biographies,,0.77,74.1,68.5,111.94,120.57,-1.1,474190
sin-pantheon-100156,Ravi Shankar,RASH,Singer,Music • Musician,Pantheon 1.0 historical biographies,,0.77,74.0,68.5,111.67,122.87,4.27,368347
sin-pantheon-15022585,James Blunt,JA13,Singer,Music • Singer,Pantheon 1.0 historical biographies,,0.77,73.9,68.4,111.5,109.93,4.33,520072
sin-pantheon-892372,Tiësto,TIES,Singer,Music • Musician,Pantheon 1.0 historical biographies,,0.77,73.9,68.4,111.57,104.62,7.99,341941
sin-pantheon-70096,Joe Satriani,JOS4,Singer,Music • Musician,Pantheon 1.0 historical biographies,,0.77,73.7,68.3,111.04,113.91,-5.94,429887
sin-pantheon-650426,Marilyn Manson,MA19,Singer,Music • Musician,Pantheon 1.0 historical biographies,,0.77,73.7,68.2,110.87,112.94,-1.25,533860
sin-pantheon-165113,Neil Diamond,NEDI,Singer,Music • Singer,Pantheon 1.0 historical biographies,,0.77,73.7,68.2,110.93,98.86,-3.16,531120
sin-pantheon-38134,Seal,SEAL,Singer,Music • Singer,Pantheon 1.0 historical biographies,,0.77,73.7,68.2,110.92,104.17,4.22,507284
sin-pantheon-1766006,Andrew Fletcher,ANFL,Singer,Music • Musician,Pantheon 1.0 historical biographies,,0.77,73.5,68.1,110.46,127.64,-7.33,481143
sin-pantheon-162864,Lauryn Hill,LAHI,Singer,Music • Musician,Pantheon 1.0 historical biographies,,0.77,73.6,68.1,110.62,111.84,-0.72,431717
sin-pantheon-210483,Wynton Marsalis,WYMA,Singer,Music • Musician,Pantheon 1.0 historical biographies,,0.77,73.6,68.1,110.63,110.88,4.76,343688
sin-pantheon-13041163,Adele,ADEL,Singer,Music • Singer,Pantheon 1.0 historical biographies,,0.77,73.4,68.0,110.27,126.09,7.37,518365
sin-pantheon-80903,Billie Joe Armstrong,BIAR,Singer,Music • Musician,Pantheon 1.0 historical biographies,,0.77,73.4,68.0,110.2,120.21,-6.2,417781
sin-pantheon-147995,Marvin Gaye,MAG7,Singer,Music • Singer,Pantheon 1.0 historical biographies,,0.77,73.4,68.0,110.27,108.9,0.26,375879
sin-pantheon-591104,Robert Trujillo,ROTR,Singer,Music • Musician,Pantheon 1.0 historical biographies,,0.77,73.4,68.0,110.16,105.75,3.3,511970
sin-pantheon-144171,Christina Aguilera,CHAG,Singer,Music • Singer,Pantheon 1.0 historical biographies,,0.77,73.3,67.9,109.88,113.6,-0.35,317344
sin-pantheon-23680998,Justin Bieber,JUB2,Singer,Music • Singer,Pantheon 1.0 historical biographies,,0.77,73.2,67.9,109.79,114.68,8.59,432929
sin-pantheon-52724,Krist Novoselic,KRNO,Singer,Music • Musician,Pantheon 1.0 historical biographies,,0.77,73.2,67.9,109.68,106.46,1.62,326040
sin-pantheon-25893,Robert Fripp,ROFR,Singer,Music • Musician,Pantheon 1.0 historical biographies,,0.77,73.3,67.9,109.92,118.72,-4.29,470343
sin-pantheon-308851,Sarah Brightman,SABR,Singer,Music • Singer,Pantheon 1.0 historical biographies,,0.77,73.2,67.9,109.7,115.79,7.19,434852
sin-pantheon-17782843,Lady Gaga,LAGA,Singer,Music • Musician,Pantheon 1.0 historical biographies,,0.77,73.1,67.8,109.29,112.28,6.19,362870
sin-tmdb-music-9204,George S. Clinton,GEC3,Singer,Music • Original Music Composer,TMDB 5000 music-crew sample,https://www.themoviedb.org/person/9204,0.8,72.1,67.7,109.1,109.83,-6.97,277690
sin-pantheon-173691,Jeff Buckley,JEBU,Singer,Music • Musician,Pantheon 1.0 historical biographies,,0.77,73.0,67.7,109.27,111.72,6.11,406899
sin-pantheon-194961,Noel Gallagher,NOGA,Singer,Music • Singer,Pantheon 1.0 historical biographies,,0.77,73.0,67.7,109.21,105.84,0.76,472967
sin-pantheon-27797,Suzanne Vega,SUVE,Singer,Music • Musician,Pantheon 1.0 historical biographies,,0.77,73.0,67.7,109.04,119.63,-4.51,335704
sin-pantheon-741629,Edgard Varèse,EDVA,Singer,Music • Composer,Pantheon 1.0 historical biographies,,0.77,72.8,67.6,108.74,101.2,8.79,533609
sin-pantheon-19361,Moby,MOBY,Singer,Music • Musician,Pantheon 1.0 historical biographies,,0.77,72.8,67.6,108.71,117.24,0.56,331921
sin-pantheon-197772,Petula Clark,PECL,Singer,Music • Singer,Pantheon 1.0 historical biographies,,0.77,72.9,67.6,108.88,114.54,8.84,319526
sin-pantheon-163169,Eazy-E,EAZY,Singer,Music • Singer,Pantheon 1.0 historical biographies,,0.77,72.7,67.5,108.29,112.45,6.31,283512
sin-tmdb-music-1530166,Kathy Nelson,KAN2,Singer,Music • Music Supervisor,TMDB 5000 music-crew sample,https://www.themoviedb.org/person/1530166,0.8,71.8,67.5,108.35,114.77,0.11,364974
sin-pantheon-598363,Miriam Makeba,MIM6,Singer,Music • Singer,Pantheon 1.0 historical biographies,,0.77,72.7,67.5,108.32,111.13,6.03,370883
sin-pantheon-144040,Trent Reznor,TRRE,Singer,Music • Musician,Pantheon 1.0 historical biographies,,0.77,72.8,67.5,108.51,117.72,-6.74,244670
sin-pantheon-222165,Chris Cornell,CHC6,Singer,Music • Singer,Pantheon 1.0 historical biographies,,0.77,72.5,67.3,107.76,100.88,5.03,545275
sin-tmdb-music-9251,Marc Shaiman,MA22,Singer,Music • Original Music Composer,TMDB 5000 music-crew sample,https://www.themoviedb.org/person/9251,0.8,71.6,67.3,107.7,97.62,6.63,351659
sin-pantheon-2796527,T-Pain,TPAI,Singer,Music • Singer,Pantheon 1.0 historical biographies,,0.77,72.4,67.3,107.67,111.24,-1.09,344080
sin-pantheon-26496842,Eddie Van Halen,EDH4,Singer,Music • Musician,Pantheon 1.0 historical biographies,,0.77,72.4,67.2,107.55,99.77,1.04,288790
sin-pantheon-170666,John Cale,JO28,Singer,Music • Musician,Pantheon 1.0 historical biographies,,0.77,72.4,67.2,107.57,103.12,7.8,274302
sin-pantheon-45979,Victoria Beckham,VIB2,Singer,Music • Singer,Pantheon 1.0 historical biographies,,0.77,72.3,67.2,107.3,103.72,8.29,364300
sin-pantheon-1068160,Gerry Rafferty,GERA,Singer,Music • Musician,Pantheon 1.0 historical biographies,,0.77,72.1,67.0,106.82,100.49,-3.63,407761
sin-pantheon-263667,Tarkan,TARK,Singer,Music • Singer,Pantheon 1.0 historical biographies,,0.77,72.1,67.0,106.89,104.93,-7.08,399628
sin-pantheon-155974,Bill Evans,BIEV,Singer,Music • Musician,Pantheon 1.0 historical biographies,,0.77,72.0,66.9,106.52,118.77,0.93,377693
sin-tmdb-music-24192,Dave Jordan,DAJ2,Singer,Music • Music Supervisor,TMDB 5000 music-crew sample,https://www.themoviedb.org/person/24192,0.8,71.1,66.9,106.4,112.13,-1.45,503279
sin-pantheon-95410,Nusrat Fateh Ali Khan,NUKH,Singer,Music • Singer,Pantheon 1.0 historical biographies,,0.77,71.9,66.9,106.42,107.54,-6.42,391647
sin-pantheon-1016502,Anastacia,ANA3,Singer,Music • Singer,Pantheon 1.0 historical biographies,,0.77,71.8,66.8,105.98,95.15,-3.23,563451
sin-pantheon-80646,Elliott Smith,ELSM,Singer,Music • Musician,Pantheon 1.0 historical biographies,,0.77,71.7,66.7,105.73,96.67,3.8,392515
sin-pantheon-45985,George Michael,GEMI,Singer,Music • Singer,Pantheon 1.0 historical biographies,,0.77,71.7,66.7,105.9,94.17,-5.61,439848
sin-pantheon-1453182,Guy Berryman,GUBE,Singer,Music • Musician,Pantheon 1.0 historical biographies,,0.77,71.5,66.6,105.26,105.22,7.01,274658
sin-pantheon-131222,Richie Sambora,RISA,Singer,Music • Musician,Pantheon 1.0 historical biographies,,0.77,71.6,66.6,105.41,107.53,-3.41,570735
sin-pantheon-28701,Shania Twain,SHTW,Singer,Music • Singer,Pantheon 1.0 historical biographies,,0.77,71.5,66.6,105.35,116.67,2.67,328292
sin-pantheon-453244,Josh Groban,JOG4,Singer,Music • Singer,Pantheon 1.0 historical biographies,,0.77,71.4,66.5,105.08,115.33,-0.09,413805
sin-pantheon-89644,Patsy Cline,PAC2,Singer,Music • Singer,Pantheon 1.0 historical biographies,,0.77,71.4,66.5,105.14,94.54,-4.26,498032
sin-pantheon-2144,Aaliyah,AALI,Singer,Music • Singer,Pantheon 1.0 historical biographies,,0.77,71.3,66.4,104.78,94.36,9.5,443495
sin-tmdb-music-6489,David Arnold,DAA3,Singer,Music • Original Music Composer,TMDB 5000 music-crew sample,https://www.themoviedb.org/person/6489,0.8,70.5,66.4,104.7,106.96,4.8,323330
sin-tmdb-music-9152,Patrick Doyle,PADO,Singer,Music • Original Music Composer,TMDB 5000 music-crew sample,https://www.themoviedb.org/person/9152,0.8,70.5,66.4,104.74,107.71,-1.37,541713
sin-pantheon-2110323,Rihanna,RIH2,Singer,Music • Singer,Pantheon 1.0 historical biographies,,0.77,71.3,66.4,104.81,108.86,1.16,285092
sin-pantheon-39010,Robbie Williams,ROW2,Singer,Music • Singer,Pantheon 1.0 historical biographies,,0.77,71.2,66.4,104.61,114.03,-2.63,276836
sin-tmdb-music-5287,Terence Blanchard,TEBL,Singer,Music • Original Music Composer,TMDB 5000 music-crew sample,https://www.themoviedb.org/person/5287,0.8,70.5,66.4,104.87,117.18,-3.06,505961
sin-pantheon-14989909,Anna-Maria Ravnopolska-Dean,ANRA,Singer,Music • Musician,Pantheon 1.0 historical biographies,,0.77,71.2,66.3,104.41,110.61,7.29,439159
sin-tmdb-music-122,Klaus Badelt,KLBA,Singer,Music • Original Music Composer,TMDB 5000 music-crew sample,https://www.themoviedb.org/person/122,0.8,70.4,66.3,104.45,112.12,-2.4,512232
sin-pantheon-447541,Rick Astley,RIAS,Singer,Music • Musician,Pantheon 1.0 historical biographies,,0.77,71.1,66.3,104.34,113.37,5.48,448281
sin-pantheon-652663,Rufus Wainwright,RUWA,Singer,Music • Musician,Pantheon 1.0 historical biographies,,0.77,71.2,66.3,104.47,114.04,7.56,480766
sin-tmdb-music-18264,Steve Jablonsky,STJA,Singer,Music • Original Music Composer,TMDB 5000 music-crew sample,https://www.themoviedb.org/person/18264,0.8,70.3,66.3,104.32,99.52,4.63,412445
sin-pantheon-34071,Whitney Houston,WHHO,Singer,Music • Singer,Pantheon 1.0 historical biographies,,0.77,71.2,66.3,104.56,101.3,5.74,424342
sin-pantheon-315777,Anthony Kiedis,ANKI,Singer,Music • Singer,Pantheon 1.0 historical biographies,,0.77,71.0,66.2,103.95,105.5,-5.01,264044
sin-pantheon-262475,Melanie Chisholm,MECH,Singer,Music • Singer,Pantheon 1.0 historical biographies,,0.77,71.1,66.2,104.21,105.17,-1.67,224489
sin-pantheon-146167,Nas,NASX,Singer,Music • Singer,Pantheon 1.0 historical biographies,,0.77,71.1,66.2,104.15,103.21,-0.34,268529
sin-tmdb-music-6377,Clint Mansell,CLM2,Singer,Music • Original Music Composer,TMDB 5000 music-crew sample,https://www.themoviedb.org/person/6377,0.8,70.1,66.1,103.7,105.17,-4.66,487258
sin-tmdb-music-1999,Ed Shearmur,EDS2,Singer,Music • Original Music Composer,TMDB 5000 music-crew sample,https://www.themoviedb.org/person/1999,0.8,70.1,66.1,103.68,107.3,-1.72,256920
sin-pantheon-162870,Jay-Z,JAYZ,Singer,Music • Singer,Pantheon 1.0 historical biographies,,0.77,70.9,66.1,103.85,107.3,1.89,268077
sin-pantheon-479380,Jonathan Davis,JODA,Singer,Music • Singer,Pantheon 1.0 historical biographies,,0.77,70.9,66.1,103.7,104.27,3.82,285912
sin-pantheon-183417,John Frusciante,JOF6,Singer,Music • Musician,Pantheon 1.0 historical biographies,,0.77,70.8,66.0,103.56,117.82,-4.08,327948
sin-pantheon-145532,Mike Shinoda,MIS3,Singer,Music • Musician,Pantheon 1.0 historical biographies,,0.77,70.8,66.0,103.56,99.43,0.59,479596
sin-tmdb-music-2593,Rupert Gregson-Williams,RUG3,Singer,Music • Original Music Composer,TMDB 5000 music-crew sample,https://www.themoviedb.org/person/2593,0.8,70.0,66.0,103.35,121.83,3.47,255233
sin-pantheon-59720,Alicia Keys,ALK5,Singer,Music • Musician,Pantheon 1.0 historical biographies,,0.77,70.6,65.9,103.01,108.55,4.23,271404
sin-pantheon-412807,Jason Mraz,JAMR,Singer,Music • Musician,Pantheon 1.0 historical biographies,,0.77,70.7,65.9,103.13,116.79,-5.42,399229
sin-pantheon-414848,Kelly Clarkson,KECL,Singer,Music • Singer,Pantheon 1.0 historical biographies,,0.77,70.6,65.9,103.04,103.6,1.21,379883
sin-pantheon-8239761,Amy Lee,AMLE,Singer,Music • Musician,Pantheon 1.0 historical biographies,,0.77,70.5,65.8,102.77,113.5,-3.78,449532
sin-tmdb-music-7728,Basil Poledouris,BAPO,Singer,Music • Original Music Composer,TMDB 5000 music-crew sample,https://www.themoviedb.org/person/7728,0.8,69.8,65.8,102.84,100.75,6.38,319667
sin-tmdb-music-1305,Bill Abbott,BIAB,Singer,Music • Music Editor,TMDB 5000 music-crew sample,https://www.themoviedb.org/person/1305,0.8,69.8,65.8,102.93,107.85,5.79,423756
sin-tmdb-music-21962,John Frizzell,JOF7,Singer,Music • Original Music Composer,TMDB 5000 music-crew sample,https://www.themoviedb.org/person/21962,0.8,69.8,65.8,102.81,104.36,4.8,440500
sin-pantheon-403631,Lisa Gerrard,LIGE,Singer,Music • Musician,Pantheon 1.0 historical biographies,,0.77,70.5,65.8,102.64,94.87,-1.53,550199
sin-tmdb-music-25143,David Kitay,DAKI,Singer,Music • Original Music Composer,TMDB 5000 music-crew sample,https://www.themoviedb.org/person/25143,0.8,69.6,65.7,102.44,113.7,-1.95,430380
sin-pantheon-190391,Dido,DIDO,Singer,Music • Musician,Pantheon 1.0 historical biographies,,0.77,70.3,65.7,102.33,110.12,5.51,379775
sin-tmdb-music-227440,Henry Jackman,HEJA,Singer,Music • Original Music Composer,TMDB 5000 music-crew sample,https://www.themoviedb.org/person/227440,0.8,69.6,65.7,102.37,106.55,0.31,440832
sin-pantheon-16477368,Katy Perry,KAP3,Singer,Music • Singer,Pantheon 1.0 historical biographies,,0.77,70.4,65.7,102.5,101.37,-3.93,556746
sin-pantheon-153079,Ornette Coleman,ORCO,Singer,Music • Musician,Pantheon 1.0 historical biographies,,0.77,70.3,65.7,102.31,91.96,-4.26,337851
sin-pantheon-22378444,Susan Boyle,SUBO,Singer,Music • Singer,Pantheon 1.0 historical biographies,,0.77,70.4,65.7,102.4,109.89,-6.45,295505
sin-tmdb-music-7538,Bill Bernstein,BIB2,Singer,Music • Music Editor,TMDB 5000 music-crew sample,https://www.themoviedb.org/person/7538,0.8,69.4,65.6,101.97,94.41,5.64,498584
sin-pantheon-212187,John Mayer,JO29,Singer,Music • Musician,Pantheon 1.0 historical biographies,,0.77,70.3,65.6,102.14,108.79,-4.31,431738
sin-pantheon-154554,John Williams,JOW3,Singer,Music • Composer,Pantheon 1.0 historical biographies,,0.77,70.3,65.6,102.11,105.78,-0.32,280416
sin-pantheon-2237869,Peter Wentz,PEWE,Singer,Music • Musician,Pantheon 1.0 historical biographies,,0.77,70.2,65.6,101.97,103.32,-2.56,473785
sin-pantheon-405704,Chris Martin,CHM7,Singer,Music • Musician,Pantheon 1.0 historical biographies,,0.77,70.1,65.5,101.65,100.38,7.8,411154
sin-pantheon-371531,Lars Ulrich,LAUL,Singer,Music • Musician,Pantheon 1.0 historical biographies,,0.77,70.0,65.4,101.47,110.29,-5.46,342120
sin-pantheon-22570683,Nicki Minaj,NIM2,Singer,Music • Singer,Pantheon 1.0 historical biographies,,0.77,69.9,65.4,101.35,101.71,6.81,232298
sin-pantheon-17130499,Ram Narayan,RANA,Singer,Music • Musician,Pantheon 1.0 historical biographies,,0.77,70.0,65.4,101.55,104.54,-2.56,268800
sin-pantheon-23229,Paul Robeson,PAR4,Singer,Music • Singer,Pantheon 1.0 historical biographies,,0.77,69.9,65.3,101.13,105.78,-5.34,401531
sin-tmdb-music-7182,Elmer Bernstein,ELBE,Singer,Music • Original Music Composer,TMDB 5000 music-crew sample,https://www.themoviedb.org/person/7182,0.8,69.1,65.2,100.97,97.27,-4.54,463962
sin-pantheon-523032,Kanye West,KAW2,Singer,Music • Singer,Pantheon 1.0 historical biographies,,0.77,69.7,65.2,100.76,94.01,6.87,245646
sin-pantheon-1532027,T.I.,TIXX,Singer,Music • Singer,Pantheon 1.0 historical biographies,,0.77,69.7,65.2,100.83,89.15,5.99,415356
sin-pantheon-416688,Jack White,JAWH,Singer,Music • Musician,Pantheon 1.0 historical biographies,,0.77,69.6,65.1,100.58,95.62,1.87,308713
sin-pantheon-142540,Mos Def,MOD2,Singer,Music • Singer,Pantheon 1.0 historical biographies,,0.77,69.6,65.1,100.46,105.72,-0.95,487949
sin-pantheon-12520860,Demi Lovato,DEL3,Singer,Music • Singer,Pantheon 1.0 historical biographies,,0.77,69.5,65.0,100.28,92.26,3.17,449979
sin-pantheon-16894,Kylie Minogue,KYMI,Singer,Music • Singer,Pantheon 1.0 historical biographies,,0.77,69.5,65.0,100.32,93.29,7.21,297682
sin-pantheon-21487008,M.I.A.,MIAX,Singer,Music • Singer,Pantheon 1.0 historical biographies,,0.77,69.4,65.0,100.1,100.78,8.89,450514
sin-pantheon-149812,John Dolmayan,JOD2,Singer,Music • Musician,Pantheon 1.0 historical biographies,,0.77,69.4,64.9,99.9,110.18,4.3,280356
sin-pantheon-19332171,Richard Wright,RIWR,Singer,Music • Musician,Pantheon 1.0 historical biographies,,0.77,69.3,64.9,99.82,102.78,-3.5,351870
sin-pantheon-31463373,Tré Cool,TRCO,Singer,Music • Musician,Pantheon 1.0 historical biographies,,0.77,69.3,64.9,99.81,95.1,-6.85,353020
sin-pantheon-5007334,Lily Allen,LIAL,Singer,Music • Musician,Pantheon 1.0 historical biographies,,0.77,69.3,64.8,99.69,97.4,4.66,259495
sin-tmdb-music-5132,Bob Badami,BOB4,Singer,Music • Music Supervisor,TMDB 5000 music-crew sample,https://www.themoviedb.org/person/5132,0.8,68.4,64.7,99.3,100.27,2.87,379072
sin-pantheon-168314,DMX,DMXX,Singer,Music • Singer,Pantheon 1.0 historical biographies,,0.77,69.1,64.7,99.16,101.1,-5.51,447246
sin-pantheon-123998,The Edge,THED,Singer,Music • Musician,Pantheon 1.0 historical biographies,,0.77,69.0,64.6,99.04,95.72,-4.04,377981
sin-tmdb-music-15221,Tyler Bates,TYBA,Singer,Music • Original Music Composer,TMDB 5000 music-crew sample,https://www.themoviedb.org/person/15221,0.8,68.2,64.6,98.75,101.51,1.49,265409
sin-tmdb-music-1352979,Adam Milo Smalley,ADSM,Singer,Music • Music Editor,TMDB 5000 music-crew sample,https://www.themoviedb.org/person/1352979,0.8,68.1,64.5,98.47,97.88,-2.81,374685
sin-pantheon-33209238,Lana Del Rey,LARE,Singer,Music • Singer,Pantheon 1.0 historical biographies,,0.77,68.8,64.5,98.42,111.8,-6.15,484016
sin-tmdb-music-2214,Paul Haslinger,PAHA,Singer,Music • Original Music Composer,TMDB 5000 music-crew sample,https://www.themoviedb.org/person/2214,0.8,68.1,64.5,98.46,102.78,9.23,372964
sin-pantheon-31471,Tori Amos,TOAM,Singer,Music • Singer,Pantheon 1.0 historical biographies,,0.77,68.9,64.5,98.66,94.59,-2.02,417501
sin-pantheon-939583,Amy Winehouse,AMWI,Singer,Music • Musician,Pantheon 1.0 historical biographies,,0.77,68.7,64.4,98.15,111.26,-1.02,331324
sin-tmdb-music-1411856,Thomas Milano,THM2,Singer,Music • Music Editor,TMDB 5000 music-crew sample,https://www.themoviedb.org/person/1411856,0.8,68.0,64.4,98.31,94.07,0.28,361526
sin-pantheon-159727,Jewel,JEWE,Singer,Music • Musician,Pantheon 1.0 historical biographies,,0.77,68.6,64.3,97.94,106.72,8.62,225955
sin-tmdb-music-49911,Christopher Lennertz,CHL3,Singer,Music • Original Music Composer,TMDB 5000 music-crew sample,https://www.themoviedb.org/person/49911,0.8,67.8,64.2,97.71,90.84,-1.24,306347
sin-tmdb-music-4949,Don Davis,DODA,Singer,Music • Original Music Composer,TMDB 5000 music-crew sample,https://www.themoviedb.org/person/4949,0.8,67.8,64.2,97.77,91.47,-4.09,416845
sin-tmdb-music-1192700,George Drakoulias,GEDR,Singer,Music • Music Supervisor,TMDB 5000 music-crew sample,https://www.themoviedb.org/person/1192700,0.8,67.8,64.2,97.76,105.41,2.55,410166
sin-pantheon-173061,Ayumi Hamasaki,AYH2,Singer,Music • Singer,Pantheon 1.0 historical biographies,,0.77,68.3,64.1,97.23,91.75,3.7,515414
sin-pantheon-663508,Katie Melua,KAM5,Singer,Music • Singer,Pantheon 1.0 historical biographies,,0.77,68.3,64.1,97.21,102.29,-2.8,391087
sin-pantheon-144809,Brandy Norwood,BRNO,Singer,Music • Singer,Pantheon 1.0 historical biographies,,0.77,68.2,64.0,96.92,107.82,8.64,331767
sin-tmdb-music-2148,Charlie Clouser,CHC7,Singer,Music • Original Music Composer,TMDB 5000 music-crew sample,https://www.themoviedb.org/person/2148,0.8,67.5,64.0,96.97,105.46,5.18,314073
sin-tmdb-music-1394306,Kenneth Karman,KEKA,Singer,Music • Music Editor,TMDB 5000 music-crew sample,https://www.themoviedb.org/person/1394306,0.8,67.5,64.0,97.1,110.22,2.19,234320
sin-pantheon-178326,Liam Gallagher,LIGA,Singer,Music • Musician,Pantheon 1.0 historical biographies,,0.77,68.2,64.0,96.94,94.72,8.3,329393
sin-tmdb-music-15445,Alan Howarth,ALHO,Singer,Music • Original Music Composer,TMDB 5000 music-crew sample,https://www.themoviedb.org/person/15445,0.8,67.4,63.9,96.67,98.06,6.41,321922
sin-tmdb-music-1528,George Fenton,GEF2,Singer,Music • Original Music Composer,TMDB 5000 music-crew sample,https://www.themoviedb.org/person/1528,0.8,67.3,63.8,96.45,89.32,8.2,314503
sin-tmdb-music-63421,Marc Streitenfeld,MA24,Singer,Music • Original Music Composer,TMDB 5000 music-crew sample,https://www.themoviedb.org/person/63421,0.8,67.2,63.8,96.26,106.94,3.12,364884
sin-pantheon-184860,Norah Jones,NOJO,Singer,Music • Musician,Pantheon 1.0 historical biographies,,0.77,67.9,63.8,96.38,104.17,0.21,382553
sin-pantheon-9726633,Hayley Williams,HAW4,Singer,Music • Singer,Pantheon 1.0 historical biographies,,0.77,67.6,63.6,95.6,98.36,-5.61,320981
sin-pantheon-1413814,Tom DeLonge,TODE,Singer,Music • Musician,Pantheon 1.0 historical biographies,,0.77,67.7,63.6,95.84,97.4,-3.69,259220
sin-pantheon-923811,Brandon Flowers,BRFL,Singer,Music • Musician,Pantheon 1.0 historical biographies,,0.77,67.5,63.5,95.26,88.12,-1.42,461766
sin-tmdb-music-21266,Stephen Trask,STT3,Singer,Music • Original Music Composer,TMDB 5000 music-crew sample,https://www.themoviedb.org/person/21266,0.8,66.9,63.5,95.45,92.73,3.78,337365
sin-pantheon-329755,DJ Shadow,DJSH,Singer,Music • Musician,Pantheon 1.0 historical biographies,,0.77,67.3,63.4,94.94,106.25,6.87,245524
sin-tmdb-music-17863,Linda Cohen,LIC3,Singer,Music • Music Supervisor,TMDB 5000 music-crew sample,https://www.themoviedb.org/person/17863,0.8,66.8,63.4,95.18,94.52,-6.44,425512
sin-tmdb-music-7885,Randy Newman,RANE,Singer,Music • Original Music Composer,TMDB 5000 music-crew sample,https://www.themoviedb.org/person/7885,0.8,66.8,63.4,95.23,100.85,-5.04,319068
sin-pantheon-2798963,Regina Spektor,RESP,Singer,Music • Musician,Pantheon 1.0 historical biographies,,0.77,67.3,63.4,94.97,102.77,1.64,299836
sin-tmdb-music-1394984,Fernand Bos,FEBO,Singer,Music • Music Editor,TMDB 5000 music-crew sample,https://www.themoviedb.org/person/1394984,0.8,66.5,63.2,94.41,96.48,2.06,437797
sin-tmdb-music-19659,Nathan Barr,NABA,Singer,Music • Original Music Composer,TMDB 5000 music-crew sample,https://www.themoviedb.org/person/19659,0.8,66.4,63.2,94.32,89.6,5.74,318276
sin-tmdb-music-1347755,John Finklea,JOF8,Singer,Music • Music Editor,TMDB 5000 music-crew sample,https://www.themoviedb.org/person/1347755,0.8,66.3,63.1,94.08,108.58,6.26,246651
sin-pantheon-58848,Fiona Apple,FIAP,Singer,Music • Singer,Pantheon 1.0 historical biographies,,0.77,66.9,63.0,93.79,99.42,0.59,222096
sin-pantheon-309867,Michelle Branch,MIB4,Singer,Music • Musician,Pantheon 1.0 historical biographies,,0.77,66.8,63.0,93.75,98.97,1.71,398328
sin-pantheon-18366271,Nick Jonas,NIJ2,Singer,Music • Musician,Pantheon 1.0 historical biographies,,0.77,66.8,62.9,93.65,96.19,8.95,302705
sin-tmdb-music-28156,J. Peter Robinson,JROX,Singer,Music • Original Music Composer,TMDB 5000 music-crew sample,https://www.themoviedb.org/person/28156,0.8,66.0,62.8,93.32,98.77,-6.45,305915
sin-pantheon-261035,Kelly Rowland,KER4,Singer,Music • Singer,Pantheon 1.0 historical biographies,,0.77,66.7,62.8,93.3,104.09,-1.25,270301
sin-pantheon-168540,Lil Wayne,LIW2,Singer,Music • Singer,Pantheon 1.0 historical biographies,,0.77,66.6,62.8,93.08,82.82,7.04,267333
sin-tmdb-music-20822,Teddy Castellucci,TECA,Singer,Music • Original Music Composer,TMDB 5000 music-crew sample,https://www.themoviedb.org/person/20822,0.8,66.0,62.8,93.12,90.79,5.2,255920
sin-tmdb-music-11166,William Ross,WIRO,Singer,Music • Original Music Composer,TMDB 5000 music-crew sample,https://www.themoviedb.org/person/11166,0.8,66.0,62.8,93.22,103.19,-7.27,380609
sin-pantheon-44929,Dannii Minogue,DAM6,Singer,Music • Singer,Pantheon 1.0 historical biographies,,0.77,66.5,62.7,93.01,85.98,-0.2,365994
sin-pantheon-494770,Joss Stone,JOS6,Singer,Music • Singer,Pantheon 1.0 historical biographies,,0.77,66.5,62.7,92.93,92.88,-2.07,473531
sin-tmdb-music-15813,Alan Menken,ALME,Singer,Music • Original Music Composer,TMDB 5000 music-crew sample,https://www.themoviedb.org/person/15813,0.8,65.7,62.6,92.57,85.44,-3.53,242130
sin-pantheon-1535727,Carrie Underwood,CAUN,Singer,Music • Singer,Pantheon 1.0 historical biographies,,0.77,66.3,62.6,92.52,97.07,1.59,266159
sin-tmdb-music-312,Jon Brion,JO30,Singer,Music • Original Music Composer,TMDB 5000 music-crew sample,https://www.themoviedb.org/person/312,0.8,65.8,62.6,92.65,100.68,4.73,436886
sin-pantheon-3536351,Jordin Sparks,JOSP,Singer,Music • Singer,Pantheon 1.0 historical biographies,,0.77,66.4,62.6,92.76,89.79,-5.27,398336
sin-tmdb-music-9989,Mark Mancina,MA23,Singer,Music • Original Music Composer,TMDB 5000 music-crew sample,https://www.themoviedb.org/person/9989,0.8,65.6,62.5,92.21,93.72,6.08,309042
sin-tmdb-music-5581,Elliot Goldenthal,ELG2,Singer,Music • Original Music Composer,TMDB 5000 music-crew sample,https://www.themoviedb.org/person/5581,0.8,65.5,62.4,92.11,85.94,7.66,481667
sin-tmdb-music-57263,Nick Glennie-Smith,NIGL,Singer,Music • Original Music Composer,TMDB 5000 music-crew sample,https://www.themoviedb.org/person/57263,0.8,65.5,62.4,91.95,101.06,1.39,293533
sin-pantheon-8127963,Alexander Rybak,ALRY,Singer,Music • Singer,Pantheon 1.0 historical biographies,,0.77,65.9,62.2,91.49,85.82,-0.72,366146
sin-tmdb-music-851,Anne Dudley,ANDU,Singer,Music • Original Music Composer,TMDB 5000 music-crew sample,https://www.themoviedb.org/person/851,0.8,65.2,62.2,91.33,97.65,6.87,403274
sin-tmdb-music-22680,Jan A.P. Kaczmarek,JAK2,Singer,Music • Original Music Composer,TMDB 5000 music-crew sample,https://www.themoviedb.org/person/22680,0.8,65.2,62.2,91.35,101.4,2.69,381087
sin-pantheon-1218430,Lang Lang,LALA,Singer,Music • Musician,Pantheon 1.0 historical biographies,,0.77,65.9,62.2,91.47,88.43,-4.67,284340
sin-pantheon-7352704,Leona Lewis,LELE,Singer,Music • Singer,Pantheon 1.0 historical biographies,,0.77,65.8,62.2,91.32,101.78,3.48,333211
sin-tmdb-music-20648,Andrea Guerra,ANG4,Singer,Music • Original Music Composer,TMDB 5000 music-crew sample,https://www.themoviedb.org/person/20648,0.8,65.2,62.1,91.21,95.44,-7.32,357322
sin-pantheon-24424228,Ellie Goulding,ELGO,Singer,Music • Musician,Pantheon 1.0 historical biographies,,0.77,65.7,62.1,91.12,84.42,8.75,406475
sin-tmdb-music-1399326,Jim Henrikson,JIH2,Singer,Music • Music Editor,TMDB 5000 music-crew sample,https://www.themoviedb.org/person/1399326,0.8,64.9,61.9,90.52,97.05,-1.72,264376
sin-tmdb-music-14138,Pino Donaggio,PIDO,Singer,Music • Original Music Composer,TMDB 5000 music-crew sample,https://www.themoviedb.org/person/14138,0.8,64.9,61.9,90.6,85.42,2.19,419446
sin-tmdb-music-960,John Murphy,JOMU,Singer,Music • Original Music Composer,TMDB 5000 music-crew sample,https://www.themoviedb.org/person/960,0.8,64.7,61.8,90.09,103.0,-5.52,284997
sin-tmdb-music-1008052,Jonathan Karp,JOKA,Singer,Music • Music Supervisor,TMDB 5000 music-crew sample,https://www.themoviedb.org/person/1008052,0.8,64.7,61.8,90.15,89.73,9.45,368379
sin-tmdb-music-1889,David Holmes,DAHO,Singer,Music • Original Music Composer,TMDB 5000 music-crew sample,https://www.themoviedb.org/person/1889,0.8,64.6,61.7,89.72,101.84,2.67,250877
sin-tmdb-music-16737,Jim Weidman,JIWE,Singer,Music • Music Editor,TMDB 5000 music-crew sample,https://www.themoviedb.org/person/16737,0.8,64.7,61.7,90.0,102.33,-0.95,378600
sin-tmdb-music-8320,Jeff Danna,JED3,Singer,Music • Original Music Composer,TMDB 5000 music-crew sample,https://www.themoviedb.org/person/8320,0.8,64.4,61.5,89.2,94.34,9.32,261664
sin-tmdb-music-1458533,Christopher Brooks,CHBR,Singer,Music • Music Editor,TMDB 5000 music-crew sample,https://www.themoviedb.org/person/1458533,0.8,64.2,61.4,88.91,103.39,-0.55,359151
sin-tmdb-music-1336197,Tom Kramer,TOK3,Singer,Music • Music Editor,TMDB 5000 music-crew sample,https://www.themoviedb.org/person/1336197,0.8,64.2,61.4,88.92,84.36,0.21,348723
sin-tmdb-music-19016,Michael Brook,MIB5,Singer,Music • Original Music Composer,TMDB 5000 music-crew sample,https://www.themoviedb.org/person/19016,0.8,64.1,61.2,88.49,86.92,8.74,244267
sin-tmdb-music-58438,Brian May,BRM3,Singer,Music • Original Music Composer,TMDB 5000 music-crew sample,https://www.themoviedb.org/person/58438,0.8,63.9,61.1,88.1,93.47,3.88,307833
sin-tmdb-music-1404546,Brian Richards,BRRI,Singer,Music • Music Editor,TMDB 5000 music-crew sample,https://www.themoviedb.org/person/1404546,0.8,63.9,61.1,88.14,97.6,9.3,372637
sin-tmdb-music-558,David Julyan,DAJU,Singer,Music • Original Music Composer,TMDB 5000 music-crew sample,https://www.themoviedb.org/person/558,0.8,63.9,61.1,88.17,97.76,-0.99,354837
sin-tmdb-music-40839,Brian Reitzell,BRR3,Singer,Music • Music Supervisor,TMDB 5000 music-crew sample,https://www.themoviedb.org/person/40839,0.8,63.7,61.0,87.73,95.92,5.54,268213
sin-tmdb-music-10494,Bill Conti,BIC3,Singer,Music • Original Music Composer,TMDB 5000 music-crew sample,https://www.themoviedb.org/person/10494,0.8,63.6,60.9,87.45,92.63,5.99,245490
sin-cur-mus-008,Kendrick Lamar,KELA,Singer,Hip-hop,Curated prototype anchor,,0.78,64.0,60.9,87.42,83.88,-5.51,313046
sin-tmdb-music-11770,John Carpenter,JO31,Singer,Music • Original Music Composer,TMDB 5000 music-crew sample,https://www.themoviedb.org/person/11770,0.8,63.4,60.8,87.02,89.61,7.99,400368
sin-tmdb-music-43393,Robert Folk,ROF2,Singer,Music • Original Music Composer,TMDB 5000 music-crew sample,https://www.themoviedb.org/person/43393,0.8,63.5,60.8,87.08,84.56,0.26,431716
sin-pantheon-30528002,Ed Sheeran,EDSH,Singer,Music • Singer,Pantheon 1.0 historical biographies,,0.77,63.9,60.7,86.83,90.06,3.22,251780
sin-tmdb-music-59706,Heitor Pereira,HEPE,Singer,Music • Original Music Composer,TMDB 5000 music-crew sample,https://www.themoviedb.org/person/59706,0.8,63.4,60.7,86.93,91.6,8.39,366296
sin-tmdb-music-21933,Happy Walters,HAWA,Singer,Music • Music Supervisor,TMDB 5000 music-crew sample,https://www.themoviedb.org/person/21933,0.8,63.3,60.6,86.68,86.29,-6.87,235953
sin-tmdb-music-1471726,John Houlihan,JOHO,Singer,Music • Music Supervisor,TMDB 5000 music-crew sample,https://www.themoviedb.org/person/1471726,0.8,63.0,60.4,85.92,87.81,4.2,247479
sin-pantheon-222417,A. R. Rahman,ARAX,Singer,Music • Musician,Pantheon 1.0 historical biographies,,0.77,63.4,60.3,85.78,90.46,-5.82,249231
sin-pantheon-1084346,Adam Levine,ADL2,Singer,Music • Musician,Pantheon 1.0 historical biographies,,0.77,63.4,60.3,85.77,86.77,-1.6,388773
sin-pantheon-494720,Jack Johnson,JAJ4,Singer,Music • Musician,Pantheon 1.0 historical biographies,,0.77,63.4,60.3,85.7,83.31,-4.58,229765
sin-tmdb-music-17004,Javier Navarrete,JANA,Singer,Music • Original Music Composer,TMDB 5000 music-crew sample,https://www.themoviedb.org/person/17004,0.8,62.9,60.3,85.63,90.72,0.91,187823
sin-tmdb-music-33525,Kyle Eastwood,KYEA,Singer,Music • Original Music Composer,TMDB 5000 music-crew sample,https://www.themoviedb.org/person/33525,0.8,62.9,60.3,85.63,88.58,-6.87,353138
sin-tmdb-music-929145,Lorne Balfe,LOBA,Singer,Music • Original Music Composer,TMDB 5000 music-crew sample,https://www.themoviedb.org/person/929145,0.8,62.7,60.2,85.36,77.95,-3.89,415991
sin-tmdb-music-1546441,Tom Wolfe,TOWO,Singer,Music • Music Supervisor,TMDB 5000 music-crew sample,https://www.themoviedb.org/person/1546441,0.8,62.6,60.1,84.98,86.0,-0.22,267000
sin-tmdb-music-9769,Stanley Clarke,STCL,Singer,Music • Original Music Composer,TMDB 5000 music-crew sample,https://www.themoviedb.org/person/9769,0.8,62.5,60.0,84.71,85.13,8.87,290852
sin-tmdb-music-12633,Mark Snow,MASN,Singer,Music • Original Music Composer,TMDB 5000 music-crew sample,https://www.themoviedb.org/person/12633,0.8,62.4,59.9,84.58,86.64,9.23,359518
sin-tmdb-music-73137,Ralph Sall,RASA,Singer,Music • Executive Music Producer,TMDB 5000 music-crew sample,https://www.themoviedb.org/person/73137,0.8,62.4,59.9,84.48,95.4,2.02,366104
sin-pantheon-8269381,Wiz Khalifa,WIKH,Singer,Music • Singer,Pantheon 1.0 historical biographies,,0.77,62.9,59.9,84.51,83.11,-0.32,242105
sin-tmdb-music-1531504,Mark Jan Wlodarkiewicz,MAWL,Singer,Music • Music Editor,TMDB 5000 music-crew sample,https://www.themoviedb.org/person/1531504,0.8,62.2,59.8,84.05,88.82,-7.37,364200
sin-tmdb-music-10851,Ramin Djawadi,RADJ,Singer,Music • Original Music Composer,TMDB 5000 music-crew sample,https://www.themoviedb.org/person/10851,0.8,62.3,59.8,84.29,90.37,-6.98,225271
sin-tmdb-music-15354,Stephen M. Davis,STDA,Singer,Music • Music Editor,TMDB 5000 music-crew sample,https://www.themoviedb.org/person/15354,0.8,62.2,59.8,84.13,88.38,0.86,357000
sin-tmdb-music-232158,Susan Jacobs,SUJA,Singer,Music • Music Supervisor,TMDB 5000 music-crew sample,https://www.themoviedb.org/person/232158,0.8,62.2,59.8,84.1,89.37,-7.33,230747
sin-tmdb-music-1544338,Karen Elliott,KAEL,Singer,Music • Music Supervisor,TMDB 5000 music-crew sample,https://www.themoviedb.org/person/1544338,0.8,62.2,59.7,84.04,96.25,1.29,227027
sin-tmdb-music-13301,Quincy Jones,QUJO,Singer,Music • Original Music Composer,TMDB 5000 music-crew sample,https://www.themoviedb.org/person/13301,0.8,62.1,59.7,83.84,80.49,8.05,274279
sin-tmdb-music-2987,Stewart Copeland,STC6,Singer,Music • Original Music Composer,TMDB 5000 music-crew sample,https://www.themoviedb.org/person/2987,0.8,62.2,59.7,84.0,84.93,7.54,324058
sin-pantheon-1539839,Feist,FEIS,Singer,Music • Singer,Pantheon 1.0 historical biographies,,0.77,62.4,59.6,83.48,80.67,-2.58,255052
sin-tmdb-music-60068,Deborah Lurie,DEL4,Singer,Music • Original Music Composer,TMDB 5000 music-crew sample,https://www.themoviedb.org/person/60068,0.8,61.9,59.5,83.35,93.67,2.52,325619
sin-tmdb-music-4082,Dimitri Tiomkin,DITI,Singer,Music • Original Music Composer,TMDB 5000 music-crew sample,https://www.themoviedb.org/person/4082,0.8,61.9,59.5,83.36,85.67,-0.09,347807
sin-tmdb-music-1529999,Gabe Hilfer,GAHI,Singer,Music • Music Supervisor,TMDB 5000 music-crew sample,https://www.themoviedb.org/person/1529999,0.8,61.8,59.5,83.23,83.29,-6.04,220200
sin-pantheon-901634,Natasha Bedingfield,NABE,Singer,Music • Singer,Pantheon 1.0 historical biographies,,0.77,62.3,59.5,83.2,77.11,-6.54,334004
sin-tmdb-music-20897,Bruce Broughton,BRBR,Singer,Music • Original Music Composer,TMDB 5000 music-crew sample,https://www.themoviedb.org/person/20897,0.8,61.6,59.3,82.78,95.89,7.49,287766
sin-tmdb-music-43609,Elia Cmiral,ELCM,Singer,Music • Original Music Composer,TMDB 5000 music-crew sample,https://www.themoviedb.org/person/43609,0.8,61.6,59.3,82.76,90.05,5.36,251662
sin-tmdb-music-8576,Antonio Pinto,ANP2,Singer,Music • Original Music Composer,TMDB 5000 music-crew sample,https://www.themoviedb.org/person/8576,0.8,61.5,59.2,82.51,80.27,-2.23,211564
sin-tmdb-music-20953,Harry Manfredini,HAM3,Singer,Music • Original Music Composer,TMDB 5000 music-crew sample,https://www.themoviedb.org/person/20953,0.8,61.5,59.2,82.37,81.89,8.57,290190
sin-tmdb-music-56827,Junkie XL,JUXL,Singer,Music • Music,TMDB 5000 music-crew sample,https://www.themoviedb.org/person/56827,0.8,61.5,59.2,82.54,89.06,-1.65,314251
sin-tmdb-music-9217,Lalo Schifrin,LASC,Singer,Music • Original Music Composer,TMDB 5000 music-crew sample,https://www.themoviedb.org/person/9217,0.8,61.3,59.1,82.08,91.41,4.68,217223
sin-tmdb-music-40825,Benjamin Wallfisch,BEWA,Singer,Music • Original Music Composer,TMDB 5000 music-crew sample,https://www.themoviedb.org/person/40825,0.8,61.2,59.0,81.75,82.42,-2.07,231028
sin-tmdb-music-63976,Marcus Miller,MA25,Singer,Music • Original Music Composer,TMDB 5000 music-crew sample,https://www.themoviedb.org/person/63976,0.8,61.2,59.0,81.84,89.59,-1.35,177852
sin-tmdb-music-46863,Charlie Mole,CHM9,Singer,Music • Original Music Composer,TMDB 5000 music-crew sample,https://www.themoviedb.org/person/46863,0.8,61.1,58.9,81.58,94.06,-4.56,249877
sin-tmdb-music-17767,Geoff Zanelli,GEZA,Singer,Music • Original Music Composer,TMDB 5000 music-crew sample,https://www.themoviedb.org/person/17767,0.8,60.9,58.7,81.15,82.89,-6.3,221038
sin-tmdb-music-23739,James L. Venable,JAV2,Singer,Music • Original Music Composer,TMDB 5000 music-crew sample,https://www.themoviedb.org/person/23739,0.8,60.9,58.7,81.08,80.92,3.93,254808
sin-tmdb-music-73417,Joseph Bishara,JO33,Singer,Music • Original Music Composer,TMDB 5000 music-crew sample,https://www.themoviedb.org/person/73417,0.8,60.9,58.7,81.01,82.86,5.54,372723
sin-tmdb-music-7478,Michael Simpson,MISI,Singer,Music • Original Music Composer,TMDB 5000 music-crew sample,https://www.themoviedb.org/person/7478,0.8,60.9,58.7,81.15,80.26,3.83,244679
sin-tmdb-music-16368,Steven Price,STPR,Singer,Music • Original Music Composer,TMDB 5000 music-crew sample,https://www.themoviedb.org/person/16368,0.8,60.8,58.6,80.79,78.9,9.05,247964
sin-tmdb-music-75002,Budd Carr,BUCA,Singer,Music • Music Supervisor,TMDB 5000 music-crew sample,https://www.themoviedb.org/person/75002,0.8,60.6,58.5,80.36,82.97,0.26,322655
sin-tmdb-music-3535,Georges Delerue,GED2,Singer,Music • Original Music Composer,TMDB 5000 music-crew sample,https://www.themoviedb.org/person/3535,0.8,60.6,58.5,80.36,93.01,-6.87,270502
sin-tmdb-music-15571,Henry Krieger,HEKR,Singer,Music • Original Music Composer,TMDB 5000 music-crew sample,https://www.themoviedb.org/person/15571,0.8,60.6,58.5,80.39,85.63,1.52,286830
sin-tmdb-music-17212,Normand Corbeil,NOCO,Singer,Music • Music,TMDB 5000 music-crew sample,https://www.themoviedb.org/person/17212,0.8,60.6,58.5,80.3,86.12,7.79,325656
sin-tmdb-music-932186,Bruce Fowler,BRF4,Singer,Music • Orchestrator,TMDB 5000 music-crew sample,https://www.themoviedb.org/person/932186,0.8,60.5,58.4,80.11,74.42,6.74,388028
sin-tmdb-music-12455,Shigeru Umebayashi,SHUM,Singer,Music • Original Music Composer,TMDB 5000 music-crew sample,https://www.themoviedb.org/person/12455,0.8,60.5,58.4,80.1,80.69,-3.56,314117
sin-tmdb-music-70789,Andrew Lockington,ANL3,Singer,Music • Music,TMDB 5000 music-crew sample,https://www.themoviedb.org/person/70789,0.8,60.3,58.3,79.73,75.46,2.32,363169
sin-tmdb-music-799,Harold Faltermeyer,HAFA,Singer,Music • Original Music Composer,TMDB 5000 music-crew sample,https://www.themoviedb.org/person/799,0.8,60.3,58.3,79.81,90.83,5.5,253238
sin-tmdb-music-49285,Joel McNeely,JO34,Singer,Music • Original Music Composer,TMDB 5000 music-crew sample,https://www.themoviedb.org/person/49285,0.8,60.4,58.3,80.0,79.79,5.99,191089
sin-tmdb-music-37757,David Hirschfelder,DAHI,Singer,Music • Original Music Composer,TMDB 5000 music-crew sample,https://www.themoviedb.org/person/37757,0.8,60.2,58.2,79.5,82.23,-2.85,278271
sin-tmdb-music-46266,Max Richter,MARI,Singer,Music • Original Music Composer,TMDB 5000 music-crew sample,https://www.themoviedb.org/person/46266,0.8,60.3,58.2,79.7,85.86,1.24,311935
sin-tmdb-music-469,Stephen Warbeck,STWA,Singer,Music • Original Music Composer,TMDB 5000 music-crew sample,https://www.themoviedb.org/person/469,0.8,60.3,58.2,79.62,75.29,-3.46,194330
sin-tmdb-music-1075,Johnny Klimek,JOKL,Singer,Music • Original Music Composer,TMDB 5000 music-crew sample,https://www.themoviedb.org/person/1075,0.8,60.1,58.1,79.31,76.76,2.67,360953
sin-tmdb-music-1076,Reinhold Heil,REHE,Singer,Music • Original Music Composer,TMDB 5000 music-crew sample,https://www.themoviedb.org/person/1076,0.8,60.1,58.1,79.32,76.51,-4.04,334451
sin-tmdb-music-1000559,Bobby Johnston,BOJO,Singer,Music • Original Music Composer,TMDB 5000 music-crew sample,https://www.themoviedb.org/person/1000559,0.8,59.9,58.0,78.91,77.01,4.96,264662
sin-tmdb-music-1154,Giorgio Moroder,GIMO,Singer,Music • Original Music Composer,TMDB 5000 music-crew sample,https://www.themoviedb.org/person/1154,0.8,59.9,58.0,78.91,78.29,6.94,277330
sin-tmdb-music-1472871,Tim Williams,TIWI,Singer,Music • Original Music Composer,TMDB 5000 music-crew sample,https://www.themoviedb.org/person/1472871,0.8,59.9,57.9,78.78,75.75,9.17,276274
sin-tmdb-music-1071,Tom Tykwer,TOTY,Singer,Music • Original Music Composer,TMDB 5000 music-crew sample,https://www.themoviedb.org/person/1071,0.8,59.9,57.9,78.75,76.26,-4.38,222423
sin-tmdb-music-1337419,James Bellamy,JA14,Singer,Music • Music Editor,TMDB 5000 music-crew sample,https://www.themoviedb.org/person/1337419,0.8,59.7,57.8,78.35,88.81,-0.11,215866
sin-tmdb-music-1066776,Liz Gallacher,LIG2,Singer,Music • Music Supervisor,TMDB 5000 music-crew sample,https://www.themoviedb.org/person/1066776,0.8,59.7,57.8,78.33,82.71,3.85,292200
sin-tmdb-music-8619,Franz Waxman,FRW2,Singer,Music • Original Music Composer,TMDB 5000 music-crew sample,https://www.themoviedb.org/person/8619,0.8,59.6,57.7,78.17,75.05,6.66,343569
sin-tmdb-music-13083,Mark Kilian,MAKI,Singer,Music • Original Music Composer,TMDB 5000 music-crew sample,https://www.themoviedb.org/person/13083,0.8,59.7,57.7,78.27,89.81,6.77,323085
sin-tmdb-music-35838,Michel Colombier,MIC4,Singer,Music • Original Music Composer,TMDB 5000 music-crew sample,https://www.themoviedb.org/person/35838,0.8,59.6,57.7,78.23,86.43,-5.42,307833
sin-tmdb-music-64156,Trevor Morris,TRM2,Singer,Music • Original Music Composer,TMDB 5000 music-crew sample,https://www.themoviedb.org/person/64156,0.8,59.6,57.7,78.14,85.96,-4.49,367293
sin-tmdb-music-14647,Cyril J. Mockridge,CYMO,Singer,Music • Original Music Composer,TMDB 5000 music-crew sample,https://www.themoviedb.org/person/14647,0.8,59.6,57.6,78.03,83.24,-4.67,265128
sin-tmdb-music-63964,Miles Goodman,MIG2,Singer,Music • Original Music Composer,TMDB 5000 music-crew sample,https://www.themoviedb.org/person/63964,0.8,59.5,57.6,77.92,83.41,2.37,243776
sin-tmdb-music-2863,Nathan Larson,NAL2,Singer,Music • Original Music Composer,TMDB 5000 music-crew sample,https://www.themoviedb.org/person/2863,0.8,59.6,57.6,78.03,73.75,1.24,289718
sin-tmdb-music-15308,Sharon Boyle,SHB2,Singer,Music • Music Supervisor,TMDB 5000 music-crew sample,https://www.themoviedb.org/person/15308,0.8,59.6,57.6,78.04,88.68,7.95,313353
sin-tmdb-music-26981,Shirley Walker,SHW4,Singer,Music • Original Music Composer,TMDB 5000 music-crew sample,https://www.themoviedb.org/person/26981,0.8,59.5,57.6,77.9,84.72,-2.3,262756
sin-tmdb-music-39993,Alex Wurman,ALWU,Singer,Music • Original Music Composer,TMDB 5000 music-crew sample,https://www.themoviedb.org/person/39993,0.8,59.4,57.5,77.59,73.59,-3.59,251662
sin-tmdb-music-8503,Alfred Newman,ALN2,Singer,Music • Original Music Composer,TMDB 5000 music-crew sample,https://www.themoviedb.org/person/8503,0.8,59.4,57.5,77.69,81.58,1.84,236871
sin-tmdb-music-7435,David Mansfield,DAM7,Singer,Music • Original Music Composer,TMDB 5000 music-crew sample,https://www.themoviedb.org/person/7435,0.8,59.4,57.5,77.71,84.84,3.57,349948
sin-tmdb-music-34060,Lisa Coleman,LIC4,Singer,Music • Original Music Composer,TMDB 5000 music-crew sample,https://www.themoviedb.org/person/34060,0.8,59.3,57.5,77.55,87.09,0.89,232729
sin-tmdb-music-11344,Nicholas Hooper,NIH2,Singer,Music • Original Music Composer,TMDB 5000 music-crew sample,https://www.themoviedb.org/person/11344,0.8,59.3,57.5,77.48,73.64,5.64,325626
sin-tmdb-music-1544639,Angie Rubin,ANR5,Singer,Music • Music Editor,TMDB 5000 music-crew sample,https://www.themoviedb.org/person/1544639,0.8,59.2,57.4,77.33,84.91,8.82,227182
sin-tmdb-music-719,John Morris,JO32,Singer,Music • Original Music Composer,TMDB 5000 music-crew sample,https://www.themoviedb.org/person/719,0.8,59.3,57.4,77.44,74.92,-4.77,355202
sin-tmdb-music-1406905,Michael Connell,MICO,Singer,Music • Music Editor,TMDB 5000 music-crew sample,https://www.themoviedb.org/person/1406905,0.8,59.2,57.4,77.22,73.23,0.79,266083
sin-tmdb-music-5628,Angelo Badalamenti,ANB8,Singer,Music • Original Music Composer,TMDB 5000 music-crew sample,https://www.themoviedb.org/person/5628,0.8,59.1,57.3,77.03,78.34,4.6,384785
sin-tmdb-music-2120,Cliff Eidelman,CLEI,Singer,Music • Original Music Composer,TMDB 5000 music-crew sample,https://www.themoviedb.org/person/2120,0.8,59.1,57.3,77.06,79.51,-1.32,209589
sin-tmdb-music-25548,Danny Lux,DALU,Singer,Music • Original Music Composer,TMDB 5000 music-crew sample,https://www.themoviedb.org/person/25548,0.8,59.1,57.3,77.02,86.33,-6.49,322723
sin-tmdb-music-278,Gustavo Santaolalla,GUSA,Singer,Music • Original Music Composer,TMDB 5000 music-crew sample,https://www.themoviedb.org/person/278,0.8,59.1,57.3,76.96,77.12,1.07,194330
sin-tmdb-music-36105,Matthias Weber,MAW5,Singer,Music • Original Music Composer,TMDB 5000 music-crew sample,https://www.themoviedb.org/person/36105,0.8,59.2,57.3,77.17,82.24,3.57,316917
sin-tmdb-music-3249,Max Steiner,MA26,Singer,Music • Original Music Composer,TMDB 5000 music-crew sample,https://www.themoviedb.org/person/3249,0.8,59.2,57.3,77.19,80.08,3.72,313934
sin-tmdb-music-67507,Dan Jones,DAJ3,Singer,Music • Original Music Composer,TMDB 5000 music-crew sample,https://www.themoviedb.org/person/67507,0.8,59.0,57.2,76.83,84.3,-5.16,286830
sin-tmdb-music-62641,Gavin Friday,GAFR,Singer,Music • Original Music Composer,TMDB 5000 music-crew sample,https://www.themoviedb.org/person/62641,0.8,58.9,57.2,76.66,90.68,-3.68,281338
sin-tmdb-music-32234,Graham Reynolds,GRR2,Singer,Music • Original Music Composer,TMDB 5000 music-crew sample,https://www.themoviedb.org/person/32234,0.8,59.0,57.2,76.79,72.55,1.39,344028
sin-tmdb-music-16161,Kenneth Hall,KEH2,Singer,Music • Music Editor,TMDB 5000 music-crew sample,https://www.themoviedb.org/person/16161,0.8,58.9,57.2,76.66,84.68,5.43,313865
sin-tmdb-music-60102,Michael Wandmacher,MIW5,Singer,Music • Music,TMDB 5000 music-crew sample,https://www.themoviedb.org/person/60102,0.8,59.0,57.2,76.86,69.52,1.89,289626
sin-tmdb-music-558105,Trevor Horn,TRHO,Singer,Music • Original Music Composer,TMDB 5000 music-crew sample,https://www.themoviedb.org/person/558105,0.8,59.0,57.2,76.81,84.01,4.95,302402
sin-tmdb-music-582922,Daniel Pemberton,DAPE,Singer,Music • Original Music Composer,TMDB 5000 music-crew sample,https://www.themoviedb.org/person/582922,0.8,58.8,57.1,76.39,82.17,-5.22,279769
sin-tmdb-music-85583,Loy Mendonsa,LOME,Singer,Music • Original Music Composer,TMDB 5000 music-crew sample,https://www.themoviedb.org/person/85583,0.8,58.9,57.1,76.6,81.52,-3.66,296596
sin-tmdb-music-1052537,Lynn Fainchtein,LYFA,Singer,Music • Music Supervisor,TMDB 5000 music-crew sample,https://www.themoviedb.org/person/1052537,0.8,58.8,57.1,76.44,87.3,4.9,298068
sin-tmdb-music-34227,Morris Stoloff,MOST,Singer,Music • Music Director,TMDB 5000 music-crew sample,https://www.themoviedb.org/person/34227,0.8,58.9,57.1,76.55,85.74,-7.2,239534
sin-tmdb-music-558267,Pharrell Williams,PHWI,Singer,Music • Original Music Composer,TMDB 5000 music-crew sample,https://www.themoviedb.org/person/558267,0.8,58.8,57.1,76.4,88.04,-7.42,320035
sin-tmdb-music-1045,Bernard Herrmann,BEH2,Singer,Music • Original Music Composer,TMDB 5000 music-crew sample,https://www.themoviedb.org/person/1045,0.8,58.8,57.0,76.37,85.66,-3.08,207764
sin-tmdb-music-1408706,Chris McGeary,CHM8,Singer,Music • Music Editor,TMDB 5000 music-crew sample,https://www.themoviedb.org/person/1408706,0.8,58.7,57.0,76.15,72.19,1.11,300055
sin-tmdb-music-17748,Craig Wedren,CRWE,Singer,Music • Original Music Composer,TMDB 5000 music-crew sample,https://www.themoviedb.org/person/17748,0.8,58.8,57.0,76.31,83.51,7.54,310793
sin-tmdb-music-1425395,Jason Ruder,JAR4,Singer,Music • Music Editor,TMDB 5000 music-crew sample,https://www.themoviedb.org/person/1425395,0.8,58.7,57.0,76.13,79.61,4.33,215866
sin-tmdb-music-195,Lennie Niehaus,LEN3,Singer,Music • Original Music Composer,TMDB 5000 music-crew sample,https://www.themoviedb.org/person/195,0.8,58.8,57.0,76.24,67.53,0.53,199770
sin-tmdb-music-122990,Richard D. James,RIJ2,Singer,Music • Original Music Composer,TMDB 5000 music-crew sample,https://www.themoviedb.org/person/122990,0.8,58.8,57.0,76.3,78.26,5.79,273101
sin-tmdb-music-21068,Richard Gibbs,RIGI,Singer,Music • Original Music Composer,TMDB 5000 music-crew sample,https://www.themoviedb.org/person/21068,0.8,58.8,57.0,76.24,85.63,-0.32,192497
sin-tmdb-music-23860,Fred Mollin,FRMO,Singer,Music • Original Music Composer,TMDB 5000 music-crew sample,https://www.themoviedb.org/person/23860,0.8,58.6,56.9,75.82,74.68,0.08,258856
sin-tmdb-music-14716,Kathy Durning,KAD3,Singer,Music • Music Editor,TMDB 5000 music-crew sample,https://www.themoviedb.org/person/14716,0.8,58.6,56.9,75.95,78.69,8.29,245685
sin-tmdb-music-3314,Badly Drawn Boy,BAB2,Singer,Music • Original Music Composer,TMDB 5000 music-crew sample,https://www.themoviedb.org/person/3314,0.8,58.5,56.8,75.6,72.53,7.37,295067
sin-tmdb-music-1099146,Hal Beckett,HAB4,Singer,Music • Original Music Composer,TMDB 5000 music-crew sample,https://www.themoviedb.org/person/1099146,0.8,58.5,56.8,75.75,85.79,7.29,238535
sin-tmdb-music-10468,Marvin Hamlisch,MAH6,Singer,Music • Original Music Composer,TMDB 5000 music-crew sample,https://www.themoviedb.org/person/10468,0.8,58.5,56.8,75.6,70.75,-5.39,353368
sin-tmdb-music-10934,Michel Legrand,MILE,Singer,Music • Original Music Composer,TMDB 5000 music-crew sample,https://www.themoviedb.org/person/10934,0.8,58.5,56.8,75.61,75.44,2.22,165958
sin-tmdb-music-1551,Philip Glass,PHGL,Singer,Music • Original Music Composer,TMDB 5000 music-crew sample,https://www.themoviedb.org/person/1551,0.8,58.5,56.8,75.67,80.05,4.12,246333
sin-tmdb-music-21299,David Pirner,DAP4,Singer,Music • Original Music Composer,TMDB 5000 music-crew sample,https://www.themoviedb.org/person/21299,0.8,58.4,56.7,75.54,84.11,-6.82,297813
sin-tmdb-music-37187,Jean-Claude Petit,JEPE,Singer,Music • Original Music Composer,TMDB 5000 music-crew sample,https://www.themoviedb.org/person/37187,0.8,58.4,56.7,75.52,75.06,-2.75,270355
sin-tmdb-music-32347,John Altman,JOA6,Singer,Music • Original Music Composer,TMDB 5000 music-crew sample,https://www.themoviedb.org/person/32347,0.8,58.3,56.7,75.29,75.58,9.35,180474
sin-tmdb-music-41674,John Swihart,JOSW,Singer,Music • Original Music Composer,TMDB 5000 music-crew sample,https://www.themoviedb.org/person/41674,0.8,58.4,56.7,75.37,72.91,4.51,325746
sin-tmdb-music-9796,Johnny Mandel,JO36,Singer,Music • Original Music Composer,TMDB 5000 music-crew sample,https://www.themoviedb.org/person/9796,0.8,58.4,56.7,75.37,85.3,1.52,215969
sin-tmdb-music-122451,Mike Patton,MIP2,Singer,Music • Original Music Composer,TMDB 5000 music-crew sample,https://www.themoviedb.org/person/122451,0.8,58.4,56.7,75.51,82.24,6.94,145637
sin-tmdb-music-7741,Simon Boswell,SIBO,Singer,Music • Original Music Composer,TMDB 5000 music-crew sample,https://www.themoviedb.org/person/7741,0.8,58.4,56.7,75.49,84.73,0.83,296596
sin-tmdb-music-75940,Cezary Skubiszewski,CESK,Singer,Music • Original Music Composer,TMDB 5000 music-crew sample,https://www.themoviedb.org/person/75940,0.8,58.2,56.6,75.0,79.63,-6.42,319820
sin-tmdb-music-957031,Gary Yershon,GAYE,Singer,Music • Original Music Composer,TMDB 5000 music-crew sample,https://www.themoviedb.org/person/957031,0.8,58.3,56.6,75.23,87.97,-5.16,160152
sin-tmdb-music-85581,Shankar Mahadevan,SHM2,Singer,Music • Original Music Composer,TMDB 5000 music-crew sample,https://www.themoviedb.org/person/85581,0.8,58.2,56.6,75.04,81.67,5.91,183377
sin-tmdb-music-38335,Steve Bartek,STB2,Singer,Music • Orchestrator,TMDB 5000 music-crew sample,https://www.themoviedb.org/person/38335,0.8,58.2,56.6,75.12,73.03,6.97,235312
sin-tmdb-music-1526823,Tracy McKnight,TRMC,Singer,Music • Music Supervisor,TMDB 5000 music-crew sample,https://www.themoviedb.org/person/1526823,0.8,58.3,56.6,75.25,73.97,1.91,233382
sin-tmdb-music-9351,Zigmund Gron,ZIGR,Singer,Music • Music Editor,TMDB 5000 music-crew sample,https://www.themoviedb.org/person/9351,0.8,58.2,56.6,75.07,82.21,-6.62,241906
sin-tmdb-music-50772,David Torn,DATO,Singer,Music • Original Music Composer,TMDB 5000 music-crew sample,https://www.themoviedb.org/person/50772,0.8,58.2,56.5,74.92,73.12,5.28,267587
sin-tmdb-music-1535987,Deva Anderson,DEAN,Singer,Music • Music Supervisor,TMDB 5000 music-crew sample,https://www.themoviedb.org/person/1535987,0.8,58.1,56.5,74.83,76.79,7.56,156487
sin-tmdb-music-13571,Hugo Friedhofer,HUFR,Singer,Music • Original Music Composer,TMDB 5000 music-crew sample,https://www.themoviedb.org/person/13571,0.8,58.0,56.4,74.48,66.6,0.44,313934
sin-tmdb-music-613035,James Murphy,JAMU,Singer,Music • Original Music Composer,TMDB 5000 music-crew sample,https://www.themoviedb.org/person/613035,0.8,58.0,56.4,74.48,80.29,-4.82,281338
sin-tmdb-music-69486,Jill Wisoff,JIWI,Singer,Music • Original Music Composer,TMDB 5000 music-crew sample,https://www.themoviedb.org/person/69486,0.8,58.0,56.4,74.68,74.26,6.61,297813
sin-tmdb-music-117992,Jóhann Jóhannsson,JOJ4,Singer,Music • Original Music Composer,TMDB 5000 music-crew sample,https://www.themoviedb.org/person/117992,0.8,58.0,56.4,74.69,76.46,-5.89,302099
sin-tmdb-music-55165,Todd Rundgren,TORU,Singer,Music • Original Music Composer,TMDB 5000 music-crew sample,https://www.themoviedb.org/person/55165,0.8,58.0,56.4,74.6,77.01,3.82,198965
sin-tmdb-music-225635,David Buckley,DAB6,Singer,Music • Original Music Composer,TMDB 5000 music-crew sample,https://www.themoviedb.org/person/225635,0.8,57.8,56.3,74.23,77.5,5.43,174529
sin-tmdb-music-1342663,David Olson,DAOL,Singer,Music • Music Editor,TMDB 5000 music-crew sample,https://www.themoviedb.org/person/1342663,0.8,57.9,56.3,74.38,67.37,6.43,320021
sin-tmdb-music-19840,Alejandro Amenábar,ALAM,Singer,Music • Original Music Composer,TMDB 5000 music-crew sample,https://www.themoviedb.org/person/19840,0.8,57.7,56.2,74.04,74.44,5.25,221116
sin-tmdb-music-1556310,Dawn Soler,DASO,Singer,Music • Music Supervisor,TMDB 5000 music-crew sample,https://www.themoviedb.org/person/1556310,0.8,57.8,56.2,74.1,79.71,6.44,308005
sin-tmdb-music-58065,Nigel Westlake,NIWE,Singer,Music • Music,TMDB 5000 music-crew sample,https://www.themoviedb.org/person/58065,0.8,57.7,56.2,74.04,78.84,8.32,306394
sin-tmdb-music-6918,Ry Cooder,RYCO,Singer,Music • Original Music Composer,TMDB 5000 music-crew sample,https://www.themoviedb.org/person/6918,0.8,57.8,56.2,74.16,81.13,0.23,307833
sin-tmdb-music-1400,Wojciech Kilar,WOKI,Singer,Music • Original Music Composer,TMDB 5000 music-crew sample,https://www.themoviedb.org/person/1400,0.8,57.7,56.2,73.98,72.75,-6.67,286149
sin-tmdb-music-52339,Claude Foisy,CLF2,Singer,Music • Original Music Composer,TMDB 5000 music-crew sample,https://www.themoviedb.org/person/52339,0.8,57.6,56.1,73.73,70.81,-0.11,177571
sin-tmdb-music-10364,David Robbins,DAR2,Singer,Music • Original Music Composer,TMDB 5000 music-crew sample,https://www.themoviedb.org/person/10364,0.8,57.6,56.1,73.8,78.15,7.14,262078
sin-tmdb-music-45127,Markéta Irglová,MAIR,Singer,Music • Original Music Composer,TMDB 5000 music-crew sample,https://www.themoviedb.org/person/45127,0.8,57.6,56.1,73.71,77.85,3.47,218186
sin-tmdb-music-2107,Paul J. Smith,PAS5,Singer,Music • Original Music Composer,TMDB 5000 music-crew sample,https://www.themoviedb.org/person/2107,0.8,57.6,56.1,73.76,77.14,-4.31,340379
sin-tmdb-music-1770856,Taylor Stewart,TAST,Singer,Music • Original Music Composer,TMDB 5000 music-crew sample,https://www.themoviedb.org/person/1770856,0.8,57.6,56.1,73.78,71.17,-5.06,293693
sin-tmdb-music-18663,Tom Scott,TOS2,Singer,Music • Original Music Composer,TMDB 5000 music-crew sample,https://www.themoviedb.org/person/18663,0.8,57.7,56.1,73.83,72.13,7.04,267609
sin-tmdb-music-111213,Frankie Pine,FRP2,Singer,Music • Music Supervisor,TMDB 5000 music-crew sample,https://www.themoviedb.org/person/111213,0.8,57.6,56.0,73.63,77.62,2.8,196663
sin-tmdb-music-20459,Harry Escott,HAES,Singer,Music • Original Music Composer,TMDB 5000 music-crew sample,https://www.themoviedb.org/person/20459,0.8,57.5,56.0,73.53,69.92,2.39,295719
sin-tmdb-music-57892,Ken Thorne,KET2,Singer,Music • Original Music Composer,TMDB 5000 music-crew sample,https://www.themoviedb.org/person/57892,0.8,57.5,56.0,73.52,78.72,2.02,255977
sin-tmdb-music-54449,Richard Robbins,RIR4,Singer,Music • Original Music Composer,TMDB 5000 music-crew sample,https://www.themoviedb.org/person/54449,0.8,57.5,56.0,73.46,71.9,2.67,284205
sin-tmdb-music-60891,tomandandy,TOM2,Singer,Music • Original Music Composer,TMDB 5000 music-crew sample,https://www.themoviedb.org/person/60891,0.8,57.4,56.0,73.39,72.06,-3.25,247520
sin-tmdb-music-1431841,Brooks Arthur,BRAR,Singer,Music • Music Supervisor,TMDB 5000 music-crew sample,https://www.themoviedb.org/person/1431841,0.8,57.4,55.9,73.23,77.99,4.63,261991
sin-tmdb-music-3078,David Byrne,DABY,Singer,Music • Original Music Composer,TMDB 5000 music-crew sample,https://www.themoviedb.org/person/3078,0.8,57.4,55.9,73.21,74.53,-4.24,270355
sin-tmdb-music-86199,Laura Ziffren,LAZI,Singer,Music • Music Supervisor,TMDB 5000 music-crew sample,https://www.themoviedb.org/person/86199,0.8,57.4,55.9,73.2,76.96,-4.96,320414
sin-tmdb-music-52453,Margaret Yen,MAYE,Singer,Music • Music Supervisor,TMDB 5000 music-crew sample,https://www.themoviedb.org/person/52453,0.8,57.3,55.9,73.15,77.97,-3.36,179041
sin-tmdb-music-968400,Raphaël Beau,RABE,Singer,Music • Original Music Composer,TMDB 5000 music-crew sample,https://www.themoviedb.org/person/968400,0.8,57.4,55.9,73.35,81.22,8.85,300559
sin-tmdb-music-930989,Will Bates,WIBA,Singer,Music • Original Music Composer,TMDB 5000 music-crew sample,https://www.themoviedb.org/person/930989,0.8,57.4,55.9,73.31,83.28,0.13,232729
sin-tmdb-music-1204438,Eduard Artemev,EDA2,Singer,Music • Original Music Composer,TMDB 5000 music-crew sample,https://www.themoviedb.org/person/1204438,0.8,57.2,55.8,72.9,79.57,0.26,166016
sin-tmdb-music-5467,Leigh Harline,LEH2,Singer,Music • Original Music Composer,TMDB 5000 music-crew sample,https://www.themoviedb.org/person/5467,0.8,57.2,55.8,72.95,82.56,-2.78,194989
sin-tmdb-music-563736,Andrea von Foerster,ANFO,Singer,Music • Music Supervisor,TMDB 5000 music-crew sample,https://www.themoviedb.org/person/563736,0.8,57.1,55.7,72.56,79.52,-7.13,279519
sin-tmdb-music-66489,Andrew Hollander,ANH6,Singer,Music • Original Music Composer,TMDB 5000 music-crew sample,https://www.themoviedb.org/person/66489,0.8,57.1,55.7,72.73,73.27,8.89,281338
sin-tmdb-music-91245,Arthur Morton,ARMO,Singer,Music • Orchestrator,TMDB 5000 music-crew sample,https://www.themoviedb.org/person/91245,0.8,57.1,55.7,72.74,76.77,-5.41,254531
sin-tmdb-music-35073,Bruno Coulais,BRC5,Singer,Music • Music,TMDB 5000 music-crew sample,https://www.themoviedb.org/person/35073,0.8,57.2,55.7,72.76,80.14,-1.17,208776
sin-tmdb-music-43863,Igo Kantor,IGKA,Singer,Music • Original Music Composer,TMDB 5000 music-crew sample,https://www.themoviedb.org/person/43863,0.8,57.1,55.7,72.58,82.45,3.27,204457
sin-tmdb-music-636,Joe Hisaishi,JO35,Singer,Music • Original Music Composer,TMDB 5000 music-crew sample,https://www.themoviedb.org/person/636,0.8,57.1,55.7,72.69,78.88,-7.3,267587
sin-tmdb-music-1528013,Selena Arizanovic,SEAR,Singer,Music • Music Supervisor,TMDB 5000 music-crew sample,https://www.themoviedb.org/person/1528013,0.8,57.1,55.7,72.57,79.8,-1.7,179083
sin-tmdb-music-12994,Vassal Benford,VAB2,Singer,Music • Original Music Composer,TMDB 5000 music-crew sample,https://www.themoviedb.org/person/12994,0.8,57.2,55.7,72.79,78.98,1.97,244341
sin-tmdb-music-77080,Will Oldham,WIOL,Singer,Music • Original Music Composer,TMDB 5000 music-crew sample,https://www.themoviedb.org/person/77080,0.8,57.1,55.7,72.61,76.79,6.71,251135
sin-tmdb-music-53017,Blake Neely,BLNE,Singer,Music • Conductor,TMDB 5000 music-crew sample,https://www.themoviedb.org/person/53017,0.8,57.0,55.6,72.37,79.39,-3.54,160792
sin-tmdb-music-234824,Eugenio Mira,EUMI,Singer,Music • Original Music Composer,TMDB 5000 music-crew sample,https://www.themoviedb.org/person/234824,0.8,57.1,55.6,72.53,82.66,-2.37,303304
sin-tmdb-music-577,Fred Frith,FRFR,Singer,Music • Original Music Composer,TMDB 5000 music-crew sample,https://www.themoviedb.org/person/577,0.8,57.1,55.6,72.54,81.84,7.59,308796
sin-tmdb-music-59472,Jeff Rona,JERO,Singer,Music • Original Music Composer,TMDB 5000 music-crew sample,https://www.themoviedb.org/person/59472,0.8,57.1,55.6,72.55,84.06,6.56,161739
sin-tmdb-music-5881,Leonardo Heiblum,LEH3,Singer,Music • Original Music Composer,TMDB 5000 music-crew sample,https://www.themoviedb.org/person/5881,0.8,57.0,55.6,72.47,73.61,0.29,299499
sin-tmdb-music-2872,Carmine Coppola,CACO,Singer,Music • Original Music Composer,TMDB 5000 music-crew sample,https://www.themoviedb.org/person/2872,0.8,56.9,55.5,72.27,64.6,9.3,294175
sin-tmdb-music-5430,Harald Kloser,HAKL,Singer,Music • Original Music Composer,TMDB 5000 music-crew sample,https://www.themoviedb.org/person/5430,0.8,56.8,55.5,72.03,76.43,-6.55,246333
sin-tmdb-music-61073,James O'Brien,JAOB,Singer,Music • Original Music Composer,TMDB 5000 music-crew sample,https://www.themoviedb.org/person/61073,0.8,56.9,55.5,72.23,73.91,2.49,256626
sin-tmdb-music-1550058,Jim Harrison,JIHA,Singer,Music • Music Editor,TMDB 5000 music-crew sample,https://www.themoviedb.org/person/1550058,0.8,56.9,55.5,72.2,76.14,0.73,195780
sin-tmdb-music-1553251,Allan Mason,ALM4,Singer,Music • Music Supervisor,TMDB 5000 music-crew sample,https://www.themoviedb.org/person/1553251,0.8,56.7,55.4,71.87,74.69,9.05,260165
sin-tmdb-music-3529,Antoine Duhamel,AND5,Singer,Music • Original Music Composer,TMDB 5000 music-crew sample,https://www.themoviedb.org/person/3529,0.8,56.7,55.4,71.79,71.48,-0.09,290790
sin-tmdb-music-15193,Herbie Hancock,HEH2,Singer,Music • Original Music Composer,TMDB 5000 music-crew sample,https://www.themoviedb.org/person/15193,0.8,56.8,55.4,71.89,82.01,7.62,145637
sin-tmdb-music-12939,Ira Newborn,IRNE,Singer,Music • Original Music Composer,TMDB 5000 music-crew sample,https://www.themoviedb.org/person/12939,0.8,56.7,55.4,71.87,81.68,6.08,231575
sin-tmdb-music-66675,Luis Bacalov,LUBA,Singer,Music • Music,TMDB 5000 music-crew sample,https://www.themoviedb.org/person/66675,0.8,56.8,55.4,71.97,66.72,9.48,275814
sin-tmdb-music-160927,Scott Stambler,SCST,Singer,Music • Music Editor,TMDB 5000 music-crew sample,https://www.themoviedb.org/person/160927,0.8,56.7,55.4,71.85,71.7,3.12,314719
sin-tmdb-music-56994,Bob Last,BOL2,Singer,Music • Music Supervisor,TMDB 5000 music-crew sample,https://www.themoviedb.org/person/56994,0.8,56.6,55.3,71.63,71.51,-5.19,247124
sin-tmdb-music-928158,Ludwig Göransson,LUG2,Singer,Music • Original Music Composer,TMDB 5000 music-crew sample,https://www.themoviedb.org/person/928158,0.8,56.7,55.3,71.7,72.17,-2.85,234352
sin-tmdb-music-68437,Adam Schlesinger,ADS2,Singer,Music • Original Music Composer,TMDB 5000 music-crew sample,https://www.themoviedb.org/person/68437,0.8,56.5,55.2,71.33,74.94,8.02,264864
sin-tmdb-music-1552533,Gary Jones,GAJO,Singer,Music • Music Supervisor,TMDB 5000 music-crew sample,https://www.themoviedb.org/person/1552533,0.8,56.5,55.2,71.26,81.87,3.0,192611
sin-tmdb-music-55694,Herschel Burke Gilbert,HEGI,Singer,Music • Original Music Composer,TMDB 5000 music-crew sample,https://www.themoviedb.org/person/55694,0.8,56.5,55.2,71.33,80.48,-7.02,206601
sin-tmdb-music-51588,Kevin Kiner,KEKI,Singer,Music • Original Music Composer,TMDB 5000 music-crew sample,https://www.themoviedb.org/person/51588,0.8,56.5,55.2,71.4,75.39,7.04,300559
sin-tmdb-music-5240,Klaus Doldinger,KLDO,Singer,Music • Original Music Composer,TMDB 5000 music-crew sample,https://www.themoviedb.org/person/5240,0.8,56.5,55.2,71.45,79.69,6.96,212407
sin-tmdb-music-223202,Nick Angel,NIAN,Singer,Music • Music Supervisor,TMDB 5000 music-crew sample,https://www.themoviedb.org/person/223202,0.8,56.5,55.2,71.36,78.24,7.32,205823
sin-tmdb-music-5839,Robert B. Sherman,ROS6,Singer,Music • Original Music Composer,TMDB 5000 music-crew sample,https://www.themoviedb.org/person/5839,0.8,56.5,55.2,71.45,71.36,7.42,292321
sin-tmdb-music-30922,Sol Kaplan,SOK2,Singer,Music • Original Music Composer,TMDB 5000 music-crew sample,https://www.themoviedb.org/person/30922,0.8,56.4,55.2,71.23,67.93,-3.58,299499
sin-tmdb-music-9252,Thomas Richard Sharp,THS2,Singer,Music • Original Music Composer,TMDB 5000 music-crew sample,https://www.themoviedb.org/person/9252,0.8,56.6,55.2,71.47,78.79,7.87,300559
sin-tmdb-music-29810,Bernhard Kaun,BEK2,Singer,Music • Original Music Composer,TMDB 5000 music-crew sample,https://www.themoviedb.org/person/29810,0.8,56.3,55.1,70.99,78.47,1.89,209948
sin-tmdb-music-6229,Craig Pruess,CRPR,Singer,Music • Original Music Composer,TMDB 5000 music-crew sample,https://www.themoviedb.org/person/6229,0.8,56.4,55.1,71.2,79.53,-0.22,292321
sin-tmdb-music-14356,Daniele Amfitheatrof,DAAM,Singer,Music • Original Music Composer,TMDB 5000 music-crew sample,https://www.themoviedb.org/person/14356,0.8,56.4,55.1,71.13,75.37,6.16,262118
sin-tmdb-music-30268,Heinz Roemheld,HERO,Singer,Music • Original Music Composer,TMDB 5000 music-crew sample,https://www.themoviedb.org/person/30268,0.8,56.3,55.1,70.96,72.78,-5.47,311111
sin-tmdb-music-142387,John Adams,JOA7,Singer,Music • Original Music Composer,TMDB 5000 music-crew sample,https://www.themoviedb.org/person/142387,0.8,56.3,55.1,70.97,68.97,7.02,187982
sin-tmdb-music-47452,Lee Holdridge,LEHO,Singer,Music • Original Music Composer,TMDB 5000 music-crew sample,https://www.themoviedb.org/person/47452,0.8,56.3,55.1,71.0,65.58,7.74,198965
sin-tmdb-music-60029,Swizz Beatz,SWBE,Singer,Music • Original Music Composer,TMDB 5000 music-crew sample,https://www.themoviedb.org/person/60029,0.8,56.4,55.1,71.15,82.92,5.91,240152
sin-tmdb-music-60150,Waddy Wachtel,WAWA,Singer,Music • Original Music Composer,TMDB 5000 music-crew sample,https://www.themoviedb.org/person/60150,0.8,56.3,55.1,70.97,76.69,-7.07,324087
sin-tmdb-music-1546457,Andrew Silver,ANS5,Singer,Music • Music Editor,TMDB 5000 music-crew sample,https://www.themoviedb.org/person/1546457,0.8,56.2,55.0,70.78,77.01,6.61,173223
sin-tmdb-music-2722,Brad Fiedel,BRFI,Singer,Music • Original Music Composer,TMDB 5000 music-crew sample,https://www.themoviedb.org/person/2722,0.8,56.3,55.0,70.84,76.23,8.3,341387
sin-tmdb-music-8172,Bruno Coon,BRC4,Singer,Music • Music Editor,TMDB 5000 music-crew sample,https://www.themoviedb.org/person/8172,0.8,56.3,55.0,70.86,77.52,0.81,275406
sin-tmdb-music-7460,Fumio Hayasaka,FUHA,Singer,Music • Original Music Composer,TMDB 5000 music-crew sample,https://www.themoviedb.org/person/7460,0.8,56.2,55.0,70.7,77.8,3.6,300559
sin-tmdb-music-20460,Molly Nyman,MONY,Singer,Music • Original Music Composer,TMDB 5000 music-crew sample,https://www.themoviedb.org/person/20460,0.8,56.3,55.0,70.87,79.52,8.75,215310
sin-tmdb-music-4403,Philippe Rombi,PHRO,Singer,Music • Original Music Composer,TMDB 5000 music-crew sample,https://www.themoviedb.org/person/4403,0.8,56.3,55.0,70.88,69.4,8.92,191920
sin-tmdb-music-1447068,Virginia S. Ellsworth,VIEL,Singer,Music • Music Editor,TMDB 5000 music-crew sample,https://www.themoviedb.org/person/1447068,0.8,56.2,55.0,70.72,66.88,-6.79,270598
sin-tmdb-music-65681,Joe Renzetti,JOR4,Singer,Music • Original Music Composer,TMDB 5000 music-crew sample,https://www.themoviedb.org/person/65681,0.8,56.2,54.9,70.65,76.81,2.8,197892
sin-tmdb-music-5260,Kenyon Hopkins,KEH3,Singer,Music • Original Music Composer,TMDB 5000 music-crew sample,https://www.themoviedb.org/person/5260,0.8,56.1,54.9,70.48,66.19,5.45,241438
sin-tmdb-music-56535,Marcus Trumpp,MATR,Singer,Music • Original Music Composer,TMDB 5000 music-crew sample,https://www.themoviedb.org/person/56535,0.8,56.1,54.9,70.6,75.62,6.39,212694
sin-tmdb-music-46324,Nathan Wang,NAW2,Singer,Music • Original Music Composer,TMDB 5000 music-crew sample,https://www.themoviedb.org/person/46324,0.8,56.1,54.9,70.49,70.29,4.07,329186
sin-tmdb-music-57902,Nicholas Pike,NIPI,Singer,Music • Original Music Composer,TMDB 5000 music-crew sample,https://www.themoviedb.org/person/57902,0.8,56.2,54.9,70.67,70.0,8.5,241438
sin-tmdb-music-23437,Yuriy Poteenko,YUP2,Singer,Music • Original Music Composer,TMDB 5000 music-crew sample,https://www.themoviedb.org/person/23437,0.8,56.1,54.9,70.53,69.44,-3.76,282081
sin-tmdb-music-59811,Bear McCreary,BEMC,Singer,Music • Music,TMDB 5000 music-crew sample,https://www.themoviedb.org/person/59811,0.8,56.0,54.8,70.25,69.15,5.31,139883
sin-tmdb-music-5466,Frank Churchill,FRC3,Singer,Music • Original Music Composer,TMDB 5000 music-crew sample,https://www.themoviedb.org/person/5466,0.8,56.0,54.8,70.33,81.48,8.49,299499
sin-tmdb-music-1335045,Graham Sutton,GRSU,Singer,Music • Music Editor,TMDB 5000 music-crew sample,https://www.themoviedb.org/person/1335045,0.8,56.0,54.8,70.31,72.05,7.57,239789
sin-tmdb-music-1844480,John Rowley,JOR6,Singer,Music • Original Music Composer,TMDB 5000 music-crew sample,https://www.themoviedb.org/person/1844480,0.8,56.0,54.8,70.28,69.58,0.51,259372
sin-tmdb-music-551482,Stephen Rennicks,STR3,Singer,Music • Original Music Composer,TMDB 5000 music-crew sample,https://www.themoviedb.org/person/551482,0.8,56.0,54.8,70.31,68.1,-7.43,297813
sin-tmdb-music-42304,BC Smith,BCSM,Singer,Music • Music,TMDB 5000 music-crew sample,https://www.themoviedb.org/person/42304,0.8,55.9,54.7,70.08,80.13,1.96,206487
sin-tmdb-music-13669,Charles Bernstein,CHB4,Singer,Music • Original Music Composer,TMDB 5000 music-crew sample,https://www.themoviedb.org/person/13669,0.8,55.9,54.7,70.03,76.39,-5.59,238535
sin-tmdb-music-72441,Johnny Lee Schell,JOS8,Singer,Music • Original Music Composer,TMDB 5000 music-crew sample,https://www.themoviedb.org/person/72441,0.8,55.8,54.7,69.92,72.06,7.07,215440
sin-tmdb-music-6357,Michael Small,MISM,Singer,Music • Original Music Composer,TMDB 5000 music-crew sample,https://www.themoviedb.org/person/6357,0.8,55.9,54.7,70.13,76.79,1.12,238535
sin-tmdb-music-11656,Nancy Wilson,NAWI,Singer,Music • Original Music Composer,TMDB 5000 music-crew sample,https://www.themoviedb.org/person/11656,0.8,55.9,54.7,70.06,66.24,8.62,201071
sin-tmdb-music-21810,Dominic Frontiere,DOFR,Singer,Music • Original Music Composer,TMDB 5000 music-crew sample,https://www.themoviedb.org/person/21810,0.8,55.7,54.6,69.74,64.54,-7.5,276274
sin-tmdb-music-233130,Dustin O'Halloran,DUOH,Singer,Music • Original Music Composer,TMDB 5000 music-crew sample,https://www.themoviedb.org/person/233130,0.8,55.8,54.6,69.77,80.85,6.44,235632
sin-tmdb-music-12142,Ernest Gold,ERGO,Singer,Music • Original Music Composer,TMDB 5000 music-crew sample,https://www.themoviedb.org/person/12142,0.8,55.8,54.6,69.82,72.06,-1.38,215310
sin-tmdb-music-1072607,Joseph S. DeBeasi,JOD4,Singer,Music • Music Editor,TMDB 5000 music-crew sample,https://www.themoviedb.org/person/1072607,0.8,55.8,54.6,69.84,70.42,2.67,281635
sin-tmdb-music-19167,Matthieu Chabrol,MA28,Singer,Music • Original Music Composer,TMDB 5000 music-crew sample,https://www.themoviedb.org/person/19167,0.8,55.8,54.6,69.85,70.9,-4.49,290790
sin-tmdb-music-4865,Paul Cantelon,PAC3,Singer,Music • Original Music Composer,TMDB 5000 music-crew sample,https://www.themoviedb.org/person/4865,0.8,55.8,54.6,69.82,76.83,-6.09,284984
sin-tmdb-music-5838,Richard M. Sherman,RISH,Singer,Music • Original Music Composer,TMDB 5000 music-crew sample,https://www.themoviedb.org/person/5838,0.8,55.7,54.6,69.7,77.21,-3.4,204457
sin-tmdb-music-1155140,Dan Romer,DAR3,Singer,Music • Original Music Composer,TMDB 5000 music-crew sample,https://www.themoviedb.org/person/1155140,0.8,55.6,54.5,69.47,74.55,0.43,258856
sin-tmdb-music-583023,Frank LaLoggia,FRL3,Singer,Music • Original Music Composer,TMDB 5000 music-crew sample,https://www.themoviedb.org/person/583023,0.8,55.7,54.5,69.56,75.2,7.79,166016
sin-tmdb-music-5882,Jacobo Lieberman,JALI,Singer,Music • Original Music Composer,TMDB 5000 music-crew sample,https://www.themoviedb.org/person/5882,0.8,55.6,54.5,69.44,73.93,-5.94,293693
sin-tmdb-music-7769,Jerry Fielding,JEFI,Singer,Music • Original Music Composer,TMDB 5000 music-crew sample,https://www.themoviedb.org/person/7769,0.8,55.6,54.5,69.55,79.7,4.07,229826
sin-tmdb-music-4100,Adolph Deutsch,ADDE,Singer,Music • Original Music Composer,TMDB 5000 music-crew sample,https://www.themoviedb.org/person/4100,0.8,55.4,54.4,69.12,64.67,1.96,174667
sin-tmdb-music-21587,David Lawrence,DALA,Singer,Music • Original Music Composer,TMDB 5000 music-crew sample,https://www.themoviedb.org/person/21587,0.8,55.5,54.4,69.34,69.32,1.84,215258
sin-tmdb-music-969021,Matthew Margeson,MA27,Singer,Music • Original Music Composer,TMDB 5000 music-crew sample,https://www.themoviedb.org/person/969021,0.8,55.5,54.4,69.22,66.24,6.48,192086
sin-tmdb-music-960067,Ron Mael,ROM6,Singer,Music • Music,TMDB 5000 music-crew sample,https://www.themoviedb.org/person/960067,0.8,55.5,54.4,69.16,79.96,7.24,274324
sin-tmdb-music-59446,Benoît Charest,BEC2,Singer,Music • Original Music Composer,TMDB 5000 music-crew sample,https://www.themoviedb.org/person/59446,0.8,55.4,54.3,69.1,66.69,6.29,223677
sin-tmdb-music-1298750,Phil Mossman,PHMO,Singer,Music • Original Music Composer,TMDB 5000 music-crew sample,https://www.themoviedb.org/person/1298750,0.8,55.3,54.3,68.93,74.75,3.42,165958
sin-tmdb-music-13367,John Harrison,JO37,Singer,Music • Original Music Composer,TMDB 5000 music-crew sample,https://www.themoviedb.org/person/13367,0.8,55.2,54.2,68.64,68.0,1.76,311111
sin-tmdb-music-12701,Carl Zittrer,CAZI,Singer,Music • Original Music Composer,TMDB 5000 music-crew sample,https://www.themoviedb.org/person/12701,0.8,55.2,54.1,68.53,72.61,3.28,154346
sin-tmdb-music-8422,David Shire,DAS8,Singer,Music • Original Music Composer,TMDB 5000 music-crew sample,https://www.themoviedb.org/person/8422,0.8,55.1,54.1,68.47,62.37,5.3,176668
sin-tmdb-music-68128,Frederick Loewe,FRLO,Singer,Music • Original Music Composer,TMDB 5000 music-crew sample,https://www.themoviedb.org/person/68128,0.8,55.1,54.1,68.47,65.2,5.45,215440
sin-tmdb-music-1318446,Grayson Matthews,GRMA,Singer,Music • Original Music Composer,TMDB 5000 music-crew sample,https://www.themoviedb.org/person/1318446,0.8,55.1,54.1,68.42,73.94,0.68,187982
sin-tmdb-music-41077,Joe Henry,JO38,Singer,Music • Original Music Composer,TMDB 5000 music-crew sample,https://www.themoviedb.org/person/41077,0.8,55.2,54.1,68.56,61.29,4.83,281338
sin-tmdb-music-58850,John Tavener,JOT4,Singer,Music • Original Music Composer,TMDB 5000 music-crew sample,https://www.themoviedb.org/person/58850,0.8,55.1,54.1,68.5,73.91,8.75,273101
sin-tmdb-music-13082,Paul Hepker,PAHE,Singer,Music • Original Music Composer,TMDB 5000 music-crew sample,https://www.themoviedb.org/person/13082,0.8,55.2,54.1,68.59,67.54,7.82,319820
sin-tmdb-music-2398,Dennis McCarthy,DEMC,Singer,Music • Original Music Composer,TMDB 5000 music-crew sample,https://www.themoviedb.org/person/2398,0.8,55.0,54.0,68.14,76.32,5.21,231915
sin-tmdb-music-1768130,Jason White,JAW2,Singer,Music • Original Music Composer,TMDB 5000 music-crew sample,https://www.themoviedb.org/person/1768130,0.8,55.1,54.0,68.33,70.51,-5.61,174254
sin-tmdb-music-20836,Mason Daring,MAD8,Singer,Music • Original Music Composer,TMDB 5000 music-crew sample,https://www.themoviedb.org/person/20836,0.8,55.0,54.0,68.11,71.58,-3.06,295719
sin-tmdb-music-59939,Mike Shields,MIS5,Singer,Music • Original Music Composer,TMDB 5000 music-crew sample,https://www.themoviedb.org/person/59939,0.8,54.9,54.0,68.09,67.49,0.13,171508
sin-tmdb-music-65554,Olivia Barash,OLBA,Singer,Music • Original Music Composer,TMDB 5000 music-crew sample,https://www.themoviedb.org/person/65554,0.8,55.0,54.0,68.13,71.72,0.34,245643
sin-tmdb-music-61072,Tony Maxwell,TOM3,Singer,Music • Original Music Composer,TMDB 5000 music-crew sample,https://www.themoviedb.org/person/61072,0.8,54.9,54.0,68.1,64.78,-1.1,311542
sin-tmdb-music-6898,BT,BTXX,Singer,Music • Original Music Composer,TMDB 5000 music-crew sample,https://www.themoviedb.org/person/6898,0.8,54.9,53.9,67.94,63.18,-2.9,222349
sin-tmdb-music-1530327,Brad Dechter,BRD5,Singer,Music • Orchestrator,TMDB 5000 music-crew sample,https://www.themoviedb.org/person/1530327,0.8,54.9,53.9,67.96,77.61,-2.91,154561
sin-tmdb-music-10771,Dave Grusin,DAG3,Singer,Music • Original Music Composer,TMDB 5000 music-crew sample,https://www.themoviedb.org/person/10771,0.8,54.9,53.9,67.94,71.49,5.2,177278
sin-tmdb-music-54420,David Sardy,DAS6,Singer,Music • Music,TMDB 5000 music-crew sample,https://www.themoviedb.org/person/54420,0.8,54.9,53.9,68.01,61.86,4.6,187245
sin-tmdb-music-53712,Dickon Hinchliffe,DIHI,Singer,Music • Music,TMDB 5000 music-crew sample,https://www.themoviedb.org/person/53712,0.8,54.9,53.9,68.0,62.94,-4.99,152712
sin-tmdb-music-37592,Ernest Troost,ERTR,Singer,Music • Original Music Composer,TMDB 5000 music-crew sample,https://www.themoviedb.org/person/37592,0.8,54.8,53.9,67.84,76.27,8.77,200795
sin-tmdb-music-1541694,Evyen Klean,EVKL,Singer,Music • Music Supervisor,TMDB 5000 music-crew sample,https://www.themoviedb.org/person/1541694,0.8,54.8,53.9,67.86,77.11,-2.86,184286
sin-tmdb-music-45546,Federico Jusid,FEJU,Singer,Music • Original Music Composer,TMDB 5000 music-crew sample,https://www.themoviedb.org/person/45546,0.8,54.8,53.9,67.84,75.87,-1.5,241438
sin-tmdb-music-2027,Leonard Rosenman,LERO,Singer,Music • Original Music Composer,TMDB 5000 music-crew sample,https://www.themoviedb.org/person/2027,0.8,54.9,53.9,68.07,67.75,-4.01,234352
sin-tmdb-music-69077,Nathan Johnson,NAJO,Singer,Music • Original Music Composer,TMDB 5000 music-crew sample,https://www.themoviedb.org/person/69077,0.8,54.9,53.9,67.9,66.28,4.23,241489
sin-tmdb-music-3048,Peter Best,PEB2,Singer,Music • Original Music Composer,TMDB 5000 music-crew sample,https://www.themoviedb.org/person/3048,0.8,54.9,53.9,67.98,70.79,0.93,235632
sin-tmdb-music-57778,Quincy Jones III,QUII,Singer,Music • Original Music Composer,TMDB 5000 music-crew sample,https://www.themoviedb.org/person/57778,0.8,54.9,53.9,67.94,67.56,1.59,200795
sin-tmdb-music-2285,Rachel Elkind,RAEL,Singer,Music • Original Music Composer,TMDB 5000 music-crew sample,https://www.themoviedb.org/person/2285,0.8,54.9,53.9,67.92,76.46,0.76,275847
sin-tmdb-music-53616,Rajesh Roshan,RAR3,Singer,Music • Original Music Composer,TMDB 5000 music-crew sample,https://www.themoviedb.org/person/53616,0.8,54.9,53.9,67.89,70.9,-4.81,289576
sin-tmdb-music-927850,Raphael Saadiq,RAS3,Singer,Music • Original Music Composer,TMDB 5000 music-crew sample,https://www.themoviedb.org/person/927850,0.8,54.9,53.9,67.99,73.38,-2.22,160525
sin-tmdb-music-84530,Roger Taylor,ROTA,Singer,Music • Music,TMDB 5000 music-crew sample,https://www.themoviedb.org/person/84530,0.8,54.9,53.9,68.01,77.87,-0.34,274324
sin-tmdb-music-13848,Charlie Chaplin,CHC8,Singer,Music • Original Music Composer,TMDB 5000 music-crew sample,https://www.themoviedb.org/person/13848,0.8,54.7,53.8,67.68,62.29,6.03,273101
sin-tmdb-music-20692,Jeff Beal,JEB6,Singer,Music • Original Music Composer,TMDB 5000 music-crew sample,https://www.themoviedb.org/person/20692,0.8,54.8,53.8,67.75,65.58,-3.48,244341
sin-tmdb-music-69956,John Renbourn,JOR5,Singer,Music • Original Music Composer,TMDB 5000 music-crew sample,https://www.themoviedb.org/person/69956,0.8,54.8,53.8,67.79,74.06,-4.18,223677
sin-tmdb-music-12241,Malcolm Arnold,MAA5,Singer,Music • Original Music Composer,TMDB 5000 music-crew sample,https://www.themoviedb.org/person/12241,0.8,54.7,53.8,67.63,69.19,9.13,203698
sin-tmdb-music-958084,Mark McDuff,MA30,Singer,Music • Original Music Composer,TMDB 5000 music-crew sample,https://www.themoviedb.org/person/958084,0.8,54.8,53.8,67.79,67.23,4.22,212694
sin-tmdb-music-67112,Victoria Kelly,VIKE,Singer,Music • Original Music Composer,TMDB 5000 music-crew sample,https://www.themoviedb.org/person/67112,0.8,54.8,53.8,67.71,71.26,7.42,306050
sin-tmdb-music-558016,Abel Korzeniowski,ABKO,Singer,Music • Original Music Composer,TMDB 5000 music-crew sample,https://www.themoviedb.org/person/558016,0.8,54.6,53.7,67.34,73.92,4.22,177571
sin-tmdb-music-1553486,Alison Wright,ALWR,Singer,Music • Music Supervisor,TMDB 5000 music-crew sample,https://www.themoviedb.org/person/1553486,0.8,54.6,53.7,67.44,68.3,-5.14,226259
sin-tmdb-music-69957,Clive Carroll,CLC2,Singer,Music • Original Music Composer,TMDB 5000 music-crew sample,https://www.themoviedb.org/person/69957,0.8,54.6,53.7,67.36,64.94,4.07,300559
sin-tmdb-music-5340,David Carbonara,DAC6,Singer,Music • Music Editor,TMDB 5000 music-crew sample,https://www.themoviedb.org/person/5340,0.8,54.6,53.7,67.43,70.19,6.59,242564
sin-tmdb-music-42262,Glen Ballard,GLBA,Singer,Music • Songs,TMDB 5000 music-crew sample,https://www.themoviedb.org/person/42262,0.8,54.6,53.7,67.41,77.38,4.65,137908
sin-tmdb-music-70032,Jake Parker,JAP3,Singer,Music • Original Music Composer,TMDB 5000 music-crew sample,https://www.themoviedb.org/person/70032,0.8,54.6,53.7,67.41,66.08,2.06,289576
sin-tmdb-music-150547,Jim Williams,JIW2,Singer,Music • Original Music Composer,TMDB 5000 music-crew sample,https://www.themoviedb.org/person/150547,0.8,54.7,53.7,67.55,71.48,-6.24,248389
sin-tmdb-music-58257,Nicholas Dodd,NID2,Singer,Music • Orchestrator,TMDB 5000 music-crew sample,https://www.themoviedb.org/person/58257,0.8,54.6,53.7,67.46,73.79,2.29,216589
sin-tmdb-music-27968,Alan Jay Lerner,ALLE,Singer,Music • Musical,TMDB 5000 music-crew sample,https://www.themoviedb.org/person/27968,0.8,54.5,53.6,67.09,76.47,8.97,228867
sin-tmdb-music-1028792,Ben Mink,BEMI,Singer,Music • Original Music Composer,TMDB 5000 music-crew sample,https://www.themoviedb.org/person/1028792,0.8,54.5,53.6,67.1,75.43,4.33,286830
sin-tmdb-music-44813,James B. Campbell,JA16,Singer,Music • Orchestrator,TMDB 5000 music-crew sample,https://www.themoviedb.org/person/44813,0.8,54.5,53.6,67.27,65.4,1.84,191988
sin-tmdb-music-38780,Paul Kelly,PAKE,Singer,Music • Original Music Composer,TMDB 5000 music-crew sample,https://www.themoviedb.org/person/38780,0.8,54.5,53.6,67.23,63.62,6.97,248389
sin-tmdb-music-11382,Ryuichi Sakamoto,RYSA,Singer,Music • Original Music Composer,TMDB 5000 music-crew sample,https://www.themoviedb.org/person/11382,0.8,54.5,53.6,67.23,69.77,-1.5,353138
sin-tmdb-music-34061,Wendy Melvoin,WEME,Singer,Music • Original Music Composer,TMDB 5000 music-crew sample,https://www.themoviedb.org/person/34061,0.8,54.5,53.6,67.23,66.86,4.61,221116
sin-tmdb-music-57874,Andrew Gross,ANG6,Singer,Music • Original Music Composer,TMDB 5000 music-crew sample,https://www.themoviedb.org/person/57874,0.8,54.4,53.5,66.87,67.52,7.62,226423
sin-tmdb-music-72268,Atli Örvarsson,ATOR,Singer,Music • Music,TMDB 5000 music-crew sample,https://www.themoviedb.org/person/72268,0.8,54.3,53.5,66.81,62.16,-2.15,310277
sin-tmdb-music-339,Brian Grazer,BRG3,Singer,Music • Executive Music Producer,TMDB 5000 music-crew sample,https://www.themoviedb.org/person/339,0.8,54.4,53.5,67.01,69.64,0.46,228276
sin-tmdb-music-999284,Carl Thiel,CATH,Singer,Music • Music,TMDB 5000 music-crew sample,https://www.themoviedb.org/person/999284,0.8,54.3,53.5,66.85,68.85,2.12,246472
sin-tmdb-music-231716,Claude-Michel Schönberg,CLS2,Singer,Music • Original Music Composer,TMDB 5000 music-crew sample,https://www.themoviedb.org/person/231716,0.8,54.3,53.5,66.84,67.4,8.72,308208
sin-tmdb-music-10214,George Martin,GEMA,Singer,Music • Original Music Composer,TMDB 5000 music-crew sample,https://www.themoviedb.org/person/10214,0.8,54.3,53.5,66.85,66.88,6.58,234660
sin-tmdb-music-4278,Jean-Michel Bernard,JEB7,Singer,Music • Original Music Composer,TMDB 5000 music-crew sample,https://www.themoviedb.org/person/4278,0.8,54.4,53.5,66.88,69.24,-3.45,155033
sin-tmdb-music-37038,Larry Groupé,LAG3,Singer,Music • Orchestrator,TMDB 5000 music-crew sample,https://www.themoviedb.org/person/37038,0.8,54.3,53.5,66.82,67.53,2.39,157988
sin-tmdb-music-957928,Todd Boekelheide,TOB4,Singer,Music • Original Music Composer,TMDB 5000 music-crew sample,https://www.themoviedb.org/person/957928,0.8,54.4,53.5,66.89,74.47,4.45,196220
sin-tmdb-music-971359,Alexander Rudd,ALR4,Singer,Music • Original Music Composer,TMDB 5000 music-crew sample,https://www.themoviedb.org/person/971359,0.8,54.2,53.4,66.55,67.22,-5.89,204457
sin-tmdb-music-29276,Howard Jackson,HOJA,Singer,Music • Original Music Composer,TMDB 5000 music-crew sample,https://www.themoviedb.org/person/29276,0.8,54.2,53.4,66.61,64.99,4.85,278592
sin-tmdb-music-60628,Andrea Morricone,ANM8,Singer,Music • Original Music Composer,TMDB 5000 music-crew sample,https://www.themoviedb.org/person/60628,0.8,54.1,53.3,66.41,69.71,5.58,152288
sin-tmdb-music-68047,Andrew Dickson,AND4,Singer,Music • Original Music Composer,TMDB 5000 music-crew sample,https://www.themoviedb.org/person/68047,0.8,54.1,53.3,66.28,74.38,-5.02,224019
sin-tmdb-music-20682,Armand Amar,ARAM,Singer,Music • Original Music Composer,TMDB 5000 music-crew sample,https://www.themoviedb.org/person/20682,0.8,54.1,53.3,66.45,69.47,3.97,174254
sin-tmdb-music-69600,Edgar Froese,EDFR,Singer,Music • Original Music Composer,TMDB 5000 music-crew sample,https://www.themoviedb.org/person/69600,0.8,54.1,53.3,66.45,61.12,-2.75,275847
sin-tmdb-music-52953,Michael Hoenig,MIHO,Singer,Music • Original Music Composer,TMDB 5000 music-crew sample,https://www.themoviedb.org/person/52953,0.8,54.2,53.3,66.51,70.52,-1.47,176999
sin-tmdb-music-48523,Martin Tillman,MAT4,Singer,Music • Original Music Composer,TMDB 5000 music-crew sample,https://www.themoviedb.org/person/48523,0.8,54.0,53.2,66.22,69.55,-5.17,215440
sin-tmdb-music-405,Alberto Iglesias,ALIG,Singer,Music • Original Music Composer,TMDB 5000 music-crew sample,https://www.themoviedb.org/person/405,0.8,53.9,53.1,66.01,66.99,7.54,161739
sin-tmdb-music-5602,David Lynch,DALY,Singer,Music • Original Music Composer,TMDB 5000 music-crew sample,https://www.themoviedb.org/person/5602,0.8,53.9,53.1,66.01,63.18,0.44,198965
sin-tmdb-music-7066,Jack Nitzsche,JAN3,Singer,Music • Original Music Composer,TMDB 5000 music-crew sample,https://www.themoviedb.org/person/7066,0.8,53.9,53.1,66.01,61.68,3.25,170567
sin-tmdb-music-64886,Lee Dong-jun,LEDO,Singer,Music • Original Music Composer,TMDB 5000 music-crew sample,https://www.themoviedb.org/person/64886,0.8,53.9,53.1,65.95,61.87,-7.42,278592
sin-tmdb-music-968471,Leopold Ross,LER2,Singer,Music • Original Music Composer,TMDB 5000 music-crew sample,https://www.themoviedb.org/person/968471,0.8,53.9,53.1,66.0,61.97,2.22,184069
sin-tmdb-music-5907,Mark Korven,MAK4,Singer,Music • Original Music Composer,TMDB 5000 music-crew sample,https://www.themoviedb.org/person/5907,0.8,53.9,53.1,65.91,69.36,-6.04,258856
sin-tmdb-music-10051,Tobe Hooper,TOH3,Singer,Music • Music,TMDB 5000 music-crew sample,https://www.themoviedb.org/person/10051,0.8,53.9,53.1,65.96,77.07,5.63,179313
sin-tmdb-music-66259,Britta Phillips,BRPH,Singer,Music • Original Music Composer,TMDB 5000 music-crew sample,https://www.themoviedb.org/person/66259,0.8,53.7,53.0,65.56,75.62,7.36,190728
sin-tmdb-music-20305,Christopher Roberts,CHR5,Singer,Music • Original Music Composer,TMDB 5000 music-crew sample,https://www.themoviedb.org/person/20305,0.8,53.8,53.0,65.66,69.25,7.32,193474
sin-tmdb-music-23806,Jessica de Rooij,JER3,Singer,Music • Original Music Composer,TMDB 5000 music-crew sample,https://www.themoviedb.org/person/23806,0.8,53.8,53.0,65.73,74.11,6.46,189183
sin-tmdb-music-5017,Jocelyn Pook,JOP7,Singer,Music • Original Music Composer,TMDB 5000 music-crew sample,https://www.themoviedb.org/person/5017,0.8,53.7,53.0,65.61,67.62,5.38,183377
sin-tmdb-music-1554975,Joel Sill,JOS7,Singer,Music • Executive Music Producer,TMDB 5000 music-crew sample,https://www.themoviedb.org/person/1554975,0.8,53.8,53.0,65.66,67.98,4.18,239789
sin-tmdb-music-8933,John Du Prez,JOP6,Singer,Music • Original Music Composer,TMDB 5000 music-crew sample,https://www.themoviedb.org/person/8933,0.8,53.8,53.0,65.69,64.88,5.18,231575
sin-tmdb-music-95842,Joshua Winget,JOW4,Singer,Music • Music Editor,TMDB 5000 music-crew sample,https://www.themoviedb.org/person/95842,0.8,53.7,53.0,65.57,65.91,-4.51,349348
sin-tmdb-music-12700,Paul Zaza,PAZA,Singer,Music • Original Music Composer,TMDB 5000 music-crew sample,https://www.themoviedb.org/person/12700,0.8,53.7,53.0,65.64,73.1,2.64,174667
sin-tmdb-music-54605,Terry Lewis,TEL3,Singer,Music • Original Music Composer,TMDB 5000 music-crew sample,https://www.themoviedb.org/person/54605,0.8,53.7,53.0,65.53,67.23,0.31,152288
sin-tmdb-music-28155,Anthony Marinelli,ANM6,Singer,Music • Original Music Composer,TMDB 5000 music-crew sample,https://www.themoviedb.org/person/28155,0.8,53.6,52.9,65.42,71.63,3.47,204121
sin-tmdb-music-68531,David McHugh,DAM8,Singer,Music • Original Music Composer,TMDB 5000 music-crew sample,https://www.themoviedb.org/person/68531,0.8,53.6,52.9,65.33,65.26,2.29,190728
sin-tmdb-music-65513,Gil Mellé,GIME,Singer,Music • Original Music Composer,TMDB 5000 music-crew sample,https://www.themoviedb.org/person/65513,0.8,53.6,52.9,65.27,70.85,6.87,231915
sin-tmdb-music-14930,John Addison,JOA5,Singer,Music • Original Music Composer,TMDB 5000 music-crew sample,https://www.themoviedb.org/person/14930,0.8,53.6,52.9,65.39,67.23,-3.33,326135
sin-tmdb-music-190115,Michael Bishop,MIB6,Singer,Music • Original Music Composer,TMDB 5000 music-crew sample,https://www.themoviedb.org/person/190115,0.8,53.6,52.9,65.4,73.91,8.47,231915
sin-tmdb-music-59885,David Wittman,DAWI,Singer,Music • Original Music Composer,TMDB 5000 music-crew sample,https://www.themoviedb.org/person/59885,0.8,53.4,52.8,65.03,72.22,0.66,256626
sin-tmdb-music-61385,John Mark Painter,JOP8,Singer,Music • Original Music Composer,TMDB 5000 music-crew sample,https://www.themoviedb.org/person/61385,0.8,53.5,52.8,65.1,62.32,7.54,229169
sin-tmdb-music-928323,Russ Howard III,RUII,Singer,Music • Original Music Composer,TMDB 5000 music-crew sample,https://www.themoviedb.org/person/928323,0.8,53.5,52.8,65.04,60.99,-4.48,168762
sin-tmdb-music-1761,Alexander Courage,ALC4,Singer,Music • Orchestrator,TMDB 5000 music-crew sample,https://www.themoviedb.org/person/1761,0.8,53.4,52.7,64.84,66.05,-0.01,250511
sin-tmdb-music-43332,Carles Cases,CAC3,Singer,Music • Original Music Composer,TMDB 5000 music-crew sample,https://www.themoviedb.org/person/43332,0.8,53.3,52.7,64.76,60.22,7.19,297813
sin-tmdb-music-1113050,Christopher Drake,CHDR,Singer,Music • Original Music Composer,TMDB 5000 music-crew sample,https://www.themoviedb.org/person/1113050,0.8,53.4,52.7,64.94,70.63,-1.8,295632
sin-tmdb-music-14322,David Sanborn,DAS9,Singer,Music • Original Music Composer,TMDB 5000 music-crew sample,https://www.themoviedb.org/person/14322,0.8,53.4,52.7,65.0,63.28,3.07,157249
sin-tmdb-music-1591490,Dražen Bošnjak,DRBO,Singer,Music • Original Music Composer,TMDB 5000 music-crew sample,https://www.themoviedb.org/person/1591490,0.8,53.4,52.7,64.92,73.47,4.63,157779
sin-tmdb-music-54604,James Harris III,JAII,Singer,Music • Original Music Composer,TMDB 5000 music-crew sample,https://www.themoviedb.org/person/54604,0.8,53.4,52.7,64.99,70.48,4.33,295067
sin-tmdb-music-17439,Mike Mills,MIMI,Singer,Music • Original Music Composer,TMDB 5000 music-crew sample,https://www.themoviedb.org/person/17439,0.8,53.4,52.7,64.97,71.1,8.67,176999
sin-tmdb-music-7647,Miklós Rózsa,MIR6,Singer,Music • Original Music Composer,TMDB 5000 music-crew sample,https://www.themoviedb.org/person/7647,0.8,53.4,52.7,64.86,58.01,-6.59,243776
sin-tmdb-music-64862,Philip Sainton,PHS2,Singer,Music • Original Music Composer,TMDB 5000 music-crew sample,https://www.themoviedb.org/person/64862,0.8,53.4,52.7,65.0,65.3,8.0,289576
sin-tmdb-music-8301,Akira Yamaoka,AKYA,Singer,Music • Music,TMDB 5000 music-crew sample,https://www.themoviedb.org/person/8301,0.8,53.2,52.6,64.54,62.75,5.33,288855
sin-tmdb-music-36805,Audrey Wells,AUWE,Singer,Music • Original Music Composer,TMDB 5000 music-crew sample,https://www.themoviedb.org/person/36805,0.8,53.2,52.6,64.62,66.64,4.96,284084
sin-tmdb-music-69085,Dalparan,DALP,Singer,Music • Original Music Composer,TMDB 5000 music-crew sample,https://www.themoviedb.org/person/69085,0.8,53.3,52.6,64.69,62.53,4.13,286830
sin-tmdb-music-583871,Dan Deacon,DAD4,Singer,Music • Original Music Composer,TMDB 5000 music-crew sample,https://www.themoviedb.org/person/583871,0.8,53.3,52.6,64.75,70.4,-7.48,166016
sin-tmdb-music-9423,Elmo Weber,ELWE,Singer,Music • Original Music Composer,TMDB 5000 music-crew sample,https://www.themoviedb.org/person/9423,0.8,53.3,52.6,64.7,62.09,-5.59,303304
sin-tmdb-music-40438,Gary Chang,GAC2,Singer,Music • Original Music Composer,TMDB 5000 music-crew sample,https://www.themoviedb.org/person/40438,0.8,53.2,52.6,64.6,67.7,6.11,179745
sin-tmdb-music-43528,Hilmar Örn Hilmarsson,HIHI,Singer,Music • Original Music Composer,TMDB 5000 music-crew sample,https://www.themoviedb.org/person/43528,0.8,53.3,52.6,64.68,68.67,2.37,201711
sin-tmdb-music-965436,Kyle Newmaster,KYNE,Singer,Music • Original Music Composer,TMDB 5000 music-crew sample,https://www.themoviedb.org/person/965436,0.8,53.2,52.6,64.61,73.64,-4.63,251135
sin-tmdb-music-95665,Lennie Hayton,LEH4,Singer,Music • Original Music Composer,TMDB 5000 music-crew sample,https://www.themoviedb.org/person/95665,0.8,53.2,52.6,64.62,73.23,-3.91,185237
sin-tmdb-music-1341726,Mica Levi,MIL5,Singer,Music • Original Music Composer,TMDB 5000 music-crew sample,https://www.themoviedb.org/person/1341726,0.8,53.3,52.6,64.75,62.89,-7.23,297813
sin-tmdb-music-4055,Michael Convertino,MIC5,Singer,Music • Original Music Composer,TMDB 5000 music-crew sample,https://www.themoviedb.org/person/4055,0.8,53.2,52.6,64.61,67.22,-4.56,215310
sin-tmdb-music-20225,Michael Suby,MISU,Singer,Music • Original Music Composer,TMDB 5000 music-crew sample,https://www.themoviedb.org/person/20225,0.8,53.3,52.6,64.71,68.01,0.33,201711
sin-tmdb-music-21467,Richard Marvin,RIMA,Singer,Music • Original Music Composer,TMDB 5000 music-crew sample,https://www.themoviedb.org/person/21467,0.8,53.2,52.6,64.54,61.99,0.01,226922
sin-tmdb-music-59665,Angelo Milli,ANM7,Singer,Music • Original Music Composer,TMDB 5000 music-crew sample,https://www.themoviedb.org/person/59665,0.8,53.1,52.5,64.39,69.9,4.38,300559
sin-tmdb-music-40613,Henning Lohner,HEL2,Singer,Music • Music,TMDB 5000 music-crew sample,https://www.themoviedb.org/person/40613,0.8,53.1,52.5,64.38,64.08,6.08,298068
sin-tmdb-music-8760,Kevin Crehan,KECR,Singer,Music • Music Editor,TMDB 5000 music-crew sample,https://www.themoviedb.org/person/8760,0.8,53.1,52.5,64.36,59.87,-4.26,255264
sin-tmdb-music-66841,Mathieu Chedid,MA29,Singer,Music • Original Music Composer,TMDB 5000 music-crew sample,https://www.themoviedb.org/person/66841,0.8,53.1,52.5,64.42,67.41,2.7,212694
sin-tmdb-music-226463,Nathan Furst,NAFU,Singer,Music • Original Music Composer,TMDB 5000 music-crew sample,https://www.themoviedb.org/person/226463,0.8,53.1,52.5,64.35,61.66,1.09,206601
sin-tmdb-music-27758,Tony Cora,TOC2,Singer,Music • Original Music Composer,TMDB 5000 music-crew sample,https://www.themoviedb.org/person/27758,0.8,53.1,52.5,64.39,70.27,6.13,180474
sin-tmdb-music-64809,Billy Corgan,BIC4,Singer,Music • Original Music Composer,TMDB 5000 music-crew sample,https://www.themoviedb.org/person/64809,0.8,53.0,52.4,64.05,60.62,8.5,221116
sin-tmdb-music-5393,Chad Fischer,CHFI,Singer,Music • Original Music Composer,TMDB 5000 music-crew sample,https://www.themoviedb.org/person/5393,0.8,53.1,52.4,64.25,59.23,2.07,299499
sin-tmdb-music-16748,George Duning,GEDU,Singer,Music • Original Music Composer,TMDB 5000 music-crew sample,https://www.themoviedb.org/person/16748,0.8,53.0,52.4,64.14,65.81,9.18,215440
sin-tmdb-music-1938,Henry Mancini,HEM3,Singer,Music • Original Music Composer,TMDB 5000 music-crew sample,https://www.themoviedb.org/person/1938,0.8,53.0,52.4,64.11,65.98,-5.95,213272
sin-tmdb-music-1092864,Herman Hand,HEH3,Singer,Music • Original Music Composer,TMDB 5000 music-crew sample,https://www.themoviedb.org/person/1092864,0.8,53.0,52.4,64.1,63.51,-2.6,209948
sin-tmdb-music-6542,Isaac Hayes,ISHA,Singer,Music • Original Music Composer,TMDB 5000 music-crew sample,https://www.themoviedb.org/person/6542,0.8,53.0,52.4,64.21,75.34,2.92,176999
sin-tmdb-music-46429,Jeff Gibbs,JEGI,Singer,Music • Original Music Composer,TMDB 5000 music-crew sample,https://www.themoviedb.org/person/46429,0.8,53.0,52.4,64.21,61.73,-7.3,218186
sin-tmdb-music-1546456,Jennifer Hawks,JEHA,Singer,Music • Music Supervisor,TMDB 5000 music-crew sample,https://www.themoviedb.org/person/1546456,0.8,53.0,52.4,64.21,60.56,6.29,292518
sin-tmdb-music-5062,Robert Hathaway,ROHA,Singer,Music • Music Editor,TMDB 5000 music-crew sample,https://www.themoviedb.org/person/5062,0.8,52.9,52.4,64.02,68.61,-5.8,182227
sin-tmdb-music-53639,Scott Bomar,SCBO,Singer,Music • Original Music Composer,TMDB 5000 music-crew sample,https://www.themoviedb.org/person/53639,0.8,53.0,52.4,64.13,69.64,-0.79,148540
sin-tmdb-music-3375,Walter Scharf,WASC,Singer,Music • Original Music Composer,TMDB 5000 music-crew sample,https://www.themoviedb.org/person/3375,0.8,53.0,52.4,64.2,74.0,8.24,180474
sin-tmdb-music-1389598,Craig Pettigrew,CRPE,Singer,Music • Supervising Music Editor,TMDB 5000 music-crew sample,https://www.themoviedb.org/person/1389598,0.8,52.9,52.3,63.98,66.25,-3.35,176704
sin-tmdb-music-73959,Gordon Lightfoot,GOL2,Singer,Music • Original Music Composer,TMDB 5000 music-crew sample,https://www.themoviedb.org/person/73959,0.8,52.8,52.3,63.79,62.2,-2.51,262118
sin-tmdb-music-80852,Joel C. High,JO39,Singer,Music • Music Supervisor,TMDB 5000 music-crew sample,https://www.themoviedb.org/person/80852,0.8,52.9,52.3,63.88,63.66,7.02,228867
sin-tmdb-music-84664,Rick Smith,RISM,Singer,Music • Original Music Composer,TMDB 5000 music-crew sample,https://www.themoviedb.org/person/84664,0.8,52.9,52.3,63.89,61.31,-3.03,174254
sin-tmdb-music-7752,Ron Goodwin,ROG2,Singer,Music • Original Music Composer,TMDB 5000 music-crew sample,https://www.themoviedb.org/person/7752,0.8,52.9,52.3,63.83,67.47,6.09,275847
sin-tmdb-music-12845,Arthur B. Rubinstein,ARR2,Singer,Music • Original Music Composer,TMDB 5000 music-crew sample,https://www.themoviedb.org/person/12845,0.8,52.7,52.2,63.61,66.06,2.7,160525
sin-tmdb-music-1119467,Craig Walker,CRWA,Singer,Music • Original Music Composer,TMDB 5000 music-crew sample,https://www.themoviedb.org/person/1119467,0.8,52.7,52.2,63.61,66.38,4.76,289576
sin-tmdb-music-161074,Dave Palmer,DAP3,Singer,Music • Original Music Composer,TMDB 5000 music-crew sample,https://www.themoviedb.org/person/161074,0.8,52.7,52.2,63.61,67.49,0.71,168762
sin-tmdb-music-1529430,Drew DeAscentis,DRDE,Singer,Music • Music Editor,TMDB 5000 music-crew sample,https://www.themoviedb.org/person/1529430,0.8,52.7,52.2,63.6,68.09,-3.16,159309
sin-tmdb-music-33319,Howard Blake,HOBL,Singer,Music • Original Music Composer,TMDB 5000 music-crew sample,https://www.themoviedb.org/person/33319,0.8,52.8,52.2,63.69,63.0,8.62,160525
sin-tmdb-music-71076,Stig Anderson,STAN,Singer,Music • Original Music Composer,TMDB 5000 music-crew sample,https://www.themoviedb.org/person/71076,0.8,52.8,52.2,63.73,57.25,3.35,160525
sin-tmdb-music-539946,Will Gregory,WIGR,Singer,Music • Original Music Composer,TMDB 5000 music-crew sample,https://www.themoviedb.org/person/539946,0.8,52.8,52.2,63.69,57.02,-2.45,177571
sin-tmdb-music-85582,Ehsaan Noorani,EHNO,Singer,Music • Original Music Composer,TMDB 5000 music-crew sample,https://www.themoviedb.org/person/85582,0.8,52.6,52.1,63.27,62.75,-5.22,255953
sin-tmdb-music-52515,Laura Karpman,LAK2,Singer,Music • Original Music Composer,TMDB 5000 music-crew sample,https://www.themoviedb.org/person/52515,0.8,52.6,52.1,63.37,63.16,-7.38,286830
sin-tmdb-music-41301,Mark Orton,MAOR,Singer,Music • Original Music Composer,TMDB 5000 music-crew sample,https://www.themoviedb.org/person/41301,0.8,52.6,52.1,63.32,59.47,5.86,200795
sin-tmdb-music-1087360,Nic Harcourt,NIHA,Singer,Music • Music Supervisor,TMDB 5000 music-crew sample,https://www.themoviedb.org/person/1087360,0.8,52.6,52.1,63.35,69.19,-5.41,201616
sin-tmdb-music-4613,Nile Rodgers,NIR2,Singer,Music • Original Music Composer,TMDB 5000 music-crew sample,https://www.themoviedb.org/person/4613,0.8,52.6,52.1,63.26,57.61,-7.2,245643
sin-tmdb-music-998190,Ralph Rainger,RARA,Singer,Music • Original Music Composer,TMDB 5000 music-crew sample,https://www.themoviedb.org/person/998190,0.8,52.6,52.1,63.3,66.34,6.46,144050
sin-tmdb-music-72861,Robbie Robertson,RORO,Singer,Music • Executive Music Producer,TMDB 5000 music-crew sample,https://www.themoviedb.org/person/72861,0.8,52.6,52.1,63.37,69.12,-2.28,178735
sin-tmdb-music-53763,Tito Larriva,TILA,Singer,Music • Original Music Composer,TMDB 5000 music-crew sample,https://www.themoviedb.org/person/53763,0.8,52.6,52.1,63.39,66.22,-3.59,201711
sin-tmdb-music-56352,Bennett Salvay,BES3,Singer,Music • Original Music Composer,TMDB 5000 music-crew sample,https://www.themoviedb.org/person/56352,0.8,52.5,52.0,63.13,65.77,-3.25,163055
sin-tmdb-music-55440,Joseph Vitarelli,JOV2,Singer,Music • Original Music Composer,TMDB 5000 music-crew sample,https://www.themoviedb.org/person/55440,0.8,52.5,52.0,63.09,72.48,1.47,171508
sin-tmdb-music-1394307,Julie Pearce,JUPE,Singer,Music • Music Editor,TMDB 5000 music-crew sample,https://www.themoviedb.org/person/1394307,0.8,52.5,52.0,63.21,56.89,-3.2,187245
sin-tmdb-music-33290,Justin Caine Burnett,JUBU,Singer,Music • Additional Music,TMDB 5000 music-crew sample,https://www.themoviedb.org/person/33290,0.8,52.5,52.0,63.07,59.81,-4.03,178735
sin-tmdb-music-77071,Mark Ronson,MA32,Singer,Music • Music,TMDB 5000 music-crew sample,https://www.themoviedb.org/person/77071,0.8,52.5,52.0,63.23,68.89,-7.32,184651
sin-tmdb-music-59424,Alan Elliott,ALEL,Singer,Music • Original Music Composer,TMDB 5000 music-crew sample,https://www.themoviedb.org/person/59424,0.8,52.4,51.9,62.98,67.96,-5.39,194989
sin-tmdb-music-948789,Anita Camarata,ANC5,Singer,Music • Music Supervisor,TMDB 5000 music-crew sample,https://www.themoviedb.org/person/948789,0.8,52.4,51.9,62.88,62.9,-4.69,311944
sin-tmdb-music-1600618,Gregory Butler,GRBU,Singer,Music • Additional Music,TMDB 5000 music-crew sample,https://www.themoviedb.org/person/1600618,0.8,52.4,51.9,62.95,68.43,5.21,231476
sin-tmdb-music-2425,Hervé Schneid,HESC,Singer,Music • Music Editor,TMDB 5000 music-crew sample,https://www.themoviedb.org/person/2425,0.8,52.4,51.9,62.87,65.04,-3.99,131332
sin-tmdb-music-1066327,Kathryn Bostic,KAB7,Singer,Music • Original Music Composer,TMDB 5000 music-crew sample,https://www.themoviedb.org/person/1066327,0.8,52.4,51.9,62.88,68.61,7.39,259372
sin-tmdb-music-123288,Kjartan Sveinsson,KJSV,Singer,Music • Original Music Composer,TMDB 5000 music-crew sample,https://www.themoviedb.org/person/123288,0.8,52.4,51.9,62.93,64.01,-1.1,168762
sin-tmdb-music-52025,Laurence Rosenthal,LARO,Singer,Music • Original Music Composer,TMDB 5000 music-crew sample,https://www.themoviedb.org/person/52025,0.8,52.4,51.9,62.92,69.85,-5.62,182491
sin-tmdb-music-6111,Mike Figgis,MIFI,Singer,Music • Original Music Composer,TMDB 5000 music-crew sample,https://www.themoviedb.org/person/6111,0.8,52.3,51.9,62.81,55.84,-3.83,273101
sin-tmdb-music-1377419,Steven A. Saltzman,STSA,Singer,Music • Music Editor,TMDB 5000 music-crew sample,https://www.themoviedb.org/person/1377419,0.8,52.4,51.9,63.01,65.03,-1.07,202786
sin-tmdb-music-399477,Yo La Tengo,YOTE,Singer,Music • Music,TMDB 5000 music-crew sample,https://www.themoviedb.org/person/399477,0.8,52.4,51.9,62.92,64.87,9.1,162084
sin-tmdb-music-1341141,Earl Ghaffari,EAGH,Singer,Music • Music Editor,TMDB 5000 music-crew sample,https://www.themoviedb.org/person/1341141,0.8,52.3,51.8,62.72,65.48,9.05,214243
sin-tmdb-music-965130,Donald Harrison Jr.,DOJR,Singer,Music • Original Music Composer,TMDB 5000 music-crew sample,https://www.themoviedb.org/person/965130,0.8,52.1,51.7,62.27,61.3,-3.08,248389
sin-tmdb-music-31021,Edward Plumb,EDPL,Singer,Music • Original Music Composer,TMDB 5000 music-crew sample,https://www.themoviedb.org/person/31021,0.8,52.1,51.7,62.36,56.23,4.15,261759
sin-tmdb-music-63729,Jennie Muskett,JEM3,Singer,Music • Original Music Composer,TMDB 5000 music-crew sample,https://www.themoviedb.org/person/63729,0.8,52.1,51.7,62.31,61.74,-0.74,193474
sin-tmdb-music-1537405,Naoki Satô,NASA,Singer,Music • Original Music Composer,TMDB 5000 music-crew sample,https://www.themoviedb.org/person/1537405,0.8,52.1,51.7,62.36,64.72,-6.04,289576
sin-tmdb-music-984513,Saunder Jurriaans,SAJU,Singer,Music • Original Music Composer,TMDB 5000 music-crew sample,https://www.themoviedb.org/person/984513,0.8,52.1,51.7,62.34,68.0,-1.9,146796
sin-tmdb-music-21514,Chris Boardman,CHB5,Singer,Music • Orchestrator,TMDB 5000 music-crew sample,https://www.themoviedb.org/person/21514,0.8,51.9,51.6,62.04,61.03,3.62,141715
sin-tmdb-music-57124,David A. Stewart,DAS7,Singer,Music • Original Music Composer,TMDB 5000 music-crew sample,https://www.themoviedb.org/person/57124,0.8,52.0,51.6,62.21,67.12,-2.66,179719
sin-tmdb-music-1122225,David Slusser,DASL,Singer,Music • Temp Music Editor,TMDB 5000 music-crew sample,https://www.themoviedb.org/person/1122225,0.8,52.0,51.6,62.13,60.0,0.74,259216
sin-tmdb-music-32601,James Harry,JAH9,Singer,Music • Original Music Composer,TMDB 5000 music-crew sample,https://www.themoviedb.org/person/32601,0.8,52.0,51.6,62.11,60.95,4.05,267609
sin-tmdb-music-6957,Michael Stipe,MIS4,Singer,Music • Original Music Composer,TMDB 5000 music-crew sample,https://www.themoviedb.org/person/6957,0.8,52.0,51.6,62.08,62.31,4.45,231915
sin-tmdb-music-1808200,Paul Dukas,PADU,Singer,Music • Music,TMDB 5000 music-crew sample,https://www.themoviedb.org/person/1808200,0.8,52.0,51.6,62.2,64.27,-3.06,262773
sin-tmdb-music-70897,Andy Garfield,ANG7,Singer,Music • Original Music Composer,TMDB 5000 music-crew sample,https://www.themoviedb.org/person/70897,0.8,51.9,51.5,61.88,62.05,-6.42,179745
sin-tmdb-music-296,Robin Clarke,ROCL,Singer,Music • Music Editor,TMDB 5000 music-crew sample,https://www.themoviedb.org/person/296,0.8,51.8,51.5,61.78,57.12,-7.33,241908
sin-tmdb-music-939557,Cody Westheimer,COWE,Singer,Music • Original Music Composer,TMDB 5000 music-crew sample,https://www.themoviedb.org/person/939557,0.8,51.8,51.4,61.76,68.25,-3.74,240152
sin-tmdb-music-1533497,Erica Weis,ERWE,Singer,Music • Music Editor,TMDB 5000 music-crew sample,https://www.themoviedb.org/person/1533497,0.8,51.7,51.4,61.56,66.24,9.13,201616
sin-tmdb-music-6394,John Lurie,JOL6,Singer,Music • Original Music Composer,TMDB 5000 music-crew sample,https://www.themoviedb.org/person/6394,0.8,51.8,51.4,61.65,62.14,-4.21,198965
sin-tmdb-music-1691298,Kevin Lane,KEL2,Singer,Music • Music Editor,TMDB 5000 music-crew sample,https://www.themoviedb.org/person/1691298,0.8,51.7,51.4,61.59,59.54,3.8,288855
sin-tmdb-music-52379,Tim Jones,TIJO,Singer,Music • Original Music Composer,TMDB 5000 music-crew sample,https://www.themoviedb.org/person/52379,0.8,51.8,51.4,61.66,56.65,5.08,186280
sin-tmdb-music-2284,Wendy Carlos,WECA,Singer,Music • Original Music Composer,TMDB 5000 music-crew sample,https://www.themoviedb.org/person/2284,0.8,51.8,51.4,61.73,61.2,8.85,231915
sin-tmdb-music-20075,Philippe Sarde,PHSA,Singer,Music • Original Music Composer,TMDB 5000 music-crew sample,https://www.themoviedb.org/person/20075,0.8,51.7,51.3,61.53,63.51,6.66,157249
sin-tmdb-music-1849298,Allen J. Grubman,ALG2,Singer,Music • Music Supervisor,TMDB 5000 music-crew sample,https://www.themoviedb.org/person/1849298,0.8,51.3,51.1,60.84,66.02,-0.37,211311
sin-tmdb-music-17667,David Buttolph,DAB7,Singer,Music • Original Music Composer,TMDB 5000 music-crew sample,https://www.themoviedb.org/person/17667,0.8,51.4,51.1,60.97,59.59,-1.52,144050
sin-tmdb-music-21903,Kwong Wing Chan,KWCH,Singer,Music • Original Music Composer,TMDB 5000 music-crew sample,https://www.themoviedb.org/person/21903,0.8,51.4,51.1,60.9,67.01,-2.6,196220
sin-tmdb-music-3616,Leslie Bricusse,LEBR,Singer,Music • Original Music Composer,TMDB 5000 music-crew sample,https://www.themoviedb.org/person/3616,0.8,51.4,51.1,61.03,60.07,-5.64,231915
sin-tmdb-music-1641217,Mark Willsher,MAW6,Singer,Music • Supervising Music Editor,TMDB 5000 music-crew sample,https://www.themoviedb.org/person/1641217,0.8,51.4,51.1,60.95,57.61,-2.61,142799
sin-tmdb-music-11327,Peter Dasent,PEDA,Singer,Music • Original Music Composer,TMDB 5000 music-crew sample,https://www.themoviedb.org/person/11327,0.8,51.4,51.1,60.97,66.92,-7.5,251135
sin-tmdb-music-959,David A. Hughes,DAH5,Singer,Music • Original Music Composer,TMDB 5000 music-crew sample,https://www.themoviedb.org/person/959,0.8,51.2,51.0,60.64,61.55,2.64,163055
sin-tmdb-music-64765,Don MacDonald,DOMA,Singer,Music • Original Music Composer,TMDB 5000 music-crew sample,https://www.themoviedb.org/person/64765,0.8,51.2,51.0,60.6,68.49,7.99,251135
sin-tmdb-music-1283653,Jamie Christopherson,JAC9,Singer,Music • Original Music Composer,TMDB 5000 music-crew sample,https://www.themoviedb.org/person/1283653,0.8,51.3,51.0,60.73,61.49,-0.06,240152
sin-tmdb-music-65644,Kevin Kliesch,KEK2,Singer,Music • Orchestrator,TMDB 5000 music-crew sample,https://www.themoviedb.org/person/65644,0.8,51.3,51.0,60.8,59.2,6.06,216866
sin-tmdb-music-63979,Peter Nashel,PENA,Singer,Music • Original Music Composer,TMDB 5000 music-crew sample,https://www.themoviedb.org/person/63979,0.8,51.3,51.0,60.69,60.65,1.82,160152
sin-tmdb-music-21611,Peter Rodgers Melnick,PEM2,Singer,Music • Original Music Composer,TMDB 5000 music-crew sample,https://www.themoviedb.org/person/21611,0.8,51.2,51.0,60.64,57.5,-0.07,168762
sin-tmdb-music-17169,Robert Kraft,ROKR,Singer,Music • Original Music Composer,TMDB 5000 music-crew sample,https://www.themoviedb.org/person/17169,0.8,51.3,51.0,60.69,60.53,1.62,220931
sin-tmdb-music-72854,Adrian Johnston,ADJO,Singer,Music • Original Music Composer,TMDB 5000 music-crew sample,https://www.themoviedb.org/person/72854,0.8,51.1,50.9,60.32,67.75,2.74,207203
sin-tmdb-music-989610,Andrew Grush,ANG5,Singer,Music • Original Music Composer,TMDB 5000 music-crew sample,https://www.themoviedb.org/person/989610,0.8,51.2,50.9,60.53,66.07,3.22,145637
sin-tmdb-music-1042452,Ben Lovett,BELO,Singer,Music • Original Music Composer,TMDB 5000 music-crew sample,https://www.themoviedb.org/person/1042452,0.8,51.1,50.9,60.34,64.37,4.76,179745
sin-tmdb-music-72538,Daniel Lanois,DAL2,Singer,Music • Original Music Composer,TMDB 5000 music-crew sample,https://www.themoviedb.org/person/72538,0.8,51.1,50.9,60.39,58.17,-6.49,174254
sin-tmdb-music-59366,Fabio Frizzi,FAFR,Singer,Music • Original Music Composer,TMDB 5000 music-crew sample,https://www.themoviedb.org/person/59366,0.8,51.1,50.9,60.46,54.8,7.09,185237
sin-tmdb-music-126152,Jason Brandt,JA15,Singer,Music • Original Music Composer,TMDB 5000 music-crew sample,https://www.themoviedb.org/person/126152,0.8,51.1,50.9,60.45,55.99,-6.82,144050
sin-tmdb-music-106078,Robert Miller,ROM5,Singer,Music • Original Music Composer,TMDB 5000 music-crew sample,https://www.themoviedb.org/person/106078,0.8,51.1,50.9,60.48,58.04,-7.15,152288
sin-tmdb-music-55651,Salvatore Basile,SAB3,Singer,Music • Music,TMDB 5000 music-crew sample,https://www.themoviedb.org/person/55651,0.8,51.2,50.9,60.51,66.0,-6.59,252512
sin-tmdb-music-1722536,Jay Wadley,JAW3,Singer,Music • Original Music Composer,TMDB 5000 music-crew sample,https://www.themoviedb.org/person/1722536,0.8,51.0,50.8,60.16,63.0,-1.92,240152
sin-tmdb-music-1729448,Jerry Duplessis,JEDU,Singer,Music • Additional Music,TMDB 5000 music-crew sample,https://www.themoviedb.org/person/1729448,0.8,51.0,50.8,60.28,61.85,0.64,225852
sin-tmdb-music-7477,John King,JOK5,Singer,Music • Original Music Composer,TMDB 5000 music-crew sample,https://www.themoviedb.org/person/7477,0.8,51.1,50.8,60.31,57.5,0.34,229169
sin-tmdb-music-3278,Mark Adler,MAA6,Singer,Music • Music Editor,TMDB 5000 music-crew sample,https://www.themoviedb.org/person/3278,0.8,51.0,50.8,60.18,59.24,8.84,141026
sin-tmdb-music-230725,Rebekah Del Rio,RER2,Singer,Music • Additional Music,TMDB 5000 music-crew sample,https://www.themoviedb.org/person/230725,0.8,51.0,50.8,60.12,57.42,-3.4,204040
sin-tmdb-music-52154,Stephen Sondheim,STSO,Singer,Music • Songs,TMDB 5000 music-crew sample,https://www.themoviedb.org/person/52154,0.8,51.0,50.8,60.24,63.32,0.51,186516
sin-tmdb-music-56748,David C. Williams,DAW3,Singer,Music • Music,TMDB 5000 music-crew sample,https://www.themoviedb.org/person/56748,0.8,50.9,50.7,59.98,65.43,7.97,140190
sin-tmdb-music-61074,Joey Waronker,JOW5,Singer,Music • Original Music Composer,TMDB 5000 music-crew sample,https://www.themoviedb.org/person/61074,0.8,50.9,50.7,59.94,65.45,7.39,278592
sin-tmdb-music-57304,Kenji Kawai,KEK3,Singer,Music • Music,TMDB 5000 music-crew sample,https://www.themoviedb.org/person/57304,0.8,50.9,50.7,60.01,63.31,-5.59,172533
sin-tmdb-music-10612,Peter Davies,PED2,Singer,Music • Musician,TMDB 5000 music-crew sample,https://www.themoviedb.org/person/10612,0.8,50.9,50.7,60.06,56.06,-7.17,187075
sin-tmdb-music-66877,Rena Riffel,RERI,Singer,Music • Original Music Composer,TMDB 5000 music-crew sample,https://www.themoviedb.org/person/66877,0.8,50.8,50.7,59.86,57.3,-7.13,251135
sin-tmdb-music-1083064,Sattar Oraki,SAOR,Singer,Music • Original Music Composer,TMDB 5000 music-crew sample,https://www.themoviedb.org/person/1083064,0.8,50.9,50.7,60.01,53.55,1.99,223677
sin-tmdb-music-46087,Jellybean Benítez,JEB8,Singer,Music • Music Supervisor,TMDB 5000 music-crew sample,https://www.themoviedb.org/person/46087,0.8,50.7,50.6,59.62,56.39,2.01,148297
sin-tmdb-music-960650,David Donaldson,DAD5,Singer,Music • Original Music Composer,TMDB 5000 music-crew sample,https://www.themoviedb.org/person/960650,0.8,50.7,50.5,59.54,54.12,7.66,223677
sin-tmdb-music-51064,Debbie Wiseman,DEW2,Singer,Music • Original Music Composer,TMDB 5000 music-crew sample,https://www.themoviedb.org/person/51064,0.8,50.6,50.5,59.44,55.49,2.77,241438
sin-tmdb-music-175505,Johnny Green,JOG5,Singer,Music • Music Supervisor,TMDB 5000 music-crew sample,https://www.themoviedb.org/person/175505,0.8,50.6,50.5,59.48,59.2,-0.62,161056
sin-tmdb-music-1492753,Jon Kull,JOKU,Singer,Music • Orchestrator,TMDB 5000 music-crew sample,https://www.themoviedb.org/person/1492753,0.8,50.6,50.5,59.52,67.2,6.89,144355
sin-tmdb-music-780712,Nathaniel Mechaly,NAME,Singer,Music • Original Music Composer,TMDB 5000 music-crew sample,https://www.themoviedb.org/person/780712,0.8,50.6,50.5,59.37,60.11,9.05,141304
sin-tmdb-music-957038,Nigel Godrich,NIG2,Singer,Music • Music,TMDB 5000 music-crew sample,https://www.themoviedb.org/person/957038,0.8,50.6,50.5,59.37,65.08,-5.14,165262
sin-tmdb-music-1691433,Adam Anders,ADAN,Singer,Music • Music Director,TMDB 5000 music-crew sample,https://www.themoviedb.org/person/1691433,0.8,50.5,50.4,59.21,67.21,7.36,157991
sin-tmdb-music-105584,Bret McKenzie,BRM4,Singer,Music • Music,TMDB 5000 music-crew sample,https://www.themoviedb.org/person/105584,0.8,50.5,50.4,59.32,57.03,8.64,271900
sin-tmdb-music-54654,Chris Wilson,CHWI,Singer,Music • Original Music Composer,TMDB 5000 music-crew sample,https://www.themoviedb.org/person/54654,0.8,50.5,50.4,59.17,63.22,1.31,303304
sin-tmdb-music-40468,Michael Penn,MIP3,Singer,Music • Original Music Composer,TMDB 5000 music-crew sample,https://www.themoviedb.org/person/40468,0.8,50.5,50.4,59.31,63.01,2.14,209504
sin-tmdb-music-35040,Paul Williams,PAW4,Singer,Music • Original Music Composer,TMDB 5000 music-crew sample,https://www.themoviedb.org/person/35040,0.8,50.5,50.4,59.16,62.72,-5.42,155033
sin-tmdb-music-23395,Pierre Adenot,PIAD,Singer,Music • Original Music Composer,TMDB 5000 music-crew sample,https://www.themoviedb.org/person/23395,0.8,50.5,50.4,59.32,58.29,-7.23,190728
sin-tmdb-music-71029,Shinichirô Ikebe,SHIK,Singer,Music • Original Music Composer,TMDB 5000 music-crew sample,https://www.themoviedb.org/person/71029,0.8,50.5,50.4,59.23,58.41,-6.85,182491
sin-tmdb-music-1714546,Alan Parker,ALP6,Singer,Music • Original Music Composer,TMDB 5000 music-crew sample,https://www.themoviedb.org/person/1714546,0.8,50.3,50.3,58.93,56.15,8.02,209948
sin-tmdb-music-60642,Tom Petty,TOPE,Singer,Music • Original Music Composer,TMDB 5000 music-crew sample,https://www.themoviedb.org/person/60642,0.8,50.3,50.3,58.94,57.1,-3.4,273101
sin-tmdb-music-968934,Marc Canham,MA31,Singer,Music • Original Music Composer,TMDB 5000 music-crew sample,https://www.themoviedb.org/person/968934,0.8,50.3,50.2,58.88,53.82,4.83,270355
sin-tmdb-music-1532396,Robin Urdang,ROUR,Singer,Music • Music Supervisor,TMDB 5000 music-crew sample,https://www.themoviedb.org/person/1532396,0.8,50.3,50.2,58.87,51.73,-2.83,189836
sin-tmdb-music-6422,Michał Lorenc,MIL4,Singer,Music • Original Music Composer,TMDB 5000 music-crew sample,https://www.themoviedb.org/person/6422,0.8,50.1,50.1,58.47,63.51,1.07,256626
sin-tmdb-music-283,Robert Cavallo,ROC7,Singer,Music • Music,TMDB 5000 music-crew sample,https://www.themoviedb.org/person/283,0.8,50.2,50.1,58.63,60.34,1.26,145874
sin-tmdb-music-69343,Ralph Burns,RABU,Singer,Music • Original Music Composer,TMDB 5000 music-crew sample,https://www.themoviedb.org/person/69343,0.8,50.0,50.0,58.32,61.33,-6.54,212407
sin-tmdb-music-41552,James S. Levine,JAL8,Singer,Music • Original Music Composer,TMDB 5000 music-crew sample,https://www.themoviedb.org/person/41552,0.8,49.9,49.9,58.15,63.84,8.02,146796
sin-tmdb-music-53607,Peter Salett,PES3,Singer,Music • Original Music Composer,TMDB 5000 music-crew sample,https://www.themoviedb.org/person/53607,0.8,49.9,49.9,58.12,58.78,-6.42,267609
sin-tmdb-music-57911,Boris Blank,BOBL,Singer,Music • Original Music Composer,TMDB 5000 music-crew sample,https://www.themoviedb.org/person/57911,0.8,49.7,49.8,57.8,62.26,-5.49,215440
sin-tmdb-music-51386,David E. Russo,DARU,Singer,Music • Music Programmer,TMDB 5000 music-crew sample,https://www.themoviedb.org/person/51386,0.8,49.8,49.8,57.88,59.13,6.92,145407
sin-tmdb-music-1533532,Laura Katz,LAK3,Singer,Music • Music Supervisor,TMDB 5000 music-crew sample,https://www.themoviedb.org/person/1533532,0.8,49.7,49.8,57.75,55.53,-4.81,166272
sin-tmdb-music-62642,Maurice Seezer,MASE,Singer,Music • Original Music Composer,TMDB 5000 music-crew sample,https://www.themoviedb.org/person/62642,0.8,49.7,49.8,57.74,57.33,-2.18,209948
sin-tmdb-music-425396,Akira Ifukube,AKIF,Singer,Music • Music,TMDB 5000 music-crew sample,https://www.themoviedb.org/person/425396,0.8,49.7,49.7,57.64,56.27,1.47,157991
sin-tmdb-music-47927,Christopher Franke,CHFR,Singer,Music • Original Music Composer,TMDB 5000 music-crew sample,https://www.themoviedb.org/person/47927,0.8,49.6,49.7,57.56,55.12,-5.87,177571
sin-tmdb-music-19726,Ray Cooper,RAC3,Singer,Music • Original Music Composer,TMDB 5000 music-crew sample,https://www.themoviedb.org/person/19726,0.8,49.6,49.7,57.56,61.65,-1.02,185237
sin-tmdb-music-30872,Roger Neill,RONE,Singer,Music • Original Music Composer,TMDB 5000 music-crew sample,https://www.themoviedb.org/person/30872,0.8,49.6,49.7,57.46,55.96,2.45,163271
sin-tmdb-music-1018757,Darren Morze,DAM9,Singer,Music • Original Music Composer,TMDB 5000 music-crew sample,https://www.themoviedb.org/person/1018757,0.8,49.5,49.6,57.37,56.59,1.29,171508
sin-tmdb-music-5228,Herbert Grönemeyer,HEG2,Singer,Music • Music,TMDB 5000 music-crew sample,https://www.themoviedb.org/person/5228,0.8,49.5,49.6,57.43,54.78,-1.55,257557
sin-tmdb-music-1812709,Ken Ross,KER5,Singer,Music • Music Supervisor,TMDB 5000 music-crew sample,https://www.themoviedb.org/person/1812709,0.8,49.5,49.6,57.3,57.31,6.43,276748
sin-tmdb-music-10201,Michael Clifford,MICL,Singer,Music • Music Editor,TMDB 5000 music-crew sample,https://www.themoviedb.org/person/10201,0.8,49.3,49.5,57.0,61.22,-6.44,155839
sin-tmdb-music-10439,Marshall Brickman,MA34,Singer,Music • Musical,TMDB 5000 music-crew sample,https://www.themoviedb.org/person/10439,0.8,49.1,49.3,56.53,55.53,6.84,250088
sin-tmdb-music-66941,J.A.C. Redford,JAR5,Singer,Music • Orchestrator,TMDB 5000 music-crew sample,https://www.themoviedb.org/person/66941,0.8,48.8,49.1,56.1,58.58,-6.22,140366
sin-tmdb-music-329,Carol Fenelon,CAFE,Singer,Music • Music Supervisor,TMDB 5000 music-crew sample,https://www.themoviedb.org/person/329,0.8,48.7,49.0,55.91,61.68,3.78,143450
sin-tmdb-music-75251,Harry V. Lojewski,HALO,Singer,Music • Music Supervisor,TMDB 5000 music-crew sample,https://www.themoviedb.org/person/75251,0.8,48.7,49.0,55.92,59.18,1.69,179313
sin-tmdb-music-38309,Gast Waltzing,GAWA,Singer,Music • Original Music Composer,TMDB 5000 music-crew sample,https://www.themoviedb.org/person/38309,0.8,48.6,48.9,55.68,58.22,0.76,144050
sin-tmdb-music-56325,Jeff Richmond,JERI,Singer,Music • Original Music Composer,TMDB 5000 music-crew sample,https://www.themoviedb.org/person/56325,0.8,48.7,48.9,55.79,51.32,-6.59,152288
sin-tmdb-music-140487,Henry Lai,HEL3,Singer,Music • Music,TMDB 5000 music-crew sample,https://www.themoviedb.org/person/140487,0.8,48.4,48.8,55.38,58.62,-2.37,141026
sin-tmdb-music-963297,Kevin Grady,KEG3,Singer,Music • Music Supervisor,TMDB 5000 music-crew sample,https://www.themoviedb.org/person/963297,0.8,48.2,48.6,54.99,53.45,2.87,245241
sin-tmdb-music-7422,Patrick Williams,PAW3,Singer,Music • Original Music Composer,TMDB 5000 music-crew sample,https://www.themoviedb.org/person/7422,0.8,48.3,48.6,55.05,59.54,-3.23,231915
sin-tmdb-music-58057,Guy Zerafa,GUZE,Singer,Music • Original Music Composer,TMDB 5000 music-crew sample,https://www.themoviedb.org/person/58057,0.8,48.0,48.4,54.63,54.3,5.71,144050
sin-tmdb-music-57394,Lou Barlow,LOB2,Singer,Music • Original Music Composer,TMDB 5000 music-crew sample,https://www.themoviedb.org/person/57394,0.8,48.0,48.4,54.65,59.45,-2.27,138559
sin-tmdb-music-231831,Paul Leonard-Morgan,PALE,Singer,Music • Original Music Composer,TMDB 5000 music-crew sample,https://www.themoviedb.org/person/231831,0.8,48.0,48.4,54.5,57.39,-4.86,163271
sin-tmdb-music-1532469,Paul Marquardt,PAM3,Singer,Music • Orchestrator,TMDB 5000 music-crew sample,https://www.themoviedb.org/person/1532469,0.8,47.9,48.4,54.48,51.22,8.47,146995
sin-tmdb-music-61498,Ryan Shore,RYSH,Singer,Music • Music,TMDB 5000 music-crew sample,https://www.themoviedb.org/person/61498,0.8,48.0,48.4,54.61,50.76,6.69,148015
sin-tmdb-music-19711,Richard Band,RIBA,Singer,Music • Original Music Composer,TMDB 5000 music-crew sample,https://www.themoviedb.org/person/19711,0.8,47.9,48.3,54.43,48.15,-0.8,196220
sin-tmdb-music-84532,John Deacon,JOD5,Singer,Music • Music,TMDB 5000 music-crew sample,https://www.themoviedb.org/person/84532,0.8,47.7,48.1,53.99,52.82,0.58,150721
sin-tmdb-music-1583629,Max Martin,MA33,Singer,Music • Musical,TMDB 5000 music-crew sample,https://www.themoviedb.org/person/1583629,0.8,47.5,48.0,53.59,53.16,-4.86,155568
sin-tmdb-music-90037,James Lapine,JALA,Singer,Music • Musical,TMDB 5000 music-crew sample,https://www.themoviedb.org/person/90037,0.8,47.2,47.8,53.17,51.94,0.24,187075
sin-tmdb-music-1497784,Pete Tong,PETO,Singer,Music • Music Supervisor,TMDB 5000 music-crew sample,https://www.themoviedb.org/person/1497784,0.8,47.2,47.8,53.15,57.59,5.81,126485
sin-tmdb-music-42910,Stephen Schwartz,STSC,Singer,Music • Songs,TMDB 5000 music-crew sample,https://www.themoviedb.org/person/42910,0.8,47.0,47.6,52.76,57.44,-5.11,135450
sin-tmdb-music-65360,Andrew Lloyd Webber,ANW2,Singer,Music • Music,TMDB 5000 music-crew sample,https://www.themoviedb.org/person/65360,0.8,46.9,47.5,52.56,52.75,-4.79,247664
sin-tmdb-music-970875,Gareth Cousins,GAC3,Singer,Music • Music Editor,TMDB 5000 music-crew sample,https://www.themoviedb.org/person/970875,0.8,46.7,47.4,52.25,57.33,-1.05,150721
sin-tmdb-music-1849297,Carole Childs,CAC4,Singer,Music • Music Supervisor,TMDB 5000 music-crew sample,https://www.themoviedb.org/person/1849297,0.8,46.6,47.3,52.03,50.56,-3.25,133756
sin-tmdb-music-583465,Ryan David Leack,RYLE,Singer,Music • Original Music Composer,TMDB 5000 music-crew sample,https://www.themoviedb.org/person/583465,0.8,46.6,47.3,52.04,54.74,-6.1,171508
sin-tmdb-music-558641,Marty Paich,MAP6,Singer,Music • Original Music Composer,TMDB 5000 music-crew sample,https://www.themoviedb.org/person/558641,0.8,46.4,47.1,51.62,54.26,-3.89,152288
sin-tmdb-music-1814098,Paul Silver,PAS6,Singer,Music • Music Editor,TMDB 5000 music-crew sample,https://www.themoviedb.org/person/1814098,0.8,46.1,46.9,51.2,47.05,-7.18,247664
sin-tmdb-music-24315,Fred Karlin,FRKA,Singer,Music • Music,TMDB 5000 music-crew sample,https://www.themoviedb.org/person/24315,0.8,44.5,45.6,48.38,45.74,-0.3,131332
act-2231,Samuel L. Jackson,SAJA,Actor,Actor • 67 sampled film credits,TMDB 5000 credits sample,https://www.themoviedb.org/person/2231,0.82,97.7,89.1,195.23,218.79,1.24,809032
act-380,Robert De Niro,RONI,Actor,Actor • 57 sampled film credits,TMDB 5000 credits sample,https://www.themoviedb.org/person/380,0.82,95.6,87.4,187.31,169.49,7.16,860152
act-62,Bruce Willis,BRWI,Actor,Actor • 51 sampled film credits,TMDB 5000 credits sample,https://www.themoviedb.org/person/62,0.82,92.4,84.8,175.53,187.18,-2.46,598823
act-192,Morgan Freeman,MOFR,Actor,Actor • 46 sampled film credits,TMDB 5000 credits sample,https://www.themoviedb.org/person/192,0.82,90.2,82.9,167.6,169.14,-0.01,779095
act-287,Brad Pitt,BRPI,Actor,Actor • 38 sampled film credits,TMDB 5000 credits sample,https://www.themoviedb.org/person/287,0.82,89.8,82.6,166.17,189.15,-0.39,726750
act-2963,Nicolas Cage,NICA,Actor,Actor • 39 sampled film credits,TMDB 5000 credits sample,https://www.themoviedb.org/person/2963,0.82,87.9,81.0,159.58,154.6,2.97,563481
act-7447,Alec Baldwin,ALBA,Actor,Actor • 39 sampled film credits,TMDB 5000 credits sample,https://www.themoviedb.org/person/7447,0.82,87.7,80.9,159.13,172.57,9.35,341045
act-23659,Will Ferrell,WIFE,Actor,Actor • 37 sampled film credits,TMDB 5000 credits sample,https://www.themoviedb.org/person/23659,0.82,87.4,80.6,157.9,164.27,7.62,681453
act-85,Johnny Depp,JODE,Actor,Actor • 40 sampled film credits,TMDB 5000 credits sample,https://www.themoviedb.org/person/85,0.82,87.3,80.5,157.5,174.24,-5.61,797882
act-500,Tom Cruise,TOCR,Actor,Actor • 33 sampled film credits,TMDB 5000 credits sample,https://www.themoviedb.org/person/500,0.82,87.1,80.5,157.11,162.07,-2.95,562777
act-6941,Cameron Diaz,CADI,Actor,Actor • 31 sampled film credits,TMDB 5000 credits sample,https://www.themoviedb.org/person/6941,0.82,86.6,80.0,155.34,178.39,5.99,689146
act-1204,Julia Roberts,JURO,Actor,Actor • 33 sampled film credits,TMDB 5000 credits sample,https://www.themoviedb.org/person/1204,0.82,86.0,79.6,153.39,170.23,-3.06,331311
act-1892,Matt Damon,MAD3,Actor,Actor • 48 sampled film credits,TMDB 5000 credits sample,https://www.themoviedb.org/person/1892,0.82,86.0,79.6,153.41,168.02,-2.45,561671
act-2227,Nicole Kidman,NIKI,Actor,Actor • 30 sampled film credits,TMDB 5000 credits sample,https://www.themoviedb.org/person/2227,0.82,86.1,79.6,153.71,169.67,7.24,631668
act-2157,Robin Williams,ROWI,Actor,Actor • 34 sampled film credits,TMDB 5000 credits sample,https://www.themoviedb.org/person/2157,0.82,85.8,79.3,152.47,155.87,7.54,676887
act-776,Eddie Murphy,EDMU,Actor,Actor • 28 sampled film credits,TMDB 5000 credits sample,https://www.themoviedb.org/person/776,0.82,85.4,79.1,151.36,160.39,3.35,331799
act-5293,Willem Dafoe,WIDA,Actor,Actor • 38 sampled film credits,TMDB 5000 credits sample,https://www.themoviedb.org/person/5293,0.82,85.2,78.8,150.53,170.26,8.1,528644
act-738,Sean Connery,SEC2,Actor,Actor • 28 sampled film credits,TMDB 5000 credits sample,https://www.themoviedb.org/person/738,0.82,84.9,78.6,149.69,151.1,2.74,440998
act-3131,Antonio Banderas,ANB2,Actor,Actor • 31 sampled film credits,TMDB 5000 credits sample,https://www.themoviedb.org/person/3131,0.82,84.8,78.5,149.12,165.07,9.4,627781
act-884,Steve Buscemi,STBU,Actor,Actor • 43 sampled film credits,TMDB 5000 credits sample,https://www.themoviedb.org/person/884,0.82,84.4,78.2,147.94,161.47,-1.02,446749
act-887,Owen Wilson,OWWI,Actor,Actor • 40 sampled film credits,TMDB 5000 credits sample,https://www.themoviedb.org/person/887,0.82,84.1,78.0,147.09,144.75,7.57,713668
act-64,Gary Oldman,GAOL,Actor,Actor • 28 sampled film credits,TMDB 5000 credits sample,https://www.themoviedb.org/person/64,0.82,83.9,77.8,146.23,165.57,5.31,690701
act-19292,Adam Sandler,ADSA,Actor,Actor • 28 sampled film credits,TMDB 5000 credits sample,https://www.themoviedb.org/person/19292,0.82,83.8,77.7,145.92,165.4,4.56,648456
act-3896,Liam Neeson,LINE,Actor,Actor • 41 sampled film credits,TMDB 5000 credits sample,https://www.themoviedb.org/person/3896,0.82,83.6,77.6,145.43,155.45,-6.75,557403
act-cur-act-001,Zendaya,ZEND,Actor,Film and television,Curated prototype anchor,,0.78,85.4,77.6,145.54,155.61,1.31,495740
act-cur-act-009,Jenna Ortega,JEOR,Actor,Film and television,Curated prototype anchor,,0.78,85.2,77.5,145.05,147.9,-4.01,776788
act-13240,Mark Wahlberg,MAWA,Actor,Actor • 31 sampled film credits,TMDB 5000 credits sample,https://www.themoviedb.org/person/13240,0.82,83.6,77.5,145.18,145.59,2.32,368892
act-10205,Sigourney Weaver,SIWE,Actor,Actor • 33 sampled film credits,TMDB 5000 credits sample,https://www.themoviedb.org/person/10205,0.82,83.4,77.4,144.58,147.63,3.28,432829
act-204,Kate Winslet,KAWI,Actor,Actor • 25 sampled film credits,TMDB 5000 credits sample,https://www.themoviedb.org/person/204,0.82,83.2,77.2,144.1,151.12,6.14,672131
act-31,Tom Hanks,TOHA,Actor,Actor • 32 sampled film credits,TMDB 5000 credits sample,https://www.themoviedb.org/person/31,0.82,83.1,77.1,143.64,147.57,-1.42,409472
act-1100,Arnold Schwarzenegger,ARSC,Actor,Actor • 32 sampled film credits,TMDB 5000 credits sample,https://www.themoviedb.org/person/1100,0.82,82.9,77.0,143.2,140.18,-0.52,674112
act-1461,George Clooney,GECL,Actor,Actor • 34 sampled film credits,TMDB 5000 credits sample,https://www.themoviedb.org/person/1461,0.82,82.7,76.8,142.53,128.59,0.46,356231
act-57755,Woody Harrelson,WOHA,Actor,Actor • 31 sampled film credits,TMDB 5000 credits sample,https://www.themoviedb.org/person/57755,0.82,82.6,76.7,141.94,137.38,6.46,730962
act-1532,Bill Murray,BIMU,Actor,Actor • 35 sampled film credits,TMDB 5000 credits sample,https://www.themoviedb.org/person/1532,0.82,82.4,76.6,141.45,160.59,3.63,419814
act-3087,Robert Duvall,RODU,Actor,Actor • 30 sampled film credits,TMDB 5000 credits sample,https://www.themoviedb.org/person/3087,0.82,82.2,76.4,140.97,152.39,-3.1,657558
act-16483,Sylvester Stallone,SYST,Actor,Actor • 32 sampled film credits,TMDB 5000 credits sample,https://www.themoviedb.org/person/16483,0.82,82.2,76.4,140.77,144.59,-3.33,458567
act-cur-act-002,Timothée Chalamet,TICH,Actor,Film,Curated prototype anchor,,0.78,83.8,76.4,140.71,158.82,-2.33,400312
act-4173,Anthony Hopkins,ANH2,Actor,Actor • 34 sampled film credits,TMDB 5000 credits sample,https://www.themoviedb.org/person/4173,0.82,82.0,76.3,140.28,157.87,-3.98,455691
act-290,Christopher Plummer,CHPL,Actor,Actor • 32 sampled film credits,TMDB 5000 credits sample,https://www.themoviedb.org/person/290,0.82,82.1,76.3,140.52,124.23,5.93,644620
act-7399,Ben Stiller,BEST,Actor,Actor • 33 sampled film credits,TMDB 5000 credits sample,https://www.themoviedb.org/person/7399,0.82,82.0,76.2,140.09,148.42,8.27,591307
act-1269,Kevin Costner,KECO,Actor,Actor • 27 sampled film credits,TMDB 5000 credits sample,https://www.themoviedb.org/person/1269,0.82,81.9,76.2,139.88,153.88,-6.19,457704
act-69597,Drew Barrymore,DRBA,Actor,Actor • 28 sampled film credits,TMDB 5000 credits sample,https://www.themoviedb.org/person/69597,0.82,81.6,75.9,138.84,144.49,1.19,350300
act-388,Jim Broadbent,JIBR,Actor,Actor • 38 sampled film credits,TMDB 5000 credits sample,https://www.themoviedb.org/person/388,0.82,81.5,75.8,138.53,146.0,7.79,656761
act-3,Harrison Ford,HAFO,Actor,Actor • 32 sampled film credits,TMDB 5000 credits sample,https://www.themoviedb.org/person/3,0.82,81.3,75.7,138.02,138.16,-1.45,445042
act-5064,Meryl Streep,MEST,Actor,Actor • 30 sampled film credits,TMDB 5000 credits sample,https://www.themoviedb.org/person/5064,0.82,81.3,75.7,138.08,131.14,3.68,389808
act-72466,Colin Farrell,COFA,Actor,Actor • 22 sampled film credits,TMDB 5000 credits sample,https://www.themoviedb.org/person/72466,0.82,81.2,75.6,137.67,149.06,0.03,651844
act-18277,Sandra Bullock,SABU,Actor,Actor • 27 sampled film credits,TMDB 5000 credits sample,https://www.themoviedb.org/person/18277,0.82,81.2,75.6,137.62,132.91,-0.94,570760
act-4038,Susan Sarandon,SUSA,Actor,Actor • 36 sampled film credits,TMDB 5000 credits sample,https://www.themoviedb.org/person/4038,0.82,81.2,75.6,137.64,150.33,0.03,552230
act-4483,Dustin Hoffman,DUHO,Actor,Actor • 29 sampled film credits,TMDB 5000 credits sample,https://www.themoviedb.org/person/4483,0.82,81.1,75.5,137.17,134.41,4.86,299186
act-2461,Mel Gibson,MEGI,Actor,Actor • 24 sampled film credits,TMDB 5000 credits sample,https://www.themoviedb.org/person/2461,0.82,81.0,75.5,137.16,149.14,6.67,450468
act-1245,Scarlett Johansson,SCJO,Actor,Actor • 28 sampled film credits,TMDB 5000 credits sample,https://www.themoviedb.org/person/1245,0.82,81.1,75.5,137.41,127.42,0.78,674392
act-9642,Jude Law,JULA,Actor,Actor • 27 sampled film credits,TMDB 5000 credits sample,https://www.themoviedb.org/person/9642,0.82,81.0,75.4,137.08,142.39,-5.87,643427
act-13242,Paul Giamatti,PAGI,Actor,Actor • 37 sampled film credits,TMDB 5000 credits sample,https://www.themoviedb.org/person/13242,0.82,80.7,75.2,136.03,146.61,-5.47,367691
act-38673,Channing Tatum,CHTA,Actor,Actor • 28 sampled film credits,TMDB 5000 credits sample,https://www.themoviedb.org/person/38673,0.82,80.6,75.1,135.85,136.13,8.97,565708
act-70851,Jack Black,JABL,Actor,Actor • 34 sampled film credits,TMDB 5000 credits sample,https://www.themoviedb.org/person/70851,0.82,80.6,75.1,135.78,135.65,5.21,628954
act-658,Alfred Molina,ALM2,Actor,Actor • 25 sampled film credits,TMDB 5000 credits sample,https://www.themoviedb.org/person/658,0.82,80.5,75.0,135.42,150.83,-0.12,454529
act-4690,Christopher Walken,CHWA,Actor,Actor • 35 sampled film credits,TMDB 5000 credits sample,https://www.themoviedb.org/person/4690,0.82,80.4,75.0,135.21,133.96,-3.08,533003
act-cur-act-010,Daniel Kaluuya,DAKA,Actor,Film,Curated prototype anchor,,0.78,82.1,75.0,135.45,135.65,5.01,435341
act-6065,Dennis Quaid,DEQU,Actor,Actor • 25 sampled film credits,TMDB 5000 credits sample,https://www.themoviedb.org/person/6065,0.82,80.4,75.0,135.23,132.65,-6.79,515697
act-17276,Gerard Butler,GEBU,Actor,Actor • 27 sampled film credits,TMDB 5000 credits sample,https://www.themoviedb.org/person/17276,0.82,80.5,75.0,135.38,144.31,6.26,412395
act-5469,Ralph Fiennes,RAFI,Actor,Actor • 27 sampled film credits,TMDB 5000 credits sample,https://www.themoviedb.org/person/5469,0.82,80.5,75.0,135.4,130.79,4.71,572356
act-934,Russell Crowe,RUCR,Actor,Actor • 24 sampled film credits,TMDB 5000 credits sample,https://www.themoviedb.org/person/934,0.82,80.5,75.0,135.28,157.46,-5.47,549431
act-880,Ben Affleck,BEAF,Actor,Actor • 29 sampled film credits,TMDB 5000 credits sample,https://www.themoviedb.org/person/880,0.82,80.3,74.9,134.9,153.94,4.7,320742
act-517,Pierce Brosnan,PIBR,Actor,Actor • 29 sampled film credits,TMDB 5000 credits sample,https://www.themoviedb.org/person/517,0.82,80.4,74.9,135.02,142.2,8.92,488410
act-19274,Seth Rogen,SER2,Actor,Actor • 29 sampled film credits,TMDB 5000 credits sample,https://www.themoviedb.org/person/19274,0.82,80.2,74.8,134.52,149.89,-1.98,648861
act-5576,Val Kilmer,VAKI,Actor,Actor • 27 sampled film credits,TMDB 5000 credits sample,https://www.themoviedb.org/person/5576,0.82,80.1,74.7,134.14,148.71,6.91,621884
act-3234,Joan Cusack,JOC5,Actor,Actor • 23 sampled film credits,TMDB 5000 credits sample,https://www.themoviedb.org/person/3234,0.82,80.0,74.6,133.96,132.67,2.95,540534
act-6193,Leonardo DiCaprio,LEDI,Actor,Actor • 22 sampled film credits,TMDB 5000 credits sample,https://www.themoviedb.org/person/6193,0.82,79.9,74.5,133.62,137.48,-2.35,604828
act-3895,Michael Caine,MIC2,Actor,Actor • 29 sampled film credits,TMDB 5000 credits sample,https://www.themoviedb.org/person/3895,0.82,79.9,74.5,133.47,126.38,9.03,386432
act-131,Jake Gyllenhaal,JAGY,Actor,Actor • 21 sampled film credits,TMDB 5000 credits sample,https://www.themoviedb.org/person/131,0.82,79.6,74.3,132.62,125.23,-2.23,563107
act-22226,Paul Rudd,PARU,Actor,Actor • 34 sampled film credits,TMDB 5000 credits sample,https://www.themoviedb.org/person/22226,0.82,79.7,74.3,132.85,135.22,6.08,306104
act-3092,Diane Keaton,DIKE,Actor,Actor • 20 sampled film credits,TMDB 5000 credits sample,https://www.themoviedb.org/person/3092,0.82,79.6,74.2,132.48,145.08,7.74,552363
act-8891,John Travolta,JOTR,Actor,Actor • 30 sampled film credits,TMDB 5000 credits sample,https://www.themoviedb.org/person/8891,0.82,79.5,74.2,132.2,137.62,-6.39,456405
act-2229,Catherine Keener,CAKE,Actor,Actor • 30 sampled film credits,TMDB 5000 credits sample,https://www.themoviedb.org/person/2229,0.82,79.4,74.1,131.94,138.91,-3.61,561960
act-569,Ethan Hawke,ETHA,Actor,Actor • 21 sampled film credits,TMDB 5000 credits sample,https://www.themoviedb.org/person/569,0.82,79.4,74.1,131.95,149.07,6.54,286036
act-6856,Kurt Russell,KURU,Actor,Actor • 19 sampled film credits,TMDB 5000 credits sample,https://www.themoviedb.org/person/6856,0.82,79.3,74.1,131.85,139.77,8.37,491552
act-1233,Philip Seymour Hoffman,PHHO,Actor,Actor • 31 sampled film credits,TMDB 5000 credits sample,https://www.themoviedb.org/person/1233,0.82,79.3,74.0,131.71,139.57,-3.76,520521
act-12052,Gwyneth Paltrow,GWPA,Actor,Actor • 24 sampled film credits,TMDB 5000 credits sample,https://www.themoviedb.org/person/12052,0.82,79.2,73.9,131.4,124.16,-5.47,616836
act-1231,Julianne Moore,JUMO,Actor,Actor • 31 sampled film credits,TMDB 5000 credits sample,https://www.themoviedb.org/person/1231,0.82,79.2,73.9,131.26,133.58,0.51,624647
act-cur-act-003,Florence Pugh,FLPU,Actor,Film,Curated prototype anchor,,0.78,80.5,73.8,130.72,125.29,0.14,346298
act-5916,Rosario Dawson,RODA,Actor,Actor • 23 sampled film credits,TMDB 5000 credits sample,https://www.themoviedb.org/person/5916,0.82,79.0,73.8,130.7,124.88,3.62,443198
act-9281,Elizabeth Banks,ELBA,Actor,Actor • 27 sampled film credits,TMDB 5000 credits sample,https://www.themoviedb.org/person/9281,0.82,78.8,73.6,130.13,139.67,6.51,574204
act-23532,Jason Bateman,JAB2,Actor,Actor • 28 sampled film credits,TMDB 5000 credits sample,https://www.themoviedb.org/person/23532,0.82,78.8,73.6,130.15,143.93,-6.65,566901
act-5049,John Hurt,JOHU,Actor,Actor • 32 sampled film credits,TMDB 5000 credits sample,https://www.themoviedb.org/person/5049,0.82,78.8,73.6,130.08,123.47,6.61,631936
act-cur-act-004,Michael B. Jordan,MIJO,Actor,Film and television,Curated prototype anchor,,0.78,80.2,73.6,129.92,128.31,-3.89,540572
act-10182,Ving Rhames,VIRH,Actor,Actor • 23 sampled film credits,TMDB 5000 credits sample,https://www.themoviedb.org/person/10182,0.82,78.8,73.6,130.04,150.38,-1.53,516553
act-6384,Keanu Reeves,KERE,Actor,Actor • 27 sampled film credits,TMDB 5000 credits sample,https://www.themoviedb.org/person/6384,0.82,78.6,73.5,129.55,129.06,8.98,470422
act-10696,Famke Janssen,FAJA,Actor,Actor • 22 sampled film credits,TMDB 5000 credits sample,https://www.themoviedb.org/person/10696,0.82,78.5,73.4,129.39,128.34,-3.86,476186
act-205,Kirsten Dunst,KIDU,Actor,Actor • 27 sampled film credits,TMDB 5000 credits sample,https://www.themoviedb.org/person/205,0.82,78.5,73.4,129.32,126.89,-5.27,316476
act-18897,Jackie Chan,JACH,Actor,Actor • 20 sampled film credits,TMDB 5000 credits sample,https://www.themoviedb.org/person/18897,0.82,78.4,73.3,128.82,133.26,-6.25,508297
act-17051,James Franco,JAFR,Actor,Actor • 30 sampled film credits,TMDB 5000 credits sample,https://www.themoviedb.org/person/17051,0.82,78.4,73.3,128.88,124.76,-2.81,651491
act-118,Geoffrey Rush,GERU,Actor,Actor • 26 sampled film credits,TMDB 5000 credits sample,https://www.themoviedb.org/person/118,0.82,78.3,73.2,128.71,126.14,3.92,496302
act-206,Jim Carrey,JICA,Actor,Actor • 26 sampled film credits,TMDB 5000 credits sample,https://www.themoviedb.org/person/206,0.82,78.2,73.1,128.36,147.33,-1.12,374710
act-1733,Nick Nolte,NINO,Actor,Actor • 23 sampled film credits,TMDB 5000 credits sample,https://www.themoviedb.org/person/1733,0.82,78.2,73.1,128.43,122.61,4.65,597966
act-3136,Salma Hayek,SAHA,Actor,Actor • 25 sampled film credits,TMDB 5000 credits sample,https://www.themoviedb.org/person/3136,0.82,78.2,73.1,128.21,143.96,2.62,570536
act-18918,Dwayne Johnson,DWJO,Actor,Actor • 25 sampled film credits,TMDB 5000 credits sample,https://www.themoviedb.org/person/18918,0.82,78.0,73.0,127.86,141.28,9.33,498873
act-6949,John Malkovich,JOM6,Actor,Actor • 27 sampled film credits,TMDB 5000 credits sample,https://www.themoviedb.org/person/6949,0.82,78.0,73.0,127.8,138.63,1.71,588182
act-18288,Terrence Howard,TEHO,Actor,Actor • 29 sampled film credits,TMDB 5000 credits sample,https://www.themoviedb.org/person/18288,0.82,78.0,73.0,127.76,129.07,-2.83,307254
act-2039,Brendan Gleeson,BRGL,Actor,Actor • 29 sampled film credits,TMDB 5000 credits sample,https://www.themoviedb.org/person/2039,0.82,77.9,72.9,127.38,128.58,-3.11,338881
act-1230,John Goodman,JOGO,Actor,Actor • 39 sampled film credits,TMDB 5000 credits sample,https://www.themoviedb.org/person/1230,0.82,77.9,72.9,127.35,117.25,3.72,361754
act-15033,Justin Long,JULO,Actor,Actor • 34 sampled film credits,TMDB 5000 credits sample,https://www.themoviedb.org/person/15033,0.82,77.9,72.9,127.5,139.95,8.32,389844
act-2888,Will Smith,WISM,Actor,Actor • 24 sampled film credits,TMDB 5000 credits sample,https://www.themoviedb.org/person/2888,0.82,77.9,72.9,127.54,128.54,1.77,594153
act-1813,Anne Hathaway,ANHA,Actor,Actor • 25 sampled film credits,TMDB 5000 credits sample,https://www.themoviedb.org/person/1813,0.82,77.7,72.8,126.97,138.28,9.32,506288
act-6885,Charlize Theron,CHTH,Actor,Actor • 26 sampled film credits,TMDB 5000 credits sample,https://www.themoviedb.org/person/6885,0.82,77.8,72.8,127.07,141.59,-6.64,294212
act-3061,Ewan McGregor,EWMC,Actor,Actor • 29 sampled film credits,TMDB 5000 credits sample,https://www.themoviedb.org/person/3061,0.82,77.8,72.8,126.97,118.88,2.89,367471
act-2282,Ben Kingsley,BEKI,Actor,Actor • 34 sampled film credits,TMDB 5000 credits sample,https://www.themoviedb.org/person/2282,0.82,77.6,72.7,126.64,124.87,-3.98,519753
act-7056,Emma Thompson,EMTH,Actor,Actor • 21 sampled film credits,TMDB 5000 credits sample,https://www.themoviedb.org/person/7056,0.82,77.6,72.6,126.57,144.41,8.0,518532
act-3036,John Cusack,JOCU,Actor,Actor • 29 sampled film credits,TMDB 5000 credits sample,https://www.themoviedb.org/person/3036,0.82,77.5,72.6,126.25,120.63,5.05,333082
act-3223,Robert Downey Jr.,ROJR,Actor,Actor • 29 sampled film credits,TMDB 5000 credits sample,https://www.themoviedb.org/person/3223,0.82,77.5,72.6,126.3,141.37,0.49,604855
act-4764,John C. Reilly,JORE,Actor,Actor • 32 sampled film credits,TMDB 5000 credits sample,https://www.themoviedb.org/person/4764,0.82,77.5,72.5,126.21,118.38,-7.32,519918
act-53714,Rachel McAdams,RAMC,Actor,Actor • 19 sampled film credits,TMDB 5000 credits sample,https://www.themoviedb.org/person/53714,0.82,77.4,72.5,126.01,133.84,6.54,533227
act-11701,Angelina Jolie,ANJO,Actor,Actor • 25 sampled film credits,TMDB 5000 credits sample,https://www.themoviedb.org/person/11701,0.82,77.3,72.4,125.5,130.16,9.03,569436
act-11006,James Marsden,JAM4,Actor,Actor • 28 sampled film credits,TMDB 5000 credits sample,https://www.themoviedb.org/person/11006,0.82,77.4,72.4,125.81,144.48,7.67,335283
act-4724,Kevin Bacon,KEBA,Actor,Actor • 26 sampled film credits,TMDB 5000 credits sample,https://www.themoviedb.org/person/4724,0.82,77.3,72.4,125.56,126.95,3.4,528874
act-524,Natalie Portman,NAPO,Actor,Actor • 23 sampled film credits,TMDB 5000 credits sample,https://www.themoviedb.org/person/524,0.82,77.3,72.4,125.57,143.5,-0.97,478679
act-368,Reese Witherspoon,REWI,Actor,Actor • 22 sampled film credits,TMDB 5000 credits sample,https://www.themoviedb.org/person/368,0.82,77.3,72.4,125.54,129.58,6.58,351773
act-110,Viggo Mortensen,VIM2,Actor,Actor • 23 sampled film credits,TMDB 5000 credits sample,https://www.themoviedb.org/person/110,0.82,77.3,72.4,125.7,121.11,7.89,273888
act-2176,Tommy Lee Jones,TOJO,Actor,Actor • 24 sampled film credits,TMDB 5000 credits sample,https://www.themoviedb.org/person/2176,0.82,77.2,72.3,125.38,117.38,0.18,295330
act-16866,Jennifer Lopez,JELO,Actor,Actor • 22 sampled film credits,TMDB 5000 credits sample,https://www.themoviedb.org/person/16866,0.82,77.0,72.2,124.85,140.96,7.56,300188
act-10297,Matthew McConaughey,MAMC,Actor,Actor • 29 sampled film credits,TMDB 5000 credits sample,https://www.themoviedb.org/person/10297,0.82,77.1,72.2,124.92,120.51,-6.54,597932
act-6968,Hugh Jackman,HUJA,Actor,Actor • 27 sampled film credits,TMDB 5000 credits sample,https://www.themoviedb.org/person/6968,0.82,76.9,72.1,124.53,116.44,-7.42,409786
act-1229,Jeff Bridges,JEBR,Actor,Actor • 24 sampled film credits,TMDB 5000 credits sample,https://www.themoviedb.org/person/1229,0.82,77.0,72.1,124.73,140.0,1.17,530550
act-9827,Rose Byrne,ROBY,Actor,Actor • 22 sampled film credits,TMDB 5000 credits sample,https://www.themoviedb.org/person/9827,0.82,77.0,72.1,124.59,132.77,3.22,541548
act-2228,Sean Penn,SEPE,Actor,Actor • 22 sampled film credits,TMDB 5000 credits sample,https://www.themoviedb.org/person/2228,0.82,76.9,72.1,124.56,125.67,8.15,290331
act-4495,Steve Carell,STC2,Actor,Actor • 23 sampled film credits,TMDB 5000 credits sample,https://www.themoviedb.org/person/4495,0.82,77.0,72.1,124.63,131.77,4.66,358466
act-819,Edward Norton,EDNO,Actor,Actor • 24 sampled film credits,TMDB 5000 credits sample,https://www.themoviedb.org/person/819,0.82,76.8,72.0,124.15,136.23,9.43,331093
act-48,Sean Bean,SEBE,Actor,Actor • 24 sampled film credits,TMDB 5000 credits sample,https://www.themoviedb.org/person/48,0.82,76.8,72.0,124.12,119.88,9.43,410872
act-3894,Christian Bale,CHBA,Actor,Actor • 27 sampled film credits,TMDB 5000 credits sample,https://www.themoviedb.org/person/3894,0.82,76.7,71.9,123.96,118.16,-3.21,625534
act-190,Clint Eastwood,CLEA,Actor,Actor • 17 sampled film credits,TMDB 5000 credits sample,https://www.themoviedb.org/person/190,0.82,76.7,71.9,123.68,130.89,7.97,262248
act-9778,Ice Cube,ICCU,Actor,Actor • 23 sampled film credits,TMDB 5000 credits sample,https://www.themoviedb.org/person/9778,0.82,76.7,71.9,123.81,137.01,-1.73,284688
act-2440,Bill Nighy,BINI,Actor,Actor • 28 sampled film credits,TMDB 5000 credits sample,https://www.themoviedb.org/person/2440,0.82,76.6,71.8,123.59,132.32,7.61,306331
act-3897,Katie Holmes,KAHO,Actor,Actor • 18 sampled film credits,TMDB 5000 credits sample,https://www.themoviedb.org/person/3897,0.82,76.6,71.8,123.42,132.83,0.98,525719
act-1772,Anna Faris,ANFA,Actor,Actor • 22 sampled film credits,TMDB 5000 credits sample,https://www.themoviedb.org/person/1772,0.82,76.4,71.7,123.0,137.31,-1.14,509632
act-228,Ed Harris,EDH2,Actor,Actor • 29 sampled film credits,TMDB 5000 credits sample,https://www.themoviedb.org/person/228,0.82,76.5,71.7,123.13,115.57,-6.29,369644
act-73421,Joaquin Phoenix,JOPH,Actor,Actor • 18 sampled film credits,TMDB 5000 credits sample,https://www.themoviedb.org/person/73421,0.82,76.3,71.6,122.78,116.25,5.89,428368
act-4937,Vince Vaughn,VIVA,Actor,Actor • 26 sampled film credits,TMDB 5000 credits sample,https://www.themoviedb.org/person/4937,0.82,76.3,71.6,122.65,115.33,-4.81,534156
act-18471,Anthony Anderson,ANAN,Actor,Actor • 24 sampled film credits,TMDB 5000 credits sample,https://www.themoviedb.org/person/18471,0.82,76.2,71.5,122.35,118.58,-6.7,487813
act-8984,Bill Pullman,BIPU,Actor,Actor • 20 sampled film credits,TMDB 5000 credits sample,https://www.themoviedb.org/person/8984,0.82,76.2,71.5,122.35,127.66,1.82,502703
act-134,Jamie Foxx,JAFO,Actor,Actor • 25 sampled film credits,TMDB 5000 credits sample,https://www.themoviedb.org/person/134,0.82,76.2,71.5,122.44,140.57,4.07,378026
act-6161,Jennifer Connelly,JECO,Actor,Actor • 19 sampled film credits,TMDB 5000 credits sample,https://www.themoviedb.org/person/6161,0.82,76.2,71.5,122.27,128.36,2.3,440849
act-3051,Toni Collette,TOCO,Actor,Actor • 21 sampled film credits,TMDB 5000 credits sample,https://www.themoviedb.org/person/3051,0.82,76.2,71.5,122.4,140.41,-6.49,303456
act-9273,Amy Adams,AMAD,Actor,Actor • 24 sampled film credits,TMDB 5000 credits sample,https://www.themoviedb.org/person/9273,0.82,76.1,71.4,122.16,130.56,5.18,294894
act-56731,Jessica Alba,JEAL,Actor,Actor • 20 sampled film credits,TMDB 5000 credits sample,https://www.themoviedb.org/person/56731,0.82,76.1,71.4,122.1,124.32,5.86,340069
act-27972,Josh Hutcherson,JOH5,Actor,Actor • 15 sampled film credits,TMDB 5000 credits sample,https://www.themoviedb.org/person/27972,0.82,76.0,71.4,121.88,123.05,4.4,299672
act-15758,Queen Latifah,QULA,Actor,Actor • 28 sampled film credits,TMDB 5000 credits sample,https://www.themoviedb.org/person/15758,0.82,76.1,71.4,122.14,137.65,9.27,466681
act-28633,Richard Jenkins,RIJE,Actor,Actor • 36 sampled film credits,TMDB 5000 credits sample,https://www.themoviedb.org/person/28633,0.82,76.2,71.4,122.19,130.26,1.12,583712
act-10859,Ryan Reynolds,RYRE,Actor,Actor • 24 sampled film credits,TMDB 5000 credits sample,https://www.themoviedb.org/person/10859,0.82,76.1,71.4,122.05,130.67,0.26,596887
act-193,Gene Hackman,GEHA,Actor,Actor • 25 sampled film credits,TMDB 5000 credits sample,https://www.themoviedb.org/person/193,0.82,76.0,71.3,121.8,126.93,1.27,591350
act-350,Laura Linney,LALI,Actor,Actor • 20 sampled film credits,TMDB 5000 credits sample,https://www.themoviedb.org/person/350,0.82,76.0,71.3,121.74,130.12,-5.34,491362
act-103,Mark Ruffalo,MARU,Actor,Actor • 29 sampled film credits,TMDB 5000 credits sample,https://www.themoviedb.org/person/103,0.82,76.0,71.3,121.7,111.84,-4.96,414220
act-18324,Steve Zahn,STZA,Actor,Actor • 28 sampled film credits,TMDB 5000 credits sample,https://www.themoviedb.org/person/18324,0.82,75.9,71.3,121.57,112.92,-2.88,440513
act-19278,Bill Hader,BIHA,Actor,Actor • 34 sampled film credits,TMDB 5000 credits sample,https://www.themoviedb.org/person/19278,0.82,75.8,71.2,121.14,136.07,-3.58,408644
act-5472,Colin Firth,COFI,Actor,Actor • 21 sampled film credits,TMDB 5000 credits sample,https://www.themoviedb.org/person/5472,0.82,75.9,71.2,121.37,139.72,-1.0,556830
act-3085,James Caan,JAC2,Actor,Actor • 20 sampled film credits,TMDB 5000 credits sample,https://www.themoviedb.org/person/3085,0.82,75.8,71.2,121.25,125.99,-1.6,529990
act-5723,John Leguizamo,JOLE,Actor,Actor • 30 sampled film credits,TMDB 5000 credits sample,https://www.themoviedb.org/person/5723,0.82,75.9,71.2,121.44,125.24,1.74,657005
act-2232,Michael Keaton,MIKE,Actor,Actor • 19 sampled film credits,TMDB 5000 credits sample,https://www.themoviedb.org/person/2232,0.82,75.9,71.2,121.37,118.08,9.28,534991
act-3293,Rachel Weisz,RAWE,Actor,Actor • 18 sampled film credits,TMDB 5000 credits sample,https://www.themoviedb.org/person/3293,0.82,75.8,71.2,121.19,127.09,4.98,554343
act-3490,Adrien Brody,ADBR,Actor,Actor • 17 sampled film credits,TMDB 5000 credits sample,https://www.themoviedb.org/person/3490,0.82,75.7,71.1,120.89,125.14,3.92,454991
act-17141,Greg Kinnear,GRKI,Actor,Actor • 24 sampled film credits,TMDB 5000 credits sample,https://www.themoviedb.org/person/17141,0.82,75.7,71.1,120.86,132.56,4.75,370226
act-1920,Winona Ryder,WIRY,Actor,Actor • 22 sampled film credits,TMDB 5000 credits sample,https://www.themoviedb.org/person/1920,0.82,75.8,71.1,121.07,136.07,-6.05,559644
act-112,Cate Blanchett,CABL,Actor,Actor • 31 sampled film credits,TMDB 5000 credits sample,https://www.themoviedb.org/person/112,0.82,75.6,71.0,120.65,134.5,-0.3,461027
act-2178,Forest Whitaker,FOWH,Actor,Actor • 30 sampled film credits,TMDB 5000 credits sample,https://www.themoviedb.org/person/2178,0.82,75.6,71.0,120.53,119.64,-0.64,292442
act-21007,Jonah Hill,JOHI,Actor,Actor • 29 sampled film credits,TMDB 5000 credits sample,https://www.themoviedb.org/person/21007,0.82,75.6,71.0,120.5,139.2,-4.11,312807
act-17178,Patrick Wilson,PAWI,Actor,Actor • 20 sampled film credits,TMDB 5000 credits sample,https://www.themoviedb.org/person/17178,0.82,75.6,71.0,120.67,117.18,-1.7,573701
act-707,Dan Aykroyd,DAAY,Actor,Actor • 28 sampled film credits,TMDB 5000 credits sample,https://www.themoviedb.org/person/707,0.82,75.5,70.9,120.4,113.84,-4.24,580592
act-2975,Laurence Fishburne,LAFI,Actor,Actor • 33 sampled film credits,TMDB 5000 credits sample,https://www.themoviedb.org/person/2975,0.82,75.5,70.9,120.34,129.87,-0.32,429773
act-1979,Kevin Spacey,KESP,Actor,Actor • 24 sampled film credits,TMDB 5000 credits sample,https://www.themoviedb.org/person/1979,0.82,75.4,70.8,119.98,139.21,2.2,354253
act-36422,Luke Wilson,LUW2,Actor,Actor • 30 sampled film credits,TMDB 5000 credits sample,https://www.themoviedb.org/person/36422,0.82,75.3,70.8,119.75,137.27,3.72,372795
act-11477,Ray Liotta,RALI,Actor,Actor • 26 sampled film credits,TMDB 5000 credits sample,https://www.themoviedb.org/person/11477,0.82,75.4,70.8,119.87,134.04,8.47,605539
act-1158,Al Pacino,ALPA,Actor,Actor • 23 sampled film credits,TMDB 5000 credits sample,https://www.themoviedb.org/person/1158,0.82,75.3,70.7,119.69,120.52,-1.45,460946
act-2047,Danny Glover,DAGL,Actor,Actor • 29 sampled film credits,TMDB 5000 credits sample,https://www.themoviedb.org/person/2047,0.82,75.3,70.7,119.58,114.45,-2.71,322664
act-54693,Emma Stone,EMST,Actor,Actor • 17 sampled film credits,TMDB 5000 credits sample,https://www.themoviedb.org/person/54693,0.82,75.2,70.7,119.37,133.29,8.12,395422
act-5309,Judi Dench,JUDE,Actor,Actor • 30 sampled film credits,TMDB 5000 credits sample,https://www.themoviedb.org/person/5309,0.82,75.2,70.7,119.47,113.24,3.05,485367
act-4756,Matthew Broderick,MAB7,Actor,Actor • 19 sampled film credits,TMDB 5000 credits sample,https://www.themoviedb.org/person/4756,0.82,75.2,70.7,119.4,121.85,8.02,280142
act-10127,Jon Voight,JOVO,Actor,Actor • 24 sampled film credits,TMDB 5000 credits sample,https://www.themoviedb.org/person/10127,0.82,75.1,70.6,119.07,120.43,0.43,426941
act-63,Milla Jovovich,MIJ2,Actor,Actor • 19 sampled film credits,TMDB 5000 credits sample,https://www.themoviedb.org/person/63,0.82,75.1,70.6,119.16,131.39,-2.46,384254
act-1205,Richard Gere,RIGE,Actor,Actor • 20 sampled film credits,TMDB 5000 credits sample,https://www.themoviedb.org/person/1205,0.82,75.1,70.6,119.16,129.63,-1.68,377026
act-18269,Brendan Fraser,BRF2,Actor,Actor • 19 sampled film credits,TMDB 5000 credits sample,https://www.themoviedb.org/person/18269,0.82,75.0,70.5,118.94,131.1,-7.05,297217
act-976,Jason Statham,JAST,Actor,Actor • 29 sampled film credits,TMDB 5000 credits sample,https://www.themoviedb.org/person/976,0.82,75.0,70.5,118.82,112.73,-4.49,307416
act-2283,Stanley Tucci,STTU,Actor,Actor • 38 sampled film credits,TMDB 5000 credits sample,https://www.themoviedb.org/person/2283,0.82,75.0,70.5,118.86,130.66,-3.43,469509
act-2130,Cary Elwes,CAEL,Actor,Actor • 20 sampled film credits,TMDB 5000 credits sample,https://www.themoviedb.org/person/2130,0.82,74.9,70.4,118.49,117.1,1.74,385316
act-3141,Marisa Tomei,MAT2,Actor,Actor • 26 sampled film credits,TMDB 5000 credits sample,https://www.themoviedb.org/person/3141,0.82,74.8,70.4,118.35,108.49,2.04,400566
act-207,Tom Wilkinson,TOWI,Actor,Actor • 30 sampled film credits,TMDB 5000 credits sample,https://www.themoviedb.org/person/207,0.82,74.9,70.4,118.5,120.88,0.24,468496
act-6383,Aaron Eckhart,AAEC,Actor,Actor • 21 sampled film credits,TMDB 5000 credits sample,https://www.themoviedb.org/person/6383,0.82,74.7,70.3,117.96,113.03,6.76,622437
act-8784,Daniel Craig,DACR,Actor,Actor • 20 sampled film credits,TMDB 5000 credits sample,https://www.themoviedb.org/person/8784,0.82,74.7,70.3,118.02,125.83,-2.48,490705
act-11664,Zooey Deschanel,ZODE,Actor,Actor • 20 sampled film credits,TMDB 5000 credits sample,https://www.themoviedb.org/person/11664,0.82,74.8,70.3,118.18,124.42,1.09,414081
act-227,William Hurt,WIHU,Actor,Actor • 19 sampled film credits,TMDB 5000 credits sample,https://www.themoviedb.org/person/227,0.82,74.6,70.2,117.7,129.96,-2.28,345996
act-518,Danny DeVito,DADE,Actor,Actor • 29 sampled film credits,TMDB 5000 credits sample,https://www.themoviedb.org/person/518,0.82,74.5,70.1,117.37,128.8,4.51,528433
act-18999,J.K. Simmons,JKSI,Actor,Actor • 35 sampled film credits,TMDB 5000 credits sample,https://www.themoviedb.org/person/18999,0.82,74.5,70.1,117.45,133.3,-1.02,489151
act-67773,Steve Martin,STM4,Actor,Actor • 20 sampled film credits,TMDB 5000 credits sample,https://www.themoviedb.org/person/67773,0.82,74.5,70.1,117.47,116.07,-1.93,511297
act-2295,Mickey Rourke,MIRO,Actor,Actor • 23 sampled film credits,TMDB 5000 credits sample,https://www.themoviedb.org/person/2295,0.82,74.4,70.0,116.99,112.27,2.8,568429
act-3489,Naomi Watts,NAWA,Actor,Actor • 23 sampled film credits,TMDB 5000 credits sample,https://www.themoviedb.org/person/3489,0.82,74.4,70.0,117.0,114.96,3.2,342328
act-cur-act-007,Margot Robbie,MARO,Actor,Film,Curated prototype anchor,,0.78,75.5,69.9,116.65,116.26,-1.77,478942
act-454,Michael Peña,MIPE,Actor,Actor • 25 sampled film credits,TMDB 5000 credits sample,https://www.themoviedb.org/person/454,0.82,74.3,69.9,116.72,126.61,7.9,526494
act-8170,Eva Mendes,EVME,Actor,Actor • 22 sampled film credits,TMDB 5000 credits sample,https://www.themoviedb.org/person/8170,0.82,74.2,69.8,116.43,127.69,3.87,393981
act-5587,Hank Azaria,HAAZ,Actor,Actor • 21 sampled film credits,TMDB 5000 credits sample,https://www.themoviedb.org/person/5587,0.82,74.1,69.8,116.21,115.27,-5.66,532177
act-9781,Nia Long,NIL2,Actor,Actor • 18 sampled film credits,TMDB 5000 credits sample,https://www.themoviedb.org/person/9781,0.82,74.2,69.8,116.51,113.06,8.62,452382
act-1283,Helena Bonham Carter,HECA,Actor,Actor • 23 sampled film credits,TMDB 5000 credits sample,https://www.themoviedb.org/person/1283,0.82,74.0,69.7,116.01,128.13,-0.47,398977
act-44735,Jesse Eisenberg,JEEI,Actor,Actor • 17 sampled film credits,TMDB 5000 credits sample,https://www.themoviedb.org/person/44735,0.82,74.0,69.7,115.96,130.79,6.41,551593
act-3967,Kate Beckinsale,KAB3,Actor,Actor • 16 sampled film credits,TMDB 5000 credits sample,https://www.themoviedb.org/person/3967,0.82,74.0,69.7,115.86,111.38,3.42,512092
act-116,Keira Knightley,KEKN,Actor,Actor • 19 sampled film credits,TMDB 5000 credits sample,https://www.themoviedb.org/person/116,0.82,74.0,69.7,115.82,109.65,-3.58,524747
act-18973,Mila Kunis,MIKU,Actor,Actor • 14 sampled film credits,TMDB 5000 credits sample,https://www.themoviedb.org/person/18973,0.82,74.0,69.7,115.89,107.43,8.82,508749
act-cur-act-005,Viola Davis,VIDA,Actor,Film and television,Curated prototype anchor,,0.78,75.3,69.7,115.99,116.15,7.72,539943
act-1922,Catherine Zeta-Jones,CAZE,Actor,Actor • 19 sampled film credits,TMDB 5000 credits sample,https://www.themoviedb.org/person/1922,0.82,73.9,69.6,115.58,127.33,5.86,360815
act-3416,Demi Moore,DEMO,Actor,Actor • 18 sampled film credits,TMDB 5000 credits sample,https://www.themoviedb.org/person/3416,0.82,73.9,69.6,115.75,121.53,5.84,562499
act-24045,Joseph Gordon-Levitt,JOG2,Actor,Actor • 19 sampled film credits,TMDB 5000 credits sample,https://www.themoviedb.org/person/24045,0.82,73.9,69.6,115.59,135.35,-4.34,369699
act-7132,Vincent D'Onofrio,VIDO,Actor,Actor • 21 sampled film credits,TMDB 5000 credits sample,https://www.themoviedb.org/person/7132,0.82,73.9,69.6,115.76,113.38,-5.07,383608
act-16851,Josh Brolin,JOBR,Actor,Actor • 24 sampled film credits,TMDB 5000 credits sample,https://www.themoviedb.org/person/16851,0.82,73.8,69.5,115.27,109.92,8.14,350958
act-9137,Renée Zellweger,REZE,Actor,Actor • 19 sampled film credits,TMDB 5000 credits sample,https://www.themoviedb.org/person/9137,0.82,73.8,69.5,115.33,110.9,8.42,343770
act-55636,Donald Sutherland,DOSU,Actor,Actor • 31 sampled film credits,TMDB 5000 credits sample,https://www.themoviedb.org/person/55636,0.82,73.6,69.4,114.78,114.75,-5.59,307563
act-4491,Jennifer Aniston,JEAN,Actor,Actor • 21 sampled film credits,TMDB 5000 credits sample,https://www.themoviedb.org/person/4491,0.82,73.7,69.4,115.01,114.76,-2.45,415036
act-4726,Marcia Gay Harden,MAH3,Actor,Actor • 17 sampled film credits,TMDB 5000 credits sample,https://www.themoviedb.org/person/4726,0.82,73.6,69.4,114.82,122.14,2.8,474277
act-32,Robin Wright,ROWR,Actor,Actor • 18 sampled film credits,TMDB 5000 credits sample,https://www.themoviedb.org/person/32,0.82,73.7,69.4,114.99,129.51,-0.9,382042
act-13922,Seth Green,SEGR,Actor,Actor • 22 sampled film credits,TMDB 5000 credits sample,https://www.themoviedb.org/person/13922,0.82,73.6,69.4,114.85,122.67,5.56,397754
act-21657,Vera Farmiga,VEFA,Actor,Actor • 15 sampled film credits,TMDB 5000 credits sample,https://www.themoviedb.org/person/21657,0.82,73.6,69.4,114.82,126.62,3.27,522009
act-6886,Christina Ricci,CHRI,Actor,Actor • 19 sampled film credits,TMDB 5000 credits sample,https://www.themoviedb.org/person/6886,0.82,73.6,69.3,114.73,125.12,-4.92,482437
act-28638,David Koechner,DAKO,Actor,Actor • 34 sampled film credits,TMDB 5000 credits sample,https://www.themoviedb.org/person/28638,0.82,73.6,69.3,114.66,114.91,6.01,389636
act-20212,Dermot Mulroney,DEMU,Actor,Actor • 23 sampled film credits,TMDB 5000 credits sample,https://www.themoviedb.org/person/20212,0.82,73.6,69.3,114.73,112.81,1.22,458964
act-8783,Eric Bana,ERBA,Actor,Actor • 15 sampled film credits,TMDB 5000 credits sample,https://www.themoviedb.org/person/8783,0.82,73.6,69.3,114.75,110.24,4.55,434818
act-5168,Gabriel Byrne,GABY,Actor,Actor • 19 sampled film credits,TMDB 5000 credits sample,https://www.themoviedb.org/person/5168,0.82,73.6,69.3,114.72,110.91,5.13,504464
act-41091,Kristen Wiig,KRWI,Actor,Actor • 29 sampled film credits,TMDB 5000 credits sample,https://www.themoviedb.org/person/41091,0.82,73.5,69.3,114.44,124.12,4.2,401381
act-5344,Meg Ryan,MERY,Actor,Actor • 14 sampled film credits,TMDB 5000 credits sample,https://www.themoviedb.org/person/5344,0.82,73.6,69.3,114.69,110.65,-3.1,519373
act-3968,Michael Sheen,MIS2,Actor,Actor • 23 sampled film credits,TMDB 5000 credits sample,https://www.themoviedb.org/person/3968,0.82,73.6,69.3,114.77,131.26,-4.96,352145
act-8167,Paul Walker,PAWA,Actor,Actor • 18 sampled film credits,TMDB 5000 credits sample,https://www.themoviedb.org/person/8167,0.82,73.6,69.3,114.71,118.87,-5.34,513493
act-2219,Tobey Maguire,TOMA,Actor,Actor • 15 sampled film credits,TMDB 5000 credits sample,https://www.themoviedb.org/person/2219,0.82,73.5,69.3,114.46,131.52,8.24,507111
act-53650,Anthony Mackie,ANM2,Actor,Actor • 27 sampled film credits,TMDB 5000 credits sample,https://www.themoviedb.org/person/53650,0.82,73.4,69.2,114.25,106.02,-7.28,331487
act-382,Bob Hoskins,BOHO,Actor,Actor • 24 sampled film credits,TMDB 5000 credits sample,https://www.themoviedb.org/person/382,0.82,73.4,69.2,114.25,106.43,8.44,387008
act-529,Guy Pearce,GUPE,Actor,Actor • 16 sampled film credits,TMDB 5000 credits sample,https://www.themoviedb.org/person/529,0.82,73.4,69.2,114.11,127.42,6.63,467145
act-3291,Hugh Grant,HUGR,Actor,Actor • 20 sampled film credits,TMDB 5000 credits sample,https://www.themoviedb.org/person/3291,0.82,73.5,69.2,114.37,118.64,0.26,520695
act-2299,Josh Hartnett,JOH4,Actor,Actor • 17 sampled film credits,TMDB 5000 credits sample,https://www.themoviedb.org/person/2299,0.82,73.4,69.2,114.27,111.92,5.05,500402
act-49,Maria Bello,MABE,Actor,Actor • 21 sampled film credits,TMDB 5000 credits sample,https://www.themoviedb.org/person/49,0.82,73.4,69.2,114.09,129.34,-5.54,435854
act-9880,Sam Shepard,SAS2,Actor,Actor • 22 sampled film credits,TMDB 5000 credits sample,https://www.themoviedb.org/person/9880,0.82,73.4,69.2,114.31,118.42,2.94,531502
act-1640,Stellan Skarsgård,STSK,Actor,Actor • 24 sampled film credits,TMDB 5000 credits sample,https://www.themoviedb.org/person/1640,0.82,73.4,69.2,114.31,110.37,-2.51,388668
act-3905,William H. Macy,WIM2,Actor,Actor • 33 sampled film credits,TMDB 5000 credits sample,https://www.themoviedb.org/person/3905,0.82,73.4,69.2,114.28,126.59,-1.83,545150
act-2632,Chris Rock,CHR2,Actor,Actor • 26 sampled film credits,TMDB 5000 credits sample,https://www.themoviedb.org/person/2632,0.82,73.3,69.1,113.91,127.91,2.94,530667
act-9777,Cuba Gooding Jr.,CUJR,Actor,Actor • 26 sampled film credits,TMDB 5000 credits sample,https://www.themoviedb.org/person/9777,0.82,73.2,69.1,113.73,103.86,-2.43,320778
act-1038,Jodie Foster,JOFO,Actor,Actor • 15 sampled film credits,TMDB 5000 credits sample,https://www.themoviedb.org/person/1038,0.82,73.2,69.1,113.76,112.77,5.81,313302
act-17485,Oliver Platt,OLPL,Actor,Actor • 25 sampled film credits,TMDB 5000 credits sample,https://www.themoviedb.org/person/17485,0.82,73.3,69.1,113.89,117.52,6.64,367293
act-52,David Morse,DAM2,Actor,Actor • 21 sampled film credits,TMDB 5000 credits sample,https://www.themoviedb.org/person/52,0.82,73.1,69.0,113.49,114.57,8.8,560444
act-18792,Delroy Lindo,DELI,Actor,Actor • 19 sampled film credits,TMDB 5000 credits sample,https://www.themoviedb.org/person/18792,0.82,73.2,69.0,113.56,118.17,-6.42,496840
act-1246,Emily Mortimer,EMMO,Actor,Actor • 21 sampled film credits,TMDB 5000 credits sample,https://www.themoviedb.org/person/1246,0.82,73.1,69.0,113.49,102.45,7.04,320598
act-879,Billy Bob Thornton,BITH,Actor,Actor • 25 sampled film credits,TMDB 5000 credits sample,https://www.themoviedb.org/person/879,0.82,73.0,68.9,113.1,104.93,-2.96,496757
act-6952,Charlie Sheen,CHSH,Actor,Actor • 21 sampled film credits,TMDB 5000 credits sample,https://www.themoviedb.org/person/6952,0.82,73.1,68.9,113.25,115.26,-0.87,483252
act-2778,Dennis Hopper,DEHO,Actor,Actor • 20 sampled film credits,TMDB 5000 credits sample,https://www.themoviedb.org/person/2778,0.82,73.1,68.9,113.24,107.41,7.01,415897
act-cur-act-006,Denzel Washington,DEWA,Actor,Film,Curated prototype anchor,,0.78,74.3,68.9,113.28,118.06,-0.59,431268
act-5530,James McAvoy,JAMC,Actor,Actor • 15 sampled film credits,TMDB 5000 credits sample,https://www.themoviedb.org/person/5530,0.82,73.0,68.9,113.08,121.32,0.39,258602
act-1160,Michelle Pfeiffer,MIPF,Actor,Actor • 19 sampled film credits,TMDB 5000 credits sample,https://www.themoviedb.org/person/1160,0.82,73.1,68.9,113.31,105.29,-3.99,539023
act-17832,Carla Gugino,CAGU,Actor,Actor • 23 sampled film credits,TMDB 5000 credits sample,https://www.themoviedb.org/person/17832,0.82,73.0,68.8,113.0,127.12,-3.01,407220
act-8447,Jeff Daniels,JEDA,Actor,Actor • 22 sampled film credits,TMDB 5000 credits sample,https://www.themoviedb.org/person/8447,0.82,72.9,68.8,112.88,121.64,-1.25,349575
act-19159,Thomas Haden Church,THCH,Actor,Actor • 22 sampled film credits,TMDB 5000 credits sample,https://www.themoviedb.org/person/19159,0.82,73.0,68.8,112.94,108.71,1.21,443169
act-74568,Chris Hemsworth,CHHE,Actor,Actor • 16 sampled film credits,TMDB 5000 credits sample,https://www.themoviedb.org/person/74568,0.82,72.7,68.7,112.35,108.81,0.56,489722
act-37917,Kristen Stewart,KRST,Actor,Actor • 19 sampled film credits,TMDB 5000 credits sample,https://www.themoviedb.org/person/37917,0.82,72.8,68.7,112.45,104.7,-2.5,260071
act-9029,Stephen Rea,STRE,Actor,Actor • 14 sampled film credits,TMDB 5000 credits sample,https://www.themoviedb.org/person/9029,0.82,72.9,68.7,112.67,127.6,-2.7,502544
act-4587,Halle Berry,HABE,Actor,Actor • 19 sampled film credits,TMDB 5000 credits sample,https://www.themoviedb.org/person/4587,0.82,72.7,68.6,112.13,123.8,-6.35,367485
act-7517,Kate Bosworth,KAB2,Actor,Actor • 20 sampled film credits,TMDB 5000 credits sample,https://www.themoviedb.org/person/7517,0.82,72.7,68.6,112.15,111.72,-6.25,370674
act-5658,Michael Gambon,MIGA,Actor,Actor • 22 sampled film credits,TMDB 5000 credits sample,https://www.themoviedb.org/person/5658,0.82,72.7,68.6,112.15,120.49,0.43,288504
act-15250,Hope Davis,HODA,Actor,Actor • 18 sampled film credits,TMDB 5000 credits sample,https://www.themoviedb.org/person/15250,0.82,72.6,68.5,111.82,127.89,2.29,423344
act-1736,James Remar,JARE,Actor,Actor • 23 sampled film credits,TMDB 5000 credits sample,https://www.themoviedb.org/person/1736,0.82,72.5,68.5,111.79,124.45,-6.9,513948
act-40481,Luis Guzmán,LUGU,Actor,Actor • 31 sampled film credits,TMDB 5000 credits sample,https://www.themoviedb.org/person/40481,0.82,72.6,68.5,111.81,125.5,7.72,474470
act-4688,Michael Rapaport,MIRA,Actor,Actor • 18 sampled film credits,TMDB 5000 credits sample,https://www.themoviedb.org/person/4688,0.82,72.6,68.5,111.96,109.03,-0.37,444472
act-84223,Anna Kendrick,ANKE,Actor,Actor • 15 sampled film credits,TMDB 5000 credits sample,https://www.themoviedb.org/person/84223,0.82,72.4,68.4,111.37,126.61,1.89,461237
act-2224,Christian Slater,CHSL,Actor,Actor • 22 sampled film credits,TMDB 5000 credits sample,https://www.themoviedb.org/person/2224,0.82,72.4,68.4,111.45,105.5,2.64,533361
act-5081,Emily Blunt,EMBL,Actor,Actor • 17 sampled film credits,TMDB 5000 credits sample,https://www.themoviedb.org/person/5081,0.82,72.4,68.4,111.41,109.72,3.25,272769
act-326,Kim Basinger,KIBA,Actor,Actor • 15 sampled film credits,TMDB 5000 credits sample,https://www.themoviedb.org/person/326,0.82,72.5,68.4,111.63,114.11,9.37,264257
act-2983,Mark Strong,MAS5,Actor,Actor • 20 sampled film credits,TMDB 5000 credits sample,https://www.themoviedb.org/person/2983,0.82,72.4,68.4,111.42,125.25,-7.03,390147
act-1243,Woody Allen,WOAL,Actor,Actor • 15 sampled film credits,TMDB 5000 credits sample,https://www.themoviedb.org/person/1243,0.82,72.5,68.4,111.57,120.42,3.35,281506
act-11107,Ben Foster,BEFO,Actor,Actor • 17 sampled film credits,TMDB 5000 credits sample,https://www.themoviedb.org/person/11107,0.82,72.3,68.3,111.08,110.82,3.97,391806
act-1248,Brian Cox,BRCO,Actor,Actor • 33 sampled film credits,TMDB 5000 credits sample,https://www.themoviedb.org/person/1248,0.82,72.3,68.3,111.2,107.17,-1.92,479467
act-41088,Jason Segel,JASE,Actor,Actor • 16 sampled film credits,TMDB 5000 credits sample,https://www.themoviedb.org/person/41088,0.82,72.3,68.3,111.05,111.5,-2.9,505525
act-17605,Idris Elba,IDEL,Actor,Actor • 21 sampled film credits,TMDB 5000 credits sample,https://www.themoviedb.org/person/17605,0.82,72.2,68.2,110.71,118.7,-7.42,310525
act-1241,John Turturro,JOTU,Actor,Actor • 30 sampled film credits,TMDB 5000 credits sample,https://www.themoviedb.org/person/1241,0.82,72.2,68.2,110.74,101.93,7.87,301263
act-6807,Sam Rockwell,SARO,Actor,Actor • 22 sampled film credits,TMDB 5000 credits sample,https://www.themoviedb.org/person/6807,0.82,72.3,68.2,110.97,104.94,4.15,464249
act-2053,Bill Paxton,BIPA,Actor,Actor • 25 sampled film credits,TMDB 5000 credits sample,https://www.themoviedb.org/person/2053,0.82,72.1,68.1,110.63,121.48,-0.47,463740
act-109,Elijah Wood,ELWO,Actor,Actor • 23 sampled film credits,TMDB 5000 credits sample,https://www.themoviedb.org/person/109,0.82,72.0,68.1,110.39,102.46,-0.4,320788
act-4512,James Woods,JAWO,Actor,Actor • 24 sampled film credits,TMDB 5000 credits sample,https://www.themoviedb.org/person/4512,0.82,72.1,68.1,110.45,109.73,-3.21,306637
act-8691,Zoe Saldana,ZOSA,Actor,Actor • 20 sampled film credits,TMDB 5000 credits sample,https://www.themoviedb.org/person/8691,0.82,72.1,68.1,110.59,102.99,4.5,501945
act-51329,Bradley Cooper,BRC2,Actor,Actor • 21 sampled film credits,TMDB 5000 credits sample,https://www.themoviedb.org/person/51329,0.82,72.0,68.0,110.25,119.71,4.2,332260
act-514,Jack Nicholson,JANI,Actor,Actor • 17 sampled film credits,TMDB 5000 credits sample,https://www.themoviedb.org/person/514,0.82,71.9,68.0,110.06,122.23,1.39,311477
act-1336,Jet Li,JELI,Actor,Actor • 14 sampled film credits,TMDB 5000 credits sample,https://www.themoviedb.org/person/1336,0.82,71.9,68.0,110.04,122.54,-0.37,489312
act-51072,Kate Mara,KAM3,Actor,Actor • 17 sampled film credits,TMDB 5000 credits sample,https://www.themoviedb.org/person/51072,0.82,71.9,67.9,109.95,119.56,9.45,409162
act-11155,Thomas Jane,THJA,Actor,Actor • 18 sampled film credits,TMDB 5000 credits sample,https://www.themoviedb.org/person/11155,0.82,71.9,67.9,109.91,97.42,0.83,334137
act-11703,Kerry Washington,KEW2,Actor,Actor • 17 sampled film credits,TMDB 5000 credits sample,https://www.themoviedb.org/person/11703,0.82,71.7,67.8,109.44,106.01,-7.32,541549
act-78029,Martin Lawrence,MALA,Actor,Actor • 17 sampled film credits,TMDB 5000 credits sample,https://www.themoviedb.org/person/78029,0.82,71.7,67.8,109.48,111.69,4.28,366240
act-11863,Sarah Michelle Gellar,SAGE,Actor,Actor • 15 sampled film credits,TMDB 5000 credits sample,https://www.themoviedb.org/person/11863,0.82,71.7,67.8,109.49,114.43,5.25,496503
act-7248,Cliff Curtis,CLCU,Actor,Actor • 18 sampled film credits,TMDB 5000 credits sample,https://www.themoviedb.org/person/7248,0.82,71.6,67.7,109.17,121.95,5.86,261084
act-11665,Michael Angarano,MIAN,Actor,Actor • 12 sampled film credits,TMDB 5000 credits sample,https://www.themoviedb.org/person/11665,0.82,71.6,67.7,109.18,123.73,4.5,420456
act-1276,Patricia Clarkson,PACL,Actor,Actor • 25 sampled film credits,TMDB 5000 credits sample,https://www.themoviedb.org/person/1276,0.82,71.6,67.7,109.04,102.21,-3.41,503136
act-133,Peter Sarsgaard,PESA,Actor,Actor • 21 sampled film credits,TMDB 5000 credits sample,https://www.themoviedb.org/person/133,0.82,71.5,67.7,108.94,99.84,-1.43,407312
act-504,Tim Robbins,TIR2,Actor,Actor • 18 sampled film credits,TMDB 5000 credits sample,https://www.themoviedb.org/person/504,0.82,71.6,67.7,109.11,112.08,-7.25,389822
act-139,Uma Thurman,UMTH,Actor,Actor • 16 sampled film credits,TMDB 5000 credits sample,https://www.themoviedb.org/person/139,0.82,71.6,67.7,109.14,102.46,-6.98,423093
act-29222,Zac Efron,ZAEF,Actor,Actor • 14 sampled film credits,TMDB 5000 credits sample,https://www.themoviedb.org/person/29222,0.82,71.6,67.7,109.06,101.17,8.75,511867
act-1903,Alan Arkin,ALA2,Actor,Actor • 24 sampled film credits,TMDB 5000 credits sample,https://www.themoviedb.org/person/1903,0.82,71.5,67.6,108.83,100.22,8.47,461883
act-2956,Amanda Peet,AMPE,Actor,Actor • 21 sampled film credits,TMDB 5000 credits sample,https://www.themoviedb.org/person/2956,0.82,71.4,67.6,108.62,113.93,-4.46,372425
act-1271,Andy García,ANGA,Actor,Actor • 19 sampled film credits,TMDB 5000 credits sample,https://www.themoviedb.org/person/1271,0.82,71.5,67.6,108.84,101.0,9.03,397347
act-11207,David Thewlis,DATH,Actor,Actor • 21 sampled film credits,TMDB 5000 credits sample,https://www.themoviedb.org/person/11207,0.82,71.5,67.6,108.91,112.37,2.34,455738
act-26510,Eugene Levy,EUL2,Actor,Actor • 27 sampled film credits,TMDB 5000 credits sample,https://www.themoviedb.org/person/26510,0.82,71.5,67.6,108.87,110.26,-4.58,391288
act-1037,Harvey Keitel,HAK2,Actor,Actor • 21 sampled film credits,TMDB 5000 credits sample,https://www.themoviedb.org/person/1037,0.82,71.5,67.6,108.9,102.41,2.57,279919
act-65827,Keith David,KED2,Actor,Actor • 35 sampled film credits,TMDB 5000 credits sample,https://www.themoviedb.org/person/65827,0.82,71.5,67.6,108.78,111.67,-6.1,343079
act-2372,Ron Perlman,ROP2,Actor,Actor • 24 sampled film credits,TMDB 5000 credits sample,https://www.themoviedb.org/person/2372,0.82,71.5,67.6,108.83,101.87,-2.55,346582
act-21089,Bruce Greenwood,BRGR,Actor,Actor • 26 sampled film credits,TMDB 5000 credits sample,https://www.themoviedb.org/person/21089,0.82,71.3,67.5,108.29,110.96,9.28,403152
act-59315,Olivia Wilde,OLWI,Actor,Actor • 16 sampled film credits,TMDB 5000 credits sample,https://www.themoviedb.org/person/59315,0.82,71.4,67.5,108.46,125.62,-1.27,332590
act-6162,Paul Bettany,PABE,Actor,Actor • 24 sampled film credits,TMDB 5000 credits sample,https://www.themoviedb.org/person/6162,0.82,71.3,67.5,108.31,123.27,2.64,341343
act-4783,Sam Neill,SANE,Actor,Actor • 17 sampled film credits,TMDB 5000 credits sample,https://www.themoviedb.org/person/4783,0.82,71.3,67.5,108.3,109.99,-6.12,561303
act-1951,Elisabeth Shue,ELSH,Actor,Actor • 17 sampled film credits,TMDB 5000 credits sample,https://www.themoviedb.org/person/1951,0.82,71.3,67.4,108.2,111.71,-6.4,461935
act-2954,Jeffrey Wright,JEWR,Actor,Actor • 25 sampled film credits,TMDB 5000 credits sample,https://www.themoviedb.org/person/2954,0.82,71.2,67.4,108.02,98.89,-1.22,428601
act-17604,Jeremy Renner,JER2,Actor,Actor • 18 sampled film credits,TMDB 5000 credits sample,https://www.themoviedb.org/person/17604,0.82,71.2,67.4,107.98,119.68,1.37,467352
act-23626,Liev Schreiber,LISC,Actor,Actor • 26 sampled film credits,TMDB 5000 credits sample,https://www.themoviedb.org/person/23626,0.82,71.2,67.4,108.06,101.57,-3.86,277595
act-327,Mekhi Phifer,MEPH,Actor,Actor • 11 sampled film credits,TMDB 5000 credits sample,https://www.themoviedb.org/person/327,0.82,71.2,67.4,108.11,105.37,5.78,456977
act-25072,Oscar Isaac,OSIS,Actor,Actor • 16 sampled film credits,TMDB 5000 credits sample,https://www.themoviedb.org/person/25072,0.82,71.2,67.4,107.98,116.6,0.46,451514
act-11108,Simon Pegg,SIPE,Actor,Actor • 20 sampled film credits,TMDB 5000 credits sample,https://www.themoviedb.org/person/11108,0.82,71.2,67.4,108.02,104.06,-3.76,435555
act-12834,Barry Pepper,BAP2,Actor,Actor • 18 sampled film credits,TMDB 5000 credits sample,https://www.themoviedb.org/person/12834,0.82,71.1,67.3,107.74,108.75,-5.72,514979
act-5823,Julie Andrews,JUA2,Actor,Actor • 11 sampled film credits,TMDB 5000 credits sample,https://www.themoviedb.org/person/5823,0.82,71.1,67.3,107.85,110.31,5.16,240941
act-33235,Logan Lerman,LOLE,Actor,Actor • 15 sampled film credits,TMDB 5000 credits sample,https://www.themoviedb.org/person/33235,0.82,71.1,67.3,107.69,111.62,8.97,280843
act-9779,Morris Chestnut,MOCH,Actor,Actor • 21 sampled film credits,TMDB 5000 credits sample,https://www.themoviedb.org/person/9779,0.82,71.1,67.3,107.63,120.75,2.79,272769
act-5726,Cedric the Entertainer,CEEN,Actor,Actor • 22 sampled film credits,TMDB 5000 credits sample,https://www.themoviedb.org/person/5726,0.82,71.0,67.2,107.35,113.56,-7.35,369561
act-16927,Gérard Depardieu,GEDE,Actor,Actor • 12 sampled film credits,TMDB 5000 credits sample,https://www.themoviedb.org/person/16927,0.82,70.9,67.2,107.33,115.79,4.53,337927
act-15735,Helen Mirren,HEMI,Actor,Actor • 21 sampled film credits,TMDB 5000 credits sample,https://www.themoviedb.org/person/15735,0.82,71.0,67.2,107.37,103.53,-2.46,263067
act-12763,Joseph Fiennes,JOF3,Actor,Actor • 11 sampled film credits,TMDB 5000 credits sample,https://www.themoviedb.org/person/12763,0.82,71.0,67.2,107.39,116.68,7.56,262199
act-17288,Michael Fassbender,MIFA,Actor,Actor • 17 sampled film credits,TMDB 5000 credits sample,https://www.themoviedb.org/person/17288,0.82,70.9,67.2,107.29,120.22,0.01,536661
act-5538,Ray Winstone,RAWI,Actor,Actor • 22 sampled film credits,TMDB 5000 credits sample,https://www.themoviedb.org/person/5538,0.82,70.9,67.2,107.28,102.68,-6.93,284717
act-349,Scott Glenn,SCGL,Actor,Actor • 19 sampled film credits,TMDB 5000 credits sample,https://www.themoviedb.org/person/349,0.82,71.0,67.2,107.38,111.13,9.02,517850
act-2955,Chris Cooper,CHC2,Actor,Actor • 24 sampled film credits,TMDB 5000 credits sample,https://www.themoviedb.org/person/2955,0.82,70.9,67.1,107.23,107.51,2.99,234304
act-17140,Abigail Breslin,ABBR,Actor,Actor • 19 sampled film credits,TMDB 5000 credits sample,https://www.themoviedb.org/person/17140,0.82,70.7,67.0,106.69,116.04,-4.43,488446
act-33654,Breckin Meyer,BRME,Actor,Actor • 18 sampled film credits,TMDB 5000 credits sample,https://www.themoviedb.org/person/33654,0.82,70.8,67.0,106.84,108.56,3.12,401822
act-11662,Jason Lee,JAL2,Actor,Actor • 25 sampled film credits,TMDB 5000 credits sample,https://www.themoviedb.org/person/11662,0.82,70.7,67.0,106.71,104.37,-2.6,353215
act-11864,Ryan Phillippe,RYPH,Actor,Actor • 16 sampled film credits,TMDB 5000 credits sample,https://www.themoviedb.org/person/11864,0.82,70.7,67.0,106.59,119.94,0.24,266904
act-3063,Tilda Swinton,TISW,Actor,Actor • 18 sampled film credits,TMDB 5000 credits sample,https://www.themoviedb.org/person/3063,0.82,70.7,67.0,106.78,104.66,3.68,342724
act-4566,Alan Rickman,ALR2,Actor,Actor • 20 sampled film credits,TMDB 5000 credits sample,https://www.themoviedb.org/person/4566,0.82,70.6,66.9,106.34,99.4,-3.54,400447
act-33260,Freddie Prinze Jr.,FRJR,Actor,Actor • 14 sampled film credits,TMDB 5000 credits sample,https://www.themoviedb.org/person/33260,0.82,70.6,66.9,106.51,107.21,8.12,300494
act-21593,Jason Biggs,JABI,Actor,Actor • 14 sampled film credits,TMDB 5000 credits sample,https://www.themoviedb.org/person/21593,0.82,70.6,66.9,106.27,105.39,5.94,318468
act-20089,Jena Malone,JEM2,Actor,Actor • 21 sampled film credits,TMDB 5000 credits sample,https://www.themoviedb.org/person/20089,0.82,70.7,66.9,106.57,114.76,-5.61,480035
act-8534,Kathy Bates,KAB4,Actor,Actor • 24 sampled film credits,TMDB 5000 credits sample,https://www.themoviedb.org/person/8534,0.82,70.7,66.9,106.55,114.37,-4.87,529844
act-49265,Lindsay Lohan,LILO,Actor,Actor • 12 sampled film credits,TMDB 5000 credits sample,https://www.themoviedb.org/person/49265,0.82,70.6,66.9,106.4,109.52,-1.78,471588
act-883,Will Patton,WIP2,Actor,Actor • 18 sampled film credits,TMDB 5000 credits sample,https://www.themoviedb.org/person/883,0.82,70.6,66.9,106.52,96.08,7.26,297501
act-10431,Jennifer Jason Leigh,JEL3,Actor,Actor • 14 sampled film credits,TMDB 5000 credits sample,https://www.themoviedb.org/person/10431,0.82,70.5,66.8,105.99,116.66,-3.31,447497
act-11885,John C. McGinley,JOMC,Actor,Actor • 21 sampled film credits,TMDB 5000 credits sample,https://www.themoviedb.org/person/11885,0.82,70.5,66.8,106.24,119.37,-5.19,344754
act-12111,Justin Timberlake,JUTI,Actor,Actor • 13 sampled film credits,TMDB 5000 credits sample,https://www.themoviedb.org/person/12111,0.82,70.5,66.8,106.21,115.43,5.78,369269
act-10823,Kris Kristofferson,KRKR,Actor,Actor • 19 sampled film credits,TMDB 5000 credits sample,https://www.themoviedb.org/person/10823,0.82,70.5,66.8,106.04,96.59,6.43,396918
act-10978,Maggie Smith,MASM,Actor,Actor • 18 sampled film credits,TMDB 5000 credits sample,https://www.themoviedb.org/person/10978,0.82,70.5,66.8,106.0,98.28,8.15,425326
act-9788,Regina King,REKI,Actor,Actor • 17 sampled film credits,TMDB 5000 credits sample,https://www.themoviedb.org/person/9788,0.82,70.4,66.8,105.97,94.25,-0.09,423095
act-12898,Tim Allen,TIAL,Actor,Actor • 14 sampled film credits,TMDB 5000 credits sample,https://www.themoviedb.org/person/12898,0.82,70.5,66.8,106.1,96.77,-1.48,423079
act-3129,Tim Roth,TIR3,Actor,Actor • 17 sampled film credits,TMDB 5000 credits sample,https://www.themoviedb.org/person/3129,0.82,70.5,66.8,106.12,105.29,-7.35,516767
act-11064,David Strathairn,DAST,Actor,Actor • 16 sampled film credits,TMDB 5000 credits sample,https://www.themoviedb.org/person/11064,0.82,70.3,66.7,105.66,123.34,6.56,290583
act-21315,Eric Roberts,ERRO,Actor,Actor • 16 sampled film credits,TMDB 5000 credits sample,https://www.themoviedb.org/person/21315,0.82,70.4,66.7,105.82,106.82,6.33,454384
act-41087,Leslie Mann,LEM2,Actor,Actor • 21 sampled film credits,TMDB 5000 credits sample,https://www.themoviedb.org/person/41087,0.82,70.4,66.7,105.78,115.24,-5.27,442881
act-6613,Minnie Driver,MIDR,Actor,Actor • 15 sampled film credits,TMDB 5000 credits sample,https://www.themoviedb.org/person/6613,0.82,70.4,66.7,105.86,112.66,-0.01,408502
act-19,Allison Janney,ALJ2,Actor,Actor • 29 sampled film credits,TMDB 5000 credits sample,https://www.themoviedb.org/person/19,0.82,70.3,66.6,105.5,115.55,4.53,468090
act-20189,Amy Smart,AMSM,Actor,Actor • 14 sampled film credits,TMDB 5000 credits sample,https://www.themoviedb.org/person/20189,0.82,70.2,66.6,105.36,121.14,-5.21,378391
act-2296,Clive Owen,CLOW,Actor,Actor • 15 sampled film credits,TMDB 5000 credits sample,https://www.themoviedb.org/person/2296,0.82,70.3,66.6,105.45,105.83,0.06,385306
act-15555,Piper Perabo,PIPE,Actor,Actor • 15 sampled film credits,TMDB 5000 credits sample,https://www.themoviedb.org/person/15555,0.82,70.2,66.6,105.28,115.16,7.97,295065
act-418,Robert Patrick,ROP3,Actor,Actor • 27 sampled film credits,TMDB 5000 credits sample,https://www.themoviedb.org/person/418,0.82,70.3,66.6,105.58,113.07,0.39,329370
act-71070,Amanda Seyfried,AMSE,Actor,Actor • 16 sampled film credits,TMDB 5000 credits sample,https://www.themoviedb.org/person/71070,0.82,70.2,66.5,105.19,98.52,2.52,341097
act-4589,Benjamin Bratt,BEBR,Actor,Actor • 19 sampled film credits,TMDB 5000 credits sample,https://www.themoviedb.org/person/4589,0.82,70.1,66.5,105.09,106.84,5.63,314061
act-2037,Cillian Murphy,CIMU,Actor,Actor • 17 sampled film credits,TMDB 5000 credits sample,https://www.themoviedb.org/person/2037,0.82,70.2,66.5,105.22,112.15,-5.51,349481
act-2628,Kiefer Sutherland,KISU,Actor,Actor • 19 sampled film credits,TMDB 5000 credits sample,https://www.themoviedb.org/person/2628,0.82,70.1,66.5,104.97,116.65,-3.73,289288
act-8436,Miranda Richardson,MIRI,Actor,Actor • 17 sampled film credits,TMDB 5000 credits sample,https://www.themoviedb.org/person/8436,0.82,70.1,66.5,104.98,105.7,7.47,274734
act-16828,Chris Evans,CHEV,Actor,Actor • 18 sampled film credits,TMDB 5000 credits sample,https://www.themoviedb.org/person/16828,0.82,70.0,66.4,104.76,106.82,4.28,545465
act-1771,Giovanni Ribisi,GIR2,Actor,Actor • 24 sampled film credits,TMDB 5000 credits sample,https://www.themoviedb.org/person/1771,0.82,70.0,66.4,104.69,98.94,-7.43,361067
act-1810,Heath Ledger,HELE,Actor,Actor • 12 sampled film credits,TMDB 5000 credits sample,https://www.themoviedb.org/person/1810,0.82,70.0,66.4,104.69,105.37,-2.93,323170
act-2201,Max von Sydow,MASY,Actor,Actor • 18 sampled film credits,TMDB 5000 credits sample,https://www.themoviedb.org/person/2201,0.82,70.0,66.4,104.84,111.18,0.31,486831
act-335,Michael Shannon,MISH,Actor,Actor • 31 sampled film credits,TMDB 5000 credits sample,https://www.themoviedb.org/person/335,0.82,70.0,66.4,104.69,119.71,-3.05,330521
act-17647,Michelle Rodriguez,MIR3,Actor,Actor • 13 sampled film credits,TMDB 5000 credits sample,https://www.themoviedb.org/person/17647,0.82,70.0,66.4,104.84,109.72,1.89,423922
act-4935,Pete Postlethwaite,PEPO,Actor,Actor • 17 sampled film credits,TMDB 5000 credits sample,https://www.themoviedb.org/person/4935,0.82,70.0,66.4,104.72,115.79,-0.07,349167
act-16431,Sam Elliott,SAEL,Actor,Actor • 17 sampled film credits,TMDB 5000 credits sample,https://www.themoviedb.org/person/16431,0.82,70.0,66.4,104.79,114.79,-4.06,478424
act-2395,Whoopi Goldberg,WHGO,Actor,Actor • 28 sampled film credits,TMDB 5000 credits sample,https://www.themoviedb.org/person/2395,0.82,70.0,66.4,104.76,95.87,7.71,321961
act-18976,Ashton Kutcher,ASKU,Actor,Actor • 18 sampled film credits,TMDB 5000 credits sample,https://www.themoviedb.org/person/18976,0.82,69.8,66.3,104.32,110.05,7.51,251883
act-11357,Bruce Campbell,BRCA,Actor,Actor • 21 sampled film credits,TMDB 5000 credits sample,https://www.themoviedb.org/person/11357,0.82,69.9,66.3,104.48,115.41,-1.68,436378
act-14888,Bruce McGill,BRM2,Actor,Actor • 24 sampled film credits,TMDB 5000 credits sample,https://www.themoviedb.org/person/14888,0.82,69.9,66.3,104.5,112.06,-1.85,478177
act-8945,Kevin Kline,KEKL,Actor,Actor • 20 sampled film credits,TMDB 5000 credits sample,https://www.themoviedb.org/person/8945,0.82,69.8,66.3,104.28,95.78,5.81,276352
act-11616,Olivia Williams,OLW2,Actor,Actor • 15 sampled film credits,TMDB 5000 credits sample,https://www.themoviedb.org/person/11616,0.82,69.8,66.3,104.29,113.27,-0.6,210727
act-8289,Billy Crudup,BICR,Actor,Actor • 15 sampled film credits,TMDB 5000 credits sample,https://www.themoviedb.org/person/8289,0.82,69.8,66.2,104.09,110.91,6.43,451319
act-9278,Jennifer Garner,JEG2,Actor,Actor • 16 sampled film credits,TMDB 5000 credits sample,https://www.themoviedb.org/person/9278,0.82,69.8,66.2,104.09,114.94,-7.42,497535
act-532,Joe Pantoliano,JOP4,Actor,Actor • 17 sampled film credits,TMDB 5000 credits sample,https://www.themoviedb.org/person/532,0.82,69.8,66.2,104.09,117.23,-6.07,439364
act-11512,John Heard,JOH6,Actor,Actor • 19 sampled film credits,TMDB 5000 credits sample,https://www.themoviedb.org/person/11512,0.82,69.8,66.2,104.11,117.94,-0.85,326541
act-12041,Julia Stiles,JUST,Actor,Actor • 19 sampled film credits,TMDB 5000 credits sample,https://www.themoviedb.org/person/12041,0.82,69.8,66.2,104.12,114.06,-5.06,244087
act-1372,Karl Urban,KAUR,Actor,Actor • 17 sampled film credits,TMDB 5000 credits sample,https://www.themoviedb.org/person/1372,0.82,69.7,66.2,103.97,99.51,1.39,521143
act-36801,Adam Scott,ADSC,Actor,Actor • 19 sampled film credits,TMDB 5000 credits sample,https://www.themoviedb.org/person/36801,0.82,69.7,66.1,103.92,105.54,-6.14,420794
act-44079,Charlotte Rampling,CHR3,Actor,Actor • 13 sampled film credits,TMDB 5000 credits sample,https://www.themoviedb.org/person/44079,0.82,69.6,66.1,103.77,121.74,-5.71,344514
act-9599,Cloris Leachman,CLLE,Actor,Actor • 23 sampled film credits,TMDB 5000 credits sample,https://www.themoviedb.org/person/9599,0.82,69.6,66.1,103.72,95.95,2.34,454659
act-6486,Dan Hedaya,DAHE,Actor,Actor • 21 sampled film credits,TMDB 5000 credits sample,https://www.themoviedb.org/person/6486,0.82,69.6,66.1,103.76,100.88,3.95,477775
act-1896,Don Cheadle,DOCH,Actor,Actor • 24 sampled film credits,TMDB 5000 credits sample,https://www.themoviedb.org/person/1896,0.82,69.6,66.1,103.79,116.59,-2.66,365422
act-65,Ian Holm,IAHO,Actor,Actor • 22 sampled film credits,TMDB 5000 credits sample,https://www.themoviedb.org/person/65,0.82,69.6,66.1,103.66,103.85,5.15,331219
act-8349,Martin Sheen,MAS4,Actor,Actor • 23 sampled film credits,TMDB 5000 credits sample,https://www.themoviedb.org/person/8349,0.82,69.6,66.1,103.63,111.27,-1.02,477757
act-1619,Chow Yun-fat,CHYU,Actor,Actor • 9 sampled film credits,TMDB 5000 credits sample,https://www.themoviedb.org/person/1619,0.82,69.5,66.0,103.48,120.07,8.4,241204
act-13550,Elias Koteas,ELKO,Actor,Actor • 26 sampled film credits,TMDB 5000 credits sample,https://www.themoviedb.org/person/13550,0.82,69.5,66.0,103.42,93.56,-3.99,279845
act-8924,Frank Langella,FRL2,Actor,Actor • 18 sampled film credits,TMDB 5000 credits sample,https://www.themoviedb.org/person/8924,0.82,69.5,66.0,103.43,109.47,-1.38,463668
act-515,Glenn Close,GLCL,Actor,Actor • 15 sampled film credits,TMDB 5000 credits sample,https://www.themoviedb.org/person/515,0.82,69.5,66.0,103.43,113.58,-6.97,475633
act-1003,Jean Reno,JERE,Actor,Actor • 17 sampled film credits,TMDB 5000 credits sample,https://www.themoviedb.org/person/1003,0.82,69.5,66.0,103.43,99.6,-6.07,415334
act-3392,Michael Douglas,MIDO,Actor,Actor • 18 sampled film credits,TMDB 5000 credits sample,https://www.themoviedb.org/person/3392,0.82,69.5,66.0,103.4,111.34,-5.87,356361
act-12835,Vin Diesel,VIDI,Actor,Actor • 19 sampled film credits,TMDB 5000 credits sample,https://www.themoviedb.org/person/12835,0.82,69.5,66.0,103.38,113.14,-0.99,259227
act-212,David Cross,DAC2,Actor,Actor • 22 sampled film credits,TMDB 5000 credits sample,https://www.themoviedb.org/person/212,0.82,69.3,65.9,102.96,117.54,-5.19,323351
act-10825,Donal Logue,DOLO,Actor,Actor • 17 sampled film credits,TMDB 5000 credits sample,https://www.themoviedb.org/person/10825,0.82,69.3,65.9,102.96,113.94,6.97,337627
act-6164,Josh Lucas,JOLU,Actor,Actor • 17 sampled film credits,TMDB 5000 credits sample,https://www.themoviedb.org/person/6164,0.82,69.4,65.9,103.12,116.39,-7.48,279600
act-1579,Maggie Gyllenhaal,MAGY,Actor,Actor • 20 sampled film credits,TMDB 5000 credits sample,https://www.themoviedb.org/person/1579,0.82,69.3,65.9,102.97,92.94,0.04,510971
act-30614,Ryan Gosling,RYGO,Actor,Actor • 16 sampled film credits,TMDB 5000 credits sample,https://www.themoviedb.org/person/30614,0.82,69.4,65.9,103.21,101.01,-3.4,375665
act-520,Sarah Jessica Parker,SAP2,Actor,Actor • 14 sampled film credits,TMDB 5000 credits sample,https://www.themoviedb.org/person/520,0.82,69.4,65.9,103.23,115.54,0.21,455841
act-11826,Selma Blair,SEBL,Actor,Actor • 14 sampled film credits,TMDB 5000 credits sample,https://www.themoviedb.org/person/11826,0.82,69.3,65.9,102.95,106.25,8.24,317343
act-21028,Anton Yelchin,ANYE,Actor,Actor • 19 sampled film credits,TMDB 5000 credits sample,https://www.themoviedb.org/person/21028,0.82,69.3,65.8,102.79,114.69,6.29,315638
act-7904,Billy Crystal,BIC2,Actor,Actor • 14 sampled film credits,TMDB 5000 credits sample,https://www.themoviedb.org/person/7904,0.82,69.3,65.8,102.77,98.67,4.95,357051
act-4808,Giancarlo Esposito,GIES,Actor,Actor • 20 sampled film credits,TMDB 5000 credits sample,https://www.themoviedb.org/person/4808,0.82,69.2,65.8,102.68,100.94,-4.18,251365
act-1331,Hugo Weaving,HUWE,Actor,Actor • 21 sampled film credits,TMDB 5000 credits sample,https://www.themoviedb.org/person/1331,0.82,69.3,65.8,102.86,98.82,6.82,424941
act-1327,Ian McKellen,IAMC,Actor,Actor • 20 sampled film credits,TMDB 5000 credits sample,https://www.themoviedb.org/person/1327,0.82,69.3,65.8,102.78,95.08,-2.93,342092
act-61981,Michael Clarke Duncan,MIDU,Actor,Actor • 25 sampled film credits,TMDB 5000 credits sample,https://www.themoviedb.org/person/61981,0.82,69.3,65.8,102.88,97.28,5.06,281721
act-8177,Michael Ealy,MIEA,Actor,Actor • 14 sampled film credits,TMDB 5000 credits sample,https://www.themoviedb.org/person/8177,0.82,69.2,65.8,102.7,117.74,3.1,410795
act-1812,Michelle Williams,MIWI,Actor,Actor • 14 sampled film credits,TMDB 5000 credits sample,https://www.themoviedb.org/person/1812,0.82,69.2,65.8,102.67,116.79,1.97,389376
act-955,Penélope Cruz,PEC2,Actor,Actor • 19 sampled film credits,TMDB 5000 credits sample,https://www.themoviedb.org/person/955,0.82,69.3,65.8,102.88,98.84,0.83,273486
act-17637,Taye Diggs,TADI,Actor,Actor • 15 sampled film credits,TMDB 5000 credits sample,https://www.themoviedb.org/person/17637,0.82,69.2,65.8,102.65,99.69,4.3,390756
act-8169,Tyrese Gibson,TYGI,Actor,Actor • 13 sampled film credits,TMDB 5000 credits sample,https://www.themoviedb.org/person/8169,0.82,69.2,65.8,102.68,118.58,-0.11,449393
act-5657,Anjelica Huston,ANH3,Actor,Actor • 15 sampled film credits,TMDB 5000 credits sample,https://www.themoviedb.org/person/5657,0.82,69.1,65.7,102.44,112.35,3.45,392639
act-9046,Chazz Palminteri,CHP2,Actor,Actor • 16 sampled film credits,TMDB 5000 credits sample,https://www.themoviedb.org/person/9046,0.82,69.2,65.7,102.5,109.24,5.03,459185
act-501,Dakota Fanning,DAFA,Actor,Actor • 16 sampled film credits,TMDB 5000 credits sample,https://www.themoviedb.org/person/501,0.82,69.2,65.7,102.54,106.49,4.18,291122
act-52792,Maya Rudolph,MAR6,Actor,Actor • 19 sampled film credits,TMDB 5000 credits sample,https://www.themoviedb.org/person/52792,0.82,69.2,65.7,102.47,105.57,2.64,378669
act-12073,Mike Myers,MIMY,Actor,Actor • 13 sampled film credits,TMDB 5000 credits sample,https://www.themoviedb.org/person/12073,0.82,69.1,65.7,102.33,101.06,4.51,386136
act-194,Richard Harris,RIHA,Actor,Actor • 10 sampled film credits,TMDB 5000 credits sample,https://www.themoviedb.org/person/194,0.82,69.1,65.7,102.42,112.94,2.02,367836
act-585,Rutger Hauer,RUHA,Actor,Actor • 10 sampled film credits,TMDB 5000 credits sample,https://www.themoviedb.org/person/585,0.82,69.2,65.7,102.47,109.21,8.02,397701
act-17773,Gabrielle Union,GAUN,Actor,Actor • 19 sampled film credits,TMDB 5000 credits sample,https://www.themoviedb.org/person/17773,0.82,69.1,65.6,102.25,101.31,7.31,428070
act-83002,Jessica Chastain,JEC2,Actor,Actor • 13 sampled film credits,TMDB 5000 credits sample,https://www.themoviedb.org/person/83002,0.82,69.0,65.6,101.99,108.13,-7.5,340279
act-40462,Kristen Bell,KRB2,Actor,Actor • 16 sampled film credits,TMDB 5000 credits sample,https://www.themoviedb.org/person/40462,0.82,69.0,65.6,102.01,101.58,1.31,431818
act-51944,Mike Epps,MIEP,Actor,Actor • 19 sampled film credits,TMDB 5000 credits sample,https://www.themoviedb.org/person/51944,0.82,69.1,65.6,102.25,98.39,9.48,237539
act-57599,Seann William Scott,SESC,Actor,Actor • 20 sampled film credits,TMDB 5000 credits sample,https://www.themoviedb.org/person/57599,0.82,69.0,65.6,102.08,101.21,2.42,262382
act-15111,Jean-Claude Van Damme,JED2,Actor,Actor • 16 sampled film credits,TMDB 5000 credits sample,https://www.themoviedb.org/person/15111,0.82,68.9,65.5,101.79,103.36,-3.69,400976
act-2641,Martin Landau,MAL3,Actor,Actor • 16 sampled film credits,TMDB 5000 credits sample,https://www.themoviedb.org/person/2641,0.82,68.9,65.5,101.67,107.32,-3.64,327639
act-9030,Thandie Newton,THNE,Actor,Actor • 15 sampled film credits,TMDB 5000 credits sample,https://www.themoviedb.org/person/9030,0.82,68.9,65.5,101.68,111.24,-2.03,321351
act-328,Brittany Murphy,BRMU,Actor,Actor • 16 sampled film credits,TMDB 5000 credits sample,https://www.themoviedb.org/person/328,0.82,68.8,65.4,101.49,111.97,8.82,478177
act-27319,Christoph Waltz,CHW2,Actor,Actor • 13 sampled film credits,TMDB 5000 credits sample,https://www.themoviedb.org/person/27319,0.82,68.8,65.4,101.41,105.68,5.28,456702
act-9560,Ellen Burstyn,ELB2,Actor,Actor • 12 sampled film credits,TMDB 5000 credits sample,https://www.themoviedb.org/person/9560,0.82,68.8,65.4,101.51,98.22,8.6,335416
act-4691,James Gandolfini,JAGA,Actor,Actor • 18 sampled film credits,TMDB 5000 credits sample,https://www.themoviedb.org/person/4691,0.82,68.7,65.4,101.35,103.13,4.23,260638
act-17265,Hayden Panettiere,HAPA,Actor,Actor • 13 sampled film credits,TMDB 5000 credits sample,https://www.themoviedb.org/person/17265,0.82,68.7,65.3,101.27,108.7,-1.02,412804
act-55638,Kevin Hart,KEHA,Actor,Actor • 23 sampled film credits,TMDB 5000 credits sample,https://www.themoviedb.org/person/55638,0.82,68.6,65.3,101.05,106.91,-6.57,258542
act-2206,Samantha Morton,SAMO,Actor,Actor • 13 sampled film credits,TMDB 5000 credits sample,https://www.themoviedb.org/person/2206,0.82,68.6,65.3,101.01,94.46,-1.85,309718
act-1533,Andie MacDowell,ANM3,Actor,Actor • 13 sampled film credits,TMDB 5000 credits sample,https://www.themoviedb.org/person/1533,0.82,68.6,65.2,100.96,113.91,1.19,461624
act-1062,Christopher Lloyd,CHLL,Actor,Actor • 20 sampled film credits,TMDB 5000 credits sample,https://www.themoviedb.org/person/1062,0.82,68.6,65.2,100.96,102.46,-2.1,492204
act-33,Gary Sinise,GASI,Actor,Actor • 13 sampled film credits,TMDB 5000 credits sample,https://www.themoviedb.org/person/33,0.82,68.6,65.2,100.87,103.33,8.4,259453
act-7499,Jared Leto,JAL3,Actor,Actor • 14 sampled film credits,TMDB 5000 credits sample,https://www.themoviedb.org/person/7499,0.82,68.5,65.2,100.78,110.77,2.24,305028
act-11355,Jason Isaacs,JAIS,Actor,Actor • 22 sampled film credits,TMDB 5000 credits sample,https://www.themoviedb.org/person/11355,0.82,68.5,65.2,100.79,92.76,1.17,280281
act-7166,Kevin Pollak,KEPO,Actor,Actor • 23 sampled film credits,TMDB 5000 credits sample,https://www.themoviedb.org/person/7166,0.82,68.5,65.2,100.69,104.69,8.34,416905
act-147,Michael Madsen,MIMA,Actor,Actor • 18 sampled film credits,TMDB 5000 credits sample,https://www.themoviedb.org/person/147,0.82,68.6,65.2,100.88,102.13,-2.5,412377
act-11705,Michelle Monaghan,MIM2,Actor,Actor • 16 sampled film credits,TMDB 5000 credits sample,https://www.themoviedb.org/person/11705,0.82,68.5,65.2,100.72,106.77,5.76,333402
act-9626,Rip Torn,RITO,Actor,Actor • 14 sampled film credits,TMDB 5000 credits sample,https://www.themoviedb.org/person/9626,0.82,68.5,65.2,100.72,98.82,-0.6,303450
act-530,Carrie-Anne Moss,CAM2,Actor,Actor • 15 sampled film credits,TMDB 5000 credits sample,https://www.themoviedb.org/person/530,0.82,68.4,65.1,100.53,98.74,-4.51,295573
act-8785,Ciarán Hinds,CIHI,Actor,Actor • 24 sampled film credits,TMDB 5000 credits sample,https://www.themoviedb.org/person/8785,0.82,68.4,65.1,100.54,96.89,6.09,279213
act-4765,Jason Robards,JAR2,Actor,Actor • 12 sampled film credits,TMDB 5000 credits sample,https://www.themoviedb.org/person/4765,0.82,68.4,65.1,100.48,106.83,4.32,427196
act-14406,Lisa Kudrow,LIKU,Actor,Actor • 14 sampled film credits,TMDB 5000 credits sample,https://www.themoviedb.org/person/14406,0.82,68.4,65.1,100.51,114.81,3.33,326422
act-2712,Michael Biehn,MIBI,Actor,Actor • 13 sampled film credits,TMDB 5000 credits sample,https://www.themoviedb.org/person/2712,0.82,68.4,65.1,100.55,100.65,1.71,345654
act-2387,Patrick Stewart,PAST,Actor,Actor • 23 sampled film credits,TMDB 5000 credits sample,https://www.themoviedb.org/person/2387,0.82,68.4,65.1,100.4,95.3,7.71,280539
act-17142,Paul Dano,PADA,Actor,Actor • 15 sampled film credits,TMDB 5000 credits sample,https://www.themoviedb.org/person/17142,0.82,68.4,65.1,100.54,100.48,6.56,372813
act-39658,Sally Hawkins,SAH2,Actor,Actor • 11 sampled film credits,TMDB 5000 credits sample,https://www.themoviedb.org/person/39658,0.82,68.4,65.1,100.43,110.28,8.3,391166
act-21594,Chris Klein,CHKL,Actor,Actor • 10 sampled film credits,TMDB 5000 credits sample,https://www.themoviedb.org/person/21594,0.82,68.3,65.0,100.15,104.66,0.06,397886
act-9048,Clark Gregg,CLGR,Actor,Actor • 21 sampled film credits,TMDB 5000 credits sample,https://www.themoviedb.org/person/9048,0.82,68.3,65.0,100.08,116.65,4.63,310320
act-60950,David Spade,DASP,Actor,Actor • 15 sampled film credits,TMDB 5000 credits sample,https://www.themoviedb.org/person/60950,0.82,68.3,65.0,100.23,105.54,-4.91,238570
act-9824,Diane Kruger,DIKR,Actor,Actor • 12 sampled film credits,TMDB 5000 credits sample,https://www.themoviedb.org/person/9824,0.82,68.3,65.0,100.25,92.52,5.26,444016
act-938,Djimon Hounsou,DJHO,Actor,Actor • 18 sampled film credits,TMDB 5000 credits sample,https://www.themoviedb.org/person/938,0.82,68.3,65.0,100.15,108.98,-6.0,476312
act-26457,Matthew Lillard,MALI,Actor,Actor • 18 sampled film credits,TMDB 5000 credits sample,https://www.themoviedb.org/person/26457,0.82,68.3,65.0,100.21,103.74,-7.48,428530
act-4135,Robert Redford,RORE,Actor,Actor • 15 sampled film credits,TMDB 5000 credits sample,https://www.themoviedb.org/person/4135,0.82,68.3,65.0,100.09,101.96,5.01,259291
act-1462,Tim Blake Nelson,TINE,Actor,Actor • 22 sampled film credits,TMDB 5000 credits sample,https://www.themoviedb.org/person/1462,0.82,68.3,65.0,100.26,106.46,4.03,338494
act-72129,Jennifer Lawrence,JEL2,Actor,Actor • 15 sampled film credits,TMDB 5000 credits sample,https://www.themoviedb.org/person/72129,0.82,68.2,64.9,99.95,93.82,-6.82,260525
act-3196,Juliette Lewis,JULE,Actor,Actor • 15 sampled film credits,TMDB 5000 credits sample,https://www.themoviedb.org/person/3196,0.82,68.2,64.9,99.86,114.46,-6.62,367864
act-21200,Will Arnett,WIAR,Actor,Actor • 19 sampled film credits,TMDB 5000 credits sample,https://www.themoviedb.org/person/21200,0.82,68.2,64.9,99.82,110.86,5.11,390465
act-9780,Angela Bassett,ANB3,Actor,Actor • 20 sampled film credits,TMDB 5000 credits sample,https://www.themoviedb.org/person/9780,0.82,68.0,64.8,99.47,108.34,-2.7,487074
act-17764,Charles S. Dutton,CHDU,Actor,Actor • 13 sampled film credits,TMDB 5000 credits sample,https://www.themoviedb.org/person/17764,0.82,68.1,64.8,99.65,99.39,5.06,459824
act-18686,Holly Hunter,HOHU,Actor,Actor • 13 sampled film credits,TMDB 5000 credits sample,https://www.themoviedb.org/person/18686,0.82,68.1,64.8,99.7,90.33,6.74,447837
act-17183,Jackie Earle Haley,JAHA,Actor,Actor • 14 sampled film credits,TMDB 5000 credits sample,https://www.themoviedb.org/person/17183,0.82,68.0,64.8,99.4,106.94,8.37,324315
act-5470,Kristin Scott Thomas,KRTH,Actor,Actor • 14 sampled film credits,TMDB 5000 credits sample,https://www.themoviedb.org/person/5470,0.82,68.1,64.8,99.59,113.72,-1.6,335529
act-5606,Sissy Spacek,SISP,Actor,Actor • 15 sampled film credits,TMDB 5000 credits sample,https://www.themoviedb.org/person/5606,0.82,68.0,64.8,99.49,101.77,5.56,455647
act-8977,Craig T. Nelson,CRNE,Actor,Actor • 13 sampled film credits,TMDB 5000 credits sample,https://www.themoviedb.org/person/8977,0.82,67.9,64.7,99.17,114.41,1.71,252693
act-6972,Ian McShane,IAM2,Actor,Actor • 15 sampled film credits,TMDB 5000 credits sample,https://www.themoviedb.org/person/6972,0.82,67.9,64.7,99.13,97.53,-1.92,413561
act-9575,Jada Pinkett Smith,JASM,Actor,Actor • 20 sampled film credits,TMDB 5000 credits sample,https://www.themoviedb.org/person/9575,0.82,67.9,64.7,99.14,104.83,-6.64,466283
act-9206,Neve Campbell,NECA,Actor,Actor • 11 sampled film credits,TMDB 5000 credits sample,https://www.themoviedb.org/person/9206,0.82,67.9,64.7,99.12,94.78,1.64,271953
act-7489,Parker Posey,PAP2,Actor,Actor • 17 sampled film credits,TMDB 5000 credits sample,https://www.themoviedb.org/person/7489,0.82,67.9,64.7,99.21,93.22,-0.35,485220
act-4581,Steve Coogan,STC3,Actor,Actor • 19 sampled film credits,TMDB 5000 credits sample,https://www.themoviedb.org/person/4581,0.82,67.9,64.7,99.24,112.44,-3.28,341928
act-980,Vinnie Jones,VIJO,Actor,Actor • 13 sampled film credits,TMDB 5000 credits sample,https://www.themoviedb.org/person/980,0.82,67.9,64.7,99.16,100.68,2.8,314605
act-6574,Clancy Brown,CLB2,Actor,Actor • 16 sampled film credits,TMDB 5000 credits sample,https://www.themoviedb.org/person/6574,0.82,67.8,64.6,98.85,109.21,8.55,401107
act-6413,Danny Huston,DAHU,Actor,Actor • 20 sampled film credits,TMDB 5000 credits sample,https://www.themoviedb.org/person/6413,0.82,67.8,64.6,98.78,91.68,5.56,457259
act-5958,Hilary Duff,HIDU,Actor,Actor • 9 sampled film credits,TMDB 5000 credits sample,https://www.themoviedb.org/person/5958,0.82,67.8,64.6,98.78,98.58,5.54,290977
act-20750,Judy Greer,JUG2,Actor,Actor • 28 sampled film credits,TMDB 5000 credits sample,https://www.themoviedb.org/person/20750,0.82,67.8,64.6,98.89,92.27,-4.51,386608
act-11661,Kate Hudson,KAHU,Actor,Actor • 18 sampled film credits,TMDB 5000 credits sample,https://www.themoviedb.org/person/11661,0.82,67.9,64.6,99.03,98.67,-4.29,354282
act-17696,Kathryn Hahn,KAHA,Actor,Actor • 19 sampled film credits,TMDB 5000 credits sample,https://www.themoviedb.org/person/17696,0.82,67.9,64.6,99.02,101.8,-5.02,467817
act-11181,Kenneth Branagh,KEB2,Actor,Actor • 12 sampled film credits,TMDB 5000 credits sample,https://www.themoviedb.org/person/11181,0.82,67.8,64.6,98.8,111.36,-4.97,421671
act-589,Daryl Hannah,DAHA,Actor,Actor • 14 sampled film credits,TMDB 5000 credits sample,https://www.themoviedb.org/person/589,0.82,67.7,64.5,98.6,104.36,-6.5,441133
act-1902,Dianne Wiest,DIWI,Actor,Actor • 14 sampled film credits,TMDB 5000 credits sample,https://www.themoviedb.org/person/1902,0.82,67.7,64.5,98.5,95.16,-4.03,345654
act-5048,Harry Dean Stanton,HAST,Actor,Actor • 22 sampled film credits,TMDB 5000 credits sample,https://www.themoviedb.org/person/5048,0.82,67.7,64.5,98.6,98.37,7.31,317517
act-9994,Helen Hunt,HEHU,Actor,Actor • 11 sampled film credits,TMDB 5000 credits sample,https://www.themoviedb.org/person/9994,0.82,67.7,64.5,98.51,93.13,5.01,493896
act-2505,James Cromwell,JACR,Actor,Actor • 23 sampled film credits,TMDB 5000 credits sample,https://www.themoviedb.org/person/2505,0.82,67.7,64.5,98.66,100.83,-5.54,244540
act-4785,Jeff Goldblum,JEGO,Actor,Actor • 20 sampled film credits,TMDB 5000 credits sample,https://www.themoviedb.org/person/4785,0.82,67.7,64.5,98.67,102.32,0.03,463998
act-4517,Joe Pesci,JOP3,Actor,Actor • 12 sampled film credits,TMDB 5000 credits sample,https://www.themoviedb.org/person/4517,0.82,67.6,64.5,98.45,101.51,7.04,358340
act-33192,Joel Edgerton,JOED,Actor,Actor • 13 sampled film credits,TMDB 5000 credits sample,https://www.themoviedb.org/person/33192,0.82,67.7,64.5,98.51,111.13,-0.8,319218
act-8211,Mena Suvari,MES2,Actor,Actor • 16 sampled film credits,TMDB 5000 credits sample,https://www.themoviedb.org/person/8211,0.82,67.6,64.5,98.42,93.52,3.25,431799
act-11109,Nick Frost,NIFR,Actor,Actor • 12 sampled film credits,TMDB 5000 credits sample,https://www.themoviedb.org/person/11109,0.82,67.7,64.5,98.51,96.73,5.4,391596
act-10959,Shia LaBeouf,SHLA,Actor,Actor • 16 sampled film credits,TMDB 5000 credits sample,https://www.themoviedb.org/person/10959,0.82,67.7,64.5,98.69,109.69,-2.78,405575
act-18992,Aidan Quinn,AIQU,Actor,Actor • 14 sampled film credits,TMDB 5000 credits sample,https://www.themoviedb.org/person/18992,0.82,67.6,64.4,98.31,94.01,-7.25,458964
act-62064,Chris Pine,CHPI,Actor,Actor • 16 sampled film credits,TMDB 5000 credits sample,https://www.themoviedb.org/person/62064,0.82,67.6,64.4,98.29,102.08,-1.53,446102
act-9205,Denise Richards,DERI,Actor,Actor • 11 sampled film credits,TMDB 5000 credits sample,https://www.themoviedb.org/person/9205,0.82,67.6,64.4,98.32,101.6,6.21,215704
act-1925,Vincent Cassel,VICA,Actor,Actor • 16 sampled film credits,TMDB 5000 credits sample,https://www.themoviedb.org/person/1925,0.82,67.5,64.4,98.19,98.22,7.92,403246
act-2535,Vivica A. Fox,VIFO,Actor,Actor • 16 sampled film credits,TMDB 5000 credits sample,https://www.themoviedb.org/person/2535,0.82,67.5,64.4,98.2,107.53,-0.19,408757
act-4239,Yasiin Bey,YABE,Actor,Actor • 13 sampled film credits,TMDB 5000 credits sample,https://www.themoviedb.org/person/4239,0.82,67.5,64.4,98.22,96.38,6.51,231206
act-56734,Chloë Grace Moretz,CHMO,Actor,Actor • 20 sampled film credits,TMDB 5000 credits sample,https://www.themoviedb.org/person/56734,0.82,67.5,64.3,98.09,90.45,-2.17,429923
act-5724,Denis Leary,DELE,Actor,Actor • 13 sampled film credits,TMDB 5000 credits sample,https://www.themoviedb.org/person/5724,0.82,67.4,64.3,97.94,103.96,2.75,288106
act-8944,Jamie Lee Curtis,JAC3,Actor,Actor • 14 sampled film credits,TMDB 5000 credits sample,https://www.themoviedb.org/person/8944,0.82,67.4,64.3,97.96,98.38,-5.22,227641
act-1244,Jonathan Rhys Meyers,JOM7,Actor,Actor • 15 sampled film credits,TMDB 5000 credits sample,https://www.themoviedb.org/person/1244,0.82,67.5,64.3,98.07,94.13,-5.62,491272
act-1121,Benicio del Toro,BET2,Actor,Actor • 24 sampled film credits,TMDB 5000 credits sample,https://www.themoviedb.org/person/1121,0.82,67.3,64.2,97.57,92.25,-4.84,249637
act-5294,Chiwetel Ejiofor,CHEJ,Actor,Actor • 16 sampled film credits,TMDB 5000 credits sample,https://www.themoviedb.org/person/5294,0.82,67.3,64.2,97.61,100.79,-1.57,375050
act-521,Michael J. Fox,MIFO,Actor,Actor • 11 sampled film credits,TMDB 5000 credits sample,https://www.themoviedb.org/person/521,0.82,67.3,64.2,97.51,112.08,-6.02,359688
act-996701,Miles Teller,MITE,Actor,Actor • 10 sampled film credits,TMDB 5000 credits sample,https://www.themoviedb.org/person/996701,0.82,67.3,64.2,97.6,102.22,2.85,335983
act-1748,William Shatner,WISH,Actor,Actor • 17 sampled film credits,TMDB 5000 credits sample,https://www.themoviedb.org/person/1748,0.82,67.3,64.2,97.62,103.82,0.43,220152
act-17303,Ali Larter,ALLA,Actor,Actor • 12 sampled film credits,TMDB 5000 credits sample,https://www.themoviedb.org/person/17303,0.82,67.2,64.1,97.44,97.41,4.05,278005
act-15852,Ashley Judd,ASJU,Actor,Actor • 19 sampled film credits,TMDB 5000 credits sample,https://www.themoviedb.org/person/15852,0.82,67.2,64.1,97.25,106.6,-7.48,360419
act-6905,Bruce Dern,BRDE,Actor,Actor • 17 sampled film credits,TMDB 5000 credits sample,https://www.themoviedb.org/person/6905,0.82,67.2,64.1,97.38,95.13,-4.38,322259
act-36662,Carey Mulligan,CAMU,Actor,Actor • 12 sampled film credits,TMDB 5000 credits sample,https://www.themoviedb.org/person/36662,0.82,67.1,64.1,97.15,96.42,6.29,363412
act-3910,Frances McDormand,FRMC,Actor,Actor • 15 sampled film credits,TMDB 5000 credits sample,https://www.themoviedb.org/person/3910,0.82,67.2,64.1,97.36,91.51,-3.69,224060
act-9828,Garrett Hedlund,GAH2,Actor,Actor • 11 sampled film credits,TMDB 5000 credits sample,https://www.themoviedb.org/person/9828,0.82,67.2,64.1,97.39,105.56,-6.98,388541
act-18688,Harry Connick Jr.,HAJR,Actor,Actor • 10 sampled film credits,TMDB 5000 credits sample,https://www.themoviedb.org/person/18688,0.82,67.2,64.1,97.39,103.41,-1.24,273640
act-2453,Mary Steenburgen,MAS6,Actor,Actor • 17 sampled film credits,TMDB 5000 credits sample,https://www.themoviedb.org/person/2453,0.82,67.2,64.1,97.21,100.41,5.53,320322
act-15091,Melanie Lynskey,MELY,Actor,Actor • 16 sampled film credits,TMDB 5000 credits sample,https://www.themoviedb.org/person/15091,0.82,67.2,64.1,97.27,96.44,5.26,390235
act-6832,Melissa Leo,MEL2,Actor,Actor • 19 sampled film credits,TMDB 5000 credits sample,https://www.themoviedb.org/person/6832,0.82,67.2,64.1,97.18,106.6,-2.02,492186
act-11315,Noah Emmerich,NOEM,Actor,Actor • 16 sampled film credits,TMDB 5000 credits sample,https://www.themoviedb.org/person/11315,0.82,67.2,64.1,97.34,105.26,0.93,390354
act-9657,Patrick Warburton,PAW2,Actor,Actor • 19 sampled film credits,TMDB 5000 credits sample,https://www.themoviedb.org/person/9657,0.82,67.2,64.1,97.29,102.25,2.84,420259
act-10989,Rupert Grint,RUGR,Actor,Actor • 8 sampled film credits,TMDB 5000 credits sample,https://www.themoviedb.org/person/10989,0.82,67.2,64.1,97.42,106.43,-1.3,418669
act-2524,Tom Hardy,TOH2,Actor,Actor • 16 sampled film credits,TMDB 5000 credits sample,https://www.themoviedb.org/person/2524,0.82,67.1,64.1,97.17,94.61,-7.05,325901
act-13333,Vanessa Redgrave,VARE,Actor,Actor • 18 sampled film credits,TMDB 5000 credits sample,https://www.themoviedb.org/person/13333,0.82,67.2,64.1,97.35,95.36,-5.44,486731
act-58225,Zach Galifianakis,ZAGA,Actor,Actor • 19 sampled film credits,TMDB 5000 credits sample,https://www.themoviedb.org/person/58225,0.82,67.2,64.1,97.19,101.66,-6.59,468222
act-55085,Amber Heard,AMH3,Actor,Actor • 12 sampled film credits,TMDB 5000 credits sample,https://www.themoviedb.org/person/55085,0.82,67.1,64.0,97.1,103.92,-1.22,404971
act-1893,Casey Affleck,CAAF,Actor,Actor • 22 sampled film credits,TMDB 5000 credits sample,https://www.themoviedb.org/person/1893,0.82,67.1,64.0,97.03,101.42,3.47,318905
act-16855,Mandy Moore,MAMO,Actor,Actor • 14 sampled film credits,TMDB 5000 credits sample,https://www.themoviedb.org/person/16855,0.82,67.0,64.0,96.83,92.57,-0.89,312686
act-41686,Neil Patrick Harris,NEHA,Actor,Actor • 16 sampled film credits,TMDB 5000 credits sample,https://www.themoviedb.org/person/41686,0.82,67.1,64.0,96.97,91.6,8.9,360454
act-10822,Stephen Dorff,STDO,Actor,Actor • 15 sampled film credits,TMDB 5000 credits sample,https://www.themoviedb.org/person/10822,0.82,67.1,64.0,96.93,101.32,0.68,417453
act-12519,Virginia Madsen,VIMA,Actor,Actor • 14 sampled film credits,TMDB 5000 credits sample,https://www.themoviedb.org/person/12519,0.82,67.1,64.0,96.99,90.87,3.48,446297
act-35013,David Oyelowo,DAOY,Actor,Actor • 14 sampled film credits,TMDB 5000 credits sample,https://www.themoviedb.org/person/35013,0.82,67.0,63.9,96.75,94.82,8.65,385172
act-16644,Dolph Lundgren,DOLU,Actor,Actor • 11 sampled film credits,TMDB 5000 credits sample,https://www.themoviedb.org/person/16644,0.82,67.0,63.9,96.81,101.54,8.47,316086
act-46593,Emile Hirsch,EMHI,Actor,Actor • 14 sampled film credits,TMDB 5000 credits sample,https://www.themoviedb.org/person/46593,0.82,67.0,63.9,96.81,103.91,6.41,491652
act-7796,Illeana Douglas,ILDO,Actor,Actor • 16 sampled film credits,TMDB 5000 credits sample,https://www.themoviedb.org/person/7796,0.82,66.9,63.9,96.59,97.6,-2.05,304097
act-15277,Jon Favreau,JOF2,Actor,Actor • 22 sampled film credits,TMDB 5000 credits sample,https://www.themoviedb.org/person/15277,0.82,67.0,63.9,96.76,108.97,3.72,222976
act-56890,Malcolm McDowell,MAM3,Actor,Actor • 18 sampled film credits,TMDB 5000 credits sample,https://www.themoviedb.org/person/56890,0.82,67.0,63.9,96.72,102.98,-2.93,252009
act-12132,Michael Rooker,MIR2,Actor,Actor • 16 sampled film credits,TMDB 5000 credits sample,https://www.themoviedb.org/person/12132,0.82,66.9,63.9,96.51,85.3,1.96,446562
act-78729,Nathan Lane,NALA,Actor,Actor • 15 sampled film credits,TMDB 5000 credits sample,https://www.themoviedb.org/person/78729,0.82,67.0,63.9,96.74,108.94,-4.38,421552
act-114,Orlando Bloom,ORBL,Actor,Actor • 14 sampled film credits,TMDB 5000 credits sample,https://www.themoviedb.org/person/114,0.82,66.9,63.9,96.63,86.66,2.45,496103
act-3636,Paul Newman,PANE,Actor,Actor • 14 sampled film credits,TMDB 5000 credits sample,https://www.themoviedb.org/person/3636,0.82,66.9,63.9,96.62,110.02,-4.26,311258
act-4090,Shirley MacLaine,SHMA,Actor,Actor • 8 sampled film credits,TMDB 5000 credits sample,https://www.themoviedb.org/person/4090,0.82,67.0,63.9,96.72,106.21,-5.24,383180
act-67599,Vanessa Hudgens,VAHU,Actor,Actor • 12 sampled film credits,TMDB 5000 credits sample,https://www.themoviedb.org/person/67599,0.82,67.0,63.9,96.76,91.3,5.21,271644
act-56322,Amy Poehler,AMPO,Actor,Actor • 17 sampled film credits,TMDB 5000 credits sample,https://www.themoviedb.org/person/56322,0.82,66.8,63.8,96.34,91.78,3.68,307211
act-10132,Colm Feore,COFE,Actor,Actor • 17 sampled film credits,TMDB 5000 credits sample,https://www.themoviedb.org/person/10132,0.82,66.8,63.8,96.32,110.84,5.83,325581
act-6104,Julian Sands,JUS2,Actor,Actor • 10 sampled film credits,TMDB 5000 credits sample,https://www.themoviedb.org/person/6104,0.82,66.8,63.8,96.2,99.1,7.36,360631
act-36424,LL Cool J,LLJX,Actor,Actor • 12 sampled film credits,TMDB 5000 credits sample,https://www.themoviedb.org/person/36424,0.82,66.9,63.8,96.43,96.7,7.47,321816
act-10882,Rosamund Pike,ROPI,Actor,Actor • 14 sampled film credits,TMDB 5000 credits sample,https://www.themoviedb.org/person/10882,0.82,66.8,63.8,96.3,92.78,0.41,461468
act-3197,Tom Sizemore,TOSI,Actor,Actor • 18 sampled film credits,TMDB 5000 credits sample,https://www.themoviedb.org/person/3197,0.82,66.8,63.8,96.39,101.89,-5.44,425481
act-21088,Alan Tudyk,ALTU,Actor,Actor • 24 sampled film credits,TMDB 5000 credits sample,https://www.themoviedb.org/person/21088,0.82,66.7,63.7,96.03,91.27,-0.14,289236
act-1333,Andy Serkis,ANS3,Actor,Actor • 20 sampled film credits,TMDB 5000 credits sample,https://www.themoviedb.org/person/1333,0.82,66.7,63.7,95.93,102.89,-2.27,483459
act-8256,Anne Heche,ANHE,Actor,Actor • 14 sampled film credits,TMDB 5000 credits sample,https://www.themoviedb.org/person/8256,0.82,66.7,63.7,95.91,95.98,-1.47,356830
act-62862,Danny McBride,DAMC,Actor,Actor • 17 sampled film credits,TMDB 5000 credits sample,https://www.themoviedb.org/person/62862,0.82,66.6,63.7,95.88,102.05,2.01,462445
act-2882,Diane Lane,DILA,Actor,Actor • 16 sampled film credits,TMDB 5000 credits sample,https://www.themoviedb.org/person/2882,0.82,66.7,63.7,96.03,88.86,7.31,275008
act-12833,Edward Burns,EDBU,Actor,Actor • 14 sampled film credits,TMDB 5000 credits sample,https://www.themoviedb.org/person/12833,0.82,66.7,63.7,95.95,89.99,1.17,306226
act-10430,Fred Ward,FRWA,Actor,Actor • 16 sampled film credits,TMDB 5000 credits sample,https://www.themoviedb.org/person/10430,0.82,66.7,63.7,96.0,100.77,9.27,249590
act-26485,Jim Belushi,JIBE,Actor,Actor • 14 sampled film credits,TMDB 5000 credits sample,https://www.themoviedb.org/person/26485,0.82,66.7,63.7,96.07,107.96,6.39,428248
act-55536,Melissa McCarthy,MEMC,Actor,Actor • 17 sampled film credits,TMDB 5000 credits sample,https://www.themoviedb.org/person/55536,0.82,66.7,63.7,96.14,105.39,8.98,436229
act-8329,Radha Mitchell,RAM2,Actor,Actor • 14 sampled film credits,TMDB 5000 credits sample,https://www.themoviedb.org/person/8329,0.82,66.7,63.7,95.94,95.9,-5.37,280149
act-52997,Rob Corddry,ROCO,Actor,Actor • 19 sampled film credits,TMDB 5000 credits sample,https://www.themoviedb.org/person/52997,0.82,66.7,63.7,96.05,104.13,8.07,231811
act-53256,Terry Crews,TECR,Actor,Actor • 22 sampled film credits,TMDB 5000 credits sample,https://www.themoviedb.org/person/53256,0.82,66.7,63.7,96.14,94.82,2.02,432942
act-18050,Elle Fanning,ELFA,Actor,Actor • 15 sampled film credits,TMDB 5000 credits sample,https://www.themoviedb.org/person/18050,0.82,66.6,63.6,95.87,94.96,5.23,304465
act-33259,Jennifer Love Hewitt,JEH2,Actor,Actor • 9 sampled film credits,TMDB 5000 credits sample,https://www.themoviedb.org/person/33259,0.82,66.6,63.6,95.69,95.6,1.97,424698
act-11164,Kelly Preston,KEPR,Actor,Actor • 14 sampled film credits,TMDB 5000 credits sample,https://www.themoviedb.org/person/11164,0.82,66.6,63.6,95.76,99.12,-4.53,217608
act-20286,Toby Kebbell,TOKE,Actor,Actor • 17 sampled film credits,TMDB 5000 credits sample,https://www.themoviedb.org/person/20286,0.82,66.6,63.6,95.65,106.18,-6.64,481853
act-10774,Anne Bancroft,ANB4,Actor,Actor • 10 sampled film credits,TMDB 5000 credits sample,https://www.themoviedb.org/person/10774,0.82,66.4,63.5,95.3,93.92,0.18,377717
act-516,Annette Bening,ANBE,Actor,Actor • 14 sampled film credits,TMDB 5000 credits sample,https://www.themoviedb.org/person/516,0.82,66.5,63.5,95.51,105.17,2.79,287443
act-38559,Christopher Lambert,CHLA,Actor,Actor • 10 sampled film credits,TMDB 5000 credits sample,https://www.themoviedb.org/person/38559,0.82,66.4,63.5,95.3,102.06,1.72,412278
act-3810,Javier Bardem,JAB3,Actor,Actor • 12 sampled film credits,TMDB 5000 credits sample,https://www.themoviedb.org/person/3810,0.82,66.5,63.5,95.51,99.92,-1.77,282013
act-4175,Jeffrey Tambor,JETA,Actor,Actor • 21 sampled film credits,TMDB 5000 credits sample,https://www.themoviedb.org/person/4175,0.82,66.5,63.5,95.53,87.89,-2.9,409089
act-38334,Jennifer Coolidge,JEC3,Actor,Actor • 24 sampled film credits,TMDB 5000 credits sample,https://www.themoviedb.org/person/38334,0.82,66.4,63.5,95.28,102.89,0.13,318904
act-378,Jonathan Pryce,JOPR,Actor,Actor • 19 sampled film credits,TMDB 5000 credits sample,https://www.themoviedb.org/person/378,0.82,66.5,63.5,95.45,96.76,8.44,294974
act-8212,Peter Gallagher,PEGA,Actor,Actor • 9 sampled film credits,TMDB 5000 credits sample,https://www.themoviedb.org/person/8212,0.82,66.5,63.5,95.39,90.53,0.71,426042
act-40036,Taraji P. Henson,TAHE,Actor,Actor • 14 sampled film credits,TMDB 5000 credits sample,https://www.themoviedb.org/person/40036,0.82,66.4,63.5,95.29,99.21,6.84,378758
act-59175,Blake Lively,BLLI,Actor,Actor • 7 sampled film credits,TMDB 5000 credits sample,https://www.themoviedb.org/person/59175,0.82,66.3,63.4,95.08,101.82,1.46,236277
act-18979,Christina Applegate,CHAP,Actor,Actor • 19 sampled film credits,TMDB 5000 credits sample,https://www.themoviedb.org/person/18979,0.82,66.3,63.4,95.07,99.59,4.38,304201
act-1063,Lea Thompson,LETH,Actor,Actor • 8 sampled film credits,TMDB 5000 credits sample,https://www.themoviedb.org/person/1063,0.82,66.4,63.4,95.24,108.53,-6.42,416247
act-886,William Fichtner,WIFI,Actor,Actor • 24 sampled film credits,TMDB 5000 credits sample,https://www.themoviedb.org/person/886,0.82,66.4,63.4,95.17,102.01,2.35,489462
act-37260,Abbie Cornish,ABCO,Actor,Actor • 8 sampled film credits,TMDB 5000 credits sample,https://www.themoviedb.org/person/37260,0.82,66.3,63.3,94.91,106.17,7.04,338104
act-21127,Bobby Cannavale,BOCA,Actor,Actor • 17 sampled film credits,TMDB 5000 credits sample,https://www.themoviedb.org/person/21127,0.82,66.3,63.3,94.91,94.2,-6.0,411306
act-60073,Brie Larson,BRLA,Actor,Actor • 13 sampled film credits,TMDB 5000 credits sample,https://www.themoviedb.org/person/60073,0.82,66.3,63.3,94.87,94.1,0.44,350301
act-49002,Donald Faison,DOFA,Actor,Actor • 16 sampled film credits,TMDB 5000 credits sample,https://www.themoviedb.org/person/49002,0.82,66.2,63.3,94.69,90.26,8.57,320798
act-27105,Ed Helms,EDHE,Actor,Actor • 15 sampled film credits,TMDB 5000 credits sample,https://www.themoviedb.org/person/27105,0.82,66.2,63.3,94.72,106.05,-7.33,446466
act-81685,Frank Grillo,FRGR,Actor,Actor • 16 sampled film credits,TMDB 5000 credits sample,https://www.themoviedb.org/person/81685,0.82,66.3,63.3,94.87,103.34,-0.15,365101
act-21104,Glenne Headly,GLHE,Actor,Actor • 11 sampled film credits,TMDB 5000 credits sample,https://www.themoviedb.org/person/21104,0.82,66.2,63.3,94.68,92.88,6.08,389422
act-17286,Lena Headey,LEHE,Actor,Actor • 16 sampled film credits,TMDB 5000 credits sample,https://www.themoviedb.org/person/17286,0.82,66.2,63.3,94.81,90.92,4.35,239570
act-6944,Octavia Spencer,OCSP,Actor,Actor • 30 sampled film credits,TMDB 5000 credits sample,https://www.themoviedb.org/person/6944,0.82,66.2,63.3,94.73,101.35,9.2,263069
act-38425,Amber Valletta,AMVA,Actor,Actor • 9 sampled film credits,TMDB 5000 credits sample,https://www.themoviedb.org/person/38425,0.82,66.1,63.2,94.45,100.6,9.28,374008
act-21029,Billy Burke,BIBU,Actor,Actor • 12 sampled film credits,TMDB 5000 credits sample,https://www.themoviedb.org/person/21029,0.82,66.1,63.2,94.43,86.9,9.1,387139
act-16475,Burt Reynolds,BURE,Actor,Actor • 14 sampled film credits,TMDB 5000 credits sample,https://www.themoviedb.org/person/16475,0.82,66.1,63.2,94.57,106.11,-4.79,232800
act-54697,Dave Franco,DAFR,Actor,Actor • 14 sampled film credits,TMDB 5000 credits sample,https://www.themoviedb.org/person/54697,0.82,66.1,63.2,94.58,93.11,-0.5,335187
act-20,Elizabeth Perkins,ELPE,Actor,Actor • 9 sampled film credits,TMDB 5000 credits sample,https://www.themoviedb.org/person/20,0.82,66.1,63.2,94.37,92.29,8.34,358842
act-10860,Jessica Biel,JEB2,Actor,Actor • 15 sampled film credits,TMDB 5000 credits sample,https://www.themoviedb.org/person/10860,0.82,66.2,63.2,94.61,101.29,-0.52,293263
act-52775,Kristin Chenoweth,KRCH,Actor,Actor • 11 sampled film credits,TMDB 5000 credits sample,https://www.themoviedb.org/person/52775,0.82,66.1,63.2,94.5,90.9,-4.59,333331
act-14887,Paddy Considine,PACO,Actor,Actor • 11 sampled film credits,TMDB 5000 credits sample,https://www.themoviedb.org/person/14887,0.82,66.1,63.2,94.46,103.53,-3.2,499634
act-1897,Bernie Mac,BEMA,Actor,Actor • 18 sampled film credits,TMDB 5000 credits sample,https://www.themoviedb.org/person/1897,0.82,66.0,63.1,94.13,96.28,8.72,235618
act-54812,Chevy Chase,CHCH,Actor,Actor • 13 sampled film credits,TMDB 5000 credits sample,https://www.themoviedb.org/person/54812,0.82,66.0,63.1,94.16,97.4,9.38,337088
act-2838,Chloë Sevigny,CHSE,Actor,Actor • 12 sampled film credits,TMDB 5000 credits sample,https://www.themoviedb.org/person/2838,0.82,66.0,63.1,94.22,103.06,3.65,300582
act-6614,Cole Hauser,COHA,Actor,Actor • 13 sampled film credits,TMDB 5000 credits sample,https://www.themoviedb.org/person/6614,0.82,65.9,63.1,94.09,93.13,-4.64,241580
act-41292,Keri Russell,KERU,Actor,Actor • 9 sampled film credits,TMDB 5000 credits sample,https://www.themoviedb.org/person/41292,0.82,66.0,63.1,94.22,99.84,8.07,366826
act-55314,Kimberly Elise,KIEL,Actor,Actor • 9 sampled film credits,TMDB 5000 credits sample,https://www.themoviedb.org/person/55314,0.82,65.9,63.1,94.06,103.67,7.92,388441
act-2876,Matt Dillon,MADI,Actor,Actor • 15 sampled film credits,TMDB 5000 credits sample,https://www.themoviedb.org/person/2876,0.82,66.0,63.1,94.11,102.96,0.13,243723
act-5384,Method Man,MEMA,Actor,Actor • 12 sampled film credits,TMDB 5000 credits sample,https://www.themoviedb.org/person/5384,0.82,66.0,63.1,94.26,97.47,5.61,393299
act-14343,Rene Russo,RERU,Actor,Actor • 14 sampled film credits,TMDB 5000 credits sample,https://www.themoviedb.org/person/14343,0.82,65.9,63.1,94.04,97.37,5.83,406709
act-4515,Treat Williams,TRWI,Actor,Actor • 14 sampled film credits,TMDB 5000 credits sample,https://www.themoviedb.org/person/4515,0.82,65.9,63.1,94.08,99.36,0.16,205053
act-1339,Zhang Ziyi,ZHZI,Actor,Actor • 9 sampled film credits,TMDB 5000 credits sample,https://www.themoviedb.org/person/1339,0.82,65.9,63.1,94.05,90.35,-7.37,312868
act-113,Christopher Lee,CHL2,Actor,Actor • 19 sampled film credits,TMDB 5000 credits sample,https://www.themoviedb.org/person/113,0.82,65.8,63.0,93.79,98.86,-6.72,342772
act-41042,Danny Dyer,DADY,Actor,Actor • 5 sampled film credits,TMDB 5000 credits sample,https://www.themoviedb.org/person/41042,0.82,65.9,63.0,93.98,92.17,-0.64,388403
act-54421,Janet Jackson,JAJA,Actor,Actor • 5 sampled film credits,TMDB 5000 credits sample,https://www.themoviedb.org/person/54421,0.82,65.8,63.0,93.71,89.61,0.43,331759
act-9656,Johnny Knoxville,JOKN,Actor,Actor • 17 sampled film credits,TMDB 5000 credits sample,https://www.themoviedb.org/person/9656,0.82,65.8,63.0,93.83,95.33,4.81,308800
act-32895,Kevin James,KEJA,Actor,Actor • 16 sampled film credits,TMDB 5000 credits sample,https://www.themoviedb.org/person/32895,0.82,65.8,63.0,93.74,95.75,7.24,316514
act-5139,Robert Englund,ROEN,Actor,Actor • 14 sampled film credits,TMDB 5000 credits sample,https://www.themoviedb.org/person/5139,0.82,65.9,63.0,93.91,89.68,-2.13,411567
act-4430,Sharon Stone,SHST,Actor,Actor • 12 sampled film credits,TMDB 5000 credits sample,https://www.themoviedb.org/person/4430,0.82,65.9,63.0,93.94,97.2,-1.93,303657
act-4939,Téa Leoni,TELE,Actor,Actor • 14 sampled film credits,TMDB 5000 credits sample,https://www.themoviedb.org/person/4939,0.82,65.8,63.0,93.76,95.19,-5.09,274507
act-8854,Bill Cobbs,BICO,Actor,Actor • 17 sampled film credits,TMDB 5000 credits sample,https://www.themoviedb.org/person/8854,0.82,65.8,62.9,93.61,96.34,2.7,265627
act-78324,Jamie Chung,JAC4,Actor,Actor • 10 sampled film credits,TMDB 5000 credits sample,https://www.themoviedb.org/person/78324,0.82,65.8,62.9,93.64,105.65,-7.33,390497
act-18325,Jeremy Northam,JENO,Actor,Actor • 12 sampled film credits,TMDB 5000 credits sample,https://www.themoviedb.org/person/18325,0.82,65.7,62.9,93.41,86.12,-0.29,363307
act-1247,Matthew Goode,MAG5,Actor,Actor • 10 sampled film credits,TMDB 5000 credits sample,https://www.themoviedb.org/person/1247,0.82,65.8,62.9,93.69,92.12,-2.27,442518
act-7868,Maury Chaykin,MAC6,Actor,Actor • 15 sampled film credits,TMDB 5000 credits sample,https://www.themoviedb.org/person/7868,0.82,65.7,62.9,93.46,96.16,7.79,325664
act-cur-act-008,Pedro Pascal,PEPA,Actor,Film and television,Curated prototype anchor,,0.78,66.6,62.9,93.67,104.21,-0.29,273958
act-8210,Wes Bentley,WEBE,Actor,Actor • 14 sampled film credits,TMDB 5000 credits sample,https://www.themoviedb.org/person/8210,0.82,65.8,62.9,93.65,98.96,-1.92,237844
act-4029,Bob Gunton,BOGU,Actor,Actor • 18 sampled film credits,TMDB 5000 credits sample,https://www.themoviedb.org/person/4029,0.82,65.6,62.8,93.19,88.67,7.71,437452
act-5563,James Coburn,JACO,Actor,Actor • 10 sampled film credits,TMDB 5000 credits sample,https://www.themoviedb.org/person/5563,0.82,65.6,62.8,93.23,103.62,6.19,310386
act-11148,Joan Allen,JOA3,Actor,Actor • 14 sampled film credits,TMDB 5000 credits sample,https://www.themoviedb.org/person/11148,0.82,65.7,62.8,93.36,93.98,-5.21,381763
act-17697,John Krasinski,JOKR,Actor,Actor • 19 sampled film credits,TMDB 5000 credits sample,https://www.themoviedb.org/person/17697,0.82,65.7,62.8,93.36,91.78,7.44,219970
act-655,John Rhys-Davies,JORH,Actor,Actor • 12 sampled film credits,TMDB 5000 credits sample,https://www.themoviedb.org/person/655,0.82,65.6,62.8,93.25,102.63,8.29,366225
act-777,Judge Reinhold,JURE,Actor,Actor • 9 sampled film credits,TMDB 5000 credits sample,https://www.themoviedb.org/person/777,0.82,65.6,62.8,93.2,93.55,1.49,215473
act-1234,Tara Reid,TARE,Actor,Actor • 12 sampled film credits,TMDB 5000 credits sample,https://www.themoviedb.org/person/1234,0.82,65.6,62.8,93.24,100.59,0.44,197110
act-4154,Brenda Blethyn,BRBL,Actor,Actor • 6 sampled film credits,TMDB 5000 credits sample,https://www.themoviedb.org/person/4154,0.82,65.5,62.7,93.04,95.88,-4.94,279914
act-18997,Bryce Dallas Howard,BRHO,Actor,Actor • 12 sampled film credits,TMDB 5000 credits sample,https://www.themoviedb.org/person/18997,0.82,65.5,62.7,92.95,98.69,-2.78,353654
act-448,Hilary Swank,HISW,Actor,Actor • 11 sampled film credits,TMDB 5000 credits sample,https://www.themoviedb.org/person/448,0.82,65.5,62.7,93.06,91.53,-1.17,360558
act-50463,Malin Åkerman,MAA3,Actor,Actor • 12 sampled film credits,TMDB 5000 credits sample,https://www.themoviedb.org/person/50463,0.82,65.5,62.7,93.07,100.32,5.96,219492
act-10360,Robert Prosky,ROP5,Actor,Actor • 9 sampled film credits,TMDB 5000 credits sample,https://www.themoviedb.org/person/10360,0.82,65.5,62.7,92.93,99.51,9.23,393377
act-67602,Corbin Bleu,COBL,Actor,Actor • 9 sampled film credits,TMDB 5000 credits sample,https://www.themoviedb.org/person/67602,0.82,65.4,62.6,92.64,97.29,-4.08,405459
act-28010,David Ogden Stiers,DAS4,Actor,Actor • 11 sampled film credits,TMDB 5000 credits sample,https://www.themoviedb.org/person/28010,0.82,65.4,62.6,92.6,91.67,-0.87,336843
act-1292,James Fox,JAF2,Actor,Actor • 8 sampled film credits,TMDB 5000 credits sample,https://www.themoviedb.org/person/1292,0.82,65.4,62.6,92.62,94.07,3.33,282754
act-4431,Jessica Lange,JEL4,Actor,Actor • 9 sampled film credits,TMDB 5000 credits sample,https://www.themoviedb.org/person/4431,0.82,65.4,62.6,92.62,88.8,-4.04,239614
act-12074,John Lithgow,JOLI,Actor,Actor • 18 sampled film credits,TMDB 5000 credits sample,https://www.themoviedb.org/person/12074,0.82,65.3,62.6,92.46,90.56,7.62,331807
act-882,Liv Tyler,LITY,Actor,Actor • 11 sampled film credits,TMDB 5000 credits sample,https://www.themoviedb.org/person/882,0.82,65.3,62.6,92.49,99.03,-4.18,401948
act-429,Lucas Till,LUTI,Actor,Actor • 11 sampled film credits,TMDB 5000 credits sample,https://www.themoviedb.org/person/429,0.82,65.3,62.6,92.56,90.06,6.46,343555
act-22122,Meagan Good,MEGO,Actor,Actor • 16 sampled film credits,TMDB 5000 credits sample,https://www.themoviedb.org/person/22122,0.82,65.4,62.6,92.74,99.68,-0.06,458295
act-17289,Rodrigo Santoro,ROS3,Actor,Actor • 16 sampled film credits,TMDB 5000 credits sample,https://www.themoviedb.org/person/17289,0.82,65.3,62.6,92.55,87.4,4.53,381897
act-23880,Steven Seagal,STSE,Actor,Actor • 8 sampled film credits,TMDB 5000 credits sample,https://www.themoviedb.org/person/23880,0.82,65.3,62.6,92.55,83.44,0.83,287726
act-11702,Adam Brody,ADB2,Actor,Actor • 13 sampled film credits,TMDB 5000 credits sample,https://www.themoviedb.org/person/11702,0.82,65.2,62.5,92.24,94.36,-1.05,207354
act-1117,Dennis Farina,DEFA,Actor,Actor • 14 sampled film credits,TMDB 5000 credits sample,https://www.themoviedb.org/person/1117,0.82,65.2,62.5,92.18,101.29,1.12,409013
act-62842,Eddie Griffin,EDGR,Actor,Actor • 13 sampled film credits,TMDB 5000 credits sample,https://www.themoviedb.org/person/62842,0.82,65.2,62.5,92.23,95.42,8.02,259597
act-12214,Gillian Anderson,GIAN,Actor,Actor • 9 sampled film credits,TMDB 5000 credits sample,https://www.themoviedb.org/person/12214,0.82,65.2,62.5,92.26,104.99,9.38,288962
act-130640,Hailee Steinfeld,HAS2,Actor,Actor • 6 sampled film credits,TMDB 5000 credits sample,https://www.themoviedb.org/person/130640,0.82,65.2,62.5,92.2,90.44,-0.5,376441
act-3977,Joe Morton,JOM9,Actor,Actor • 15 sampled film credits,TMDB 5000 credits sample,https://www.themoviedb.org/person/3977,0.82,65.2,62.5,92.28,93.48,-5.49,408430
act-20810,Joely Richardson,JORI,Actor,Actor • 9 sampled film credits,TMDB 5000 credits sample,https://www.themoviedb.org/person/20810,0.82,65.2,62.5,92.21,95.28,-2.22,394821
act-3084,Marlon Brando,MAB8,Actor,Actor • 9 sampled film credits,TMDB 5000 credits sample,https://www.themoviedb.org/person/3084,0.82,65.2,62.5,92.29,83.83,-5.46,259618
act-9979,Peter Coyote,PECO,Actor,Actor • 11 sampled film credits,TMDB 5000 credits sample,https://www.themoviedb.org/person/9979,0.82,65.2,62.5,92.3,93.79,1.59,369672
act-53,Peter Stormare,PEST,Actor,Actor • 27 sampled film credits,TMDB 5000 credits sample,https://www.themoviedb.org/person/53,0.82,65.2,62.5,92.24,86.11,0.09,403774
act-128645,Archie Panjabi,ARPA,Actor,Actor • 8 sampled film credits,TMDB 5000 credits sample,https://www.themoviedb.org/person/128645,0.82,65.1,62.4,91.93,106.45,-0.07,309182
act-17064,Ben Whishaw,BEWH,Actor,Actor • 10 sampled film credits,TMDB 5000 credits sample,https://www.themoviedb.org/person/17064,0.82,65.1,62.4,91.98,103.08,0.38,377832
act-222330,Brit Marling,BRMA,Actor,Actor • 5 sampled film credits,TMDB 5000 credits sample,https://www.themoviedb.org/person/222330,0.82,65.1,62.4,91.87,95.05,6.67,371809
act-4,Carrie Fisher,CAFI,Actor,Actor • 16 sampled film credits,TMDB 5000 credits sample,https://www.themoviedb.org/person/4,0.82,65.1,62.4,91.94,88.57,8.92,327954
act-12640,David Duchovny,DADU,Actor,Actor • 10 sampled film credits,TMDB 5000 credits sample,https://www.themoviedb.org/person/12640,0.82,65.1,62.4,91.88,87.73,3.98,398466
act-38940,Evan Rachel Wood,EVWO,Actor,Actor • 11 sampled film credits,TMDB 5000 credits sample,https://www.themoviedb.org/person/38940,0.82,65.1,62.4,92.03,87.72,-0.2,236844
act-5725,Goran Visnjic,GOVI,Actor,Actor • 8 sampled film credits,TMDB 5000 credits sample,https://www.themoviedb.org/person/5725,0.82,65.1,62.4,92.03,92.4,-3.33,311070
act-17244,Hayden Christensen,HACH,Actor,Actor • 12 sampled film credits,TMDB 5000 credits sample,https://www.themoviedb.org/person/17244,0.82,65.1,62.4,91.92,83.73,-1.9,339165
act-1751,James Doohan,JADO,Actor,Actor • 9 sampled film credits,TMDB 5000 credits sample,https://www.themoviedb.org/person/1751,0.82,65.1,62.4,91.89,87.32,8.39,400389
act-3266,Joe Mantegna,JOM8,Actor,Actor • 13 sampled film credits,TMDB 5000 credits sample,https://www.themoviedb.org/person/3266,0.82,65.1,62.4,91.96,90.89,2.24,390102
act-5694,Robert Forster,ROFO,Actor,Actor • 17 sampled film credits,TMDB 5000 credits sample,https://www.themoviedb.org/person/5694,0.82,65.2,62.4,92.11,90.45,7.07,321789
act-7055,Sienna Guillory,SIGU,Actor,Actor • 9 sampled film credits,TMDB 5000 credits sample,https://www.themoviedb.org/person/7055,0.82,65.1,62.4,92.05,87.87,9.2,262878
act-1981,Alfre Woodard,ALWO,Actor,Actor • 17 sampled film credits,TMDB 5000 credits sample,https://www.themoviedb.org/person/1981,0.82,65.0,62.3,91.61,95.66,-0.07,315893
act-5149,Bonnie Hunt,BOHU,Actor,Actor • 15 sampled film credits,TMDB 5000 credits sample,https://www.themoviedb.org/person/5149,0.82,65.0,62.3,91.59,92.23,-6.39,303627
act-29221,Brittany Snow,BRSN,Actor,Actor • 7 sampled film credits,TMDB 5000 credits sample,https://www.themoviedb.org/person/29221,0.82,65.0,62.3,91.74,87.78,4.96,419306
act-6194,Claire Danes,CLDA,Actor,Actor • 12 sampled film credits,TMDB 5000 credits sample,https://www.themoviedb.org/person/6194,0.82,65.0,62.3,91.68,88.04,-3.5,401821
act-5365,Clifton Collins Jr,CLJR,Actor,Actor • 22 sampled film credits,TMDB 5000 credits sample,https://www.themoviedb.org/person/5365,0.82,65.0,62.3,91.56,82.36,9.05,301240
act-23959,Debra Messing,DEME,Actor,Actor • 9 sampled film credits,TMDB 5000 credits sample,https://www.themoviedb.org/person/23959,0.82,65.1,62.3,91.83,87.76,-2.78,435279
act-55470,Dominic Cooper,DOCO,Actor,Actor • 12 sampled film credits,TMDB 5000 credits sample,https://www.themoviedb.org/person/55470,0.82,65.0,62.3,91.72,94.51,8.74,338685
act-59620,Gemma Arterton,GEAR,Actor,Actor • 9 sampled film credits,TMDB 5000 credits sample,https://www.themoviedb.org/person/59620,0.82,65.0,62.3,91.59,92.84,-0.6,401013
act-15440,Jared Harris,JAH3,Actor,Actor • 15 sampled film credits,TMDB 5000 credits sample,https://www.themoviedb.org/person/15440,0.82,65.0,62.3,91.68,96.98,4.85,385800
act-12799,Jeremy Piven,JEPI,Actor,Actor • 23 sampled film credits,TMDB 5000 credits sample,https://www.themoviedb.org/person/12799,0.82,65.0,62.3,91.56,95.68,-4.03,306312
act-16861,John Hawkes,JOH7,Actor,Actor • 18 sampled film credits,TMDB 5000 credits sample,https://www.themoviedb.org/person/16861,0.82,65.1,62.3,91.83,91.1,1.91,334906
act-13726,Ned Beatty,NEBE,Actor,Actor • 12 sampled film credits,TMDB 5000 credits sample,https://www.themoviedb.org/person/13726,0.82,65.0,62.3,91.63,103.69,5.16,286353
act-4687,Patricia Arquette,PAAR,Actor,Actor • 10 sampled film credits,TMDB 5000 credits sample,https://www.themoviedb.org/person/4687,0.82,65.0,62.3,91.7,92.02,-0.25,301496
act-18023,Robert Carlyle,ROC2,Actor,Actor • 9 sampled film credits,TMDB 5000 credits sample,https://www.themoviedb.org/person/18023,0.82,65.0,62.3,91.67,100.55,0.61,374365
act-6730,Sacha Baron Cohen,SACO,Actor,Actor • 11 sampled film credits,TMDB 5000 credits sample,https://www.themoviedb.org/person/6730,0.82,65.0,62.3,91.63,101.97,1.26,339700
act-2144,Tobin Bell,TOB2,Actor,Actor • 13 sampled film credits,TMDB 5000 credits sample,https://www.themoviedb.org/person/2144,0.82,65.0,62.3,91.64,90.69,2.27,414841
act-58317,Chris Kattan,CHKA,Actor,Actor • 9 sampled film credits,TMDB 5000 credits sample,https://www.themoviedb.org/person/58317,0.82,64.8,62.2,91.25,89.56,-6.24,386426
act-25616,Edgar Ramírez,EDRA,Actor,Actor • 11 sampled film credits,TMDB 5000 credits sample,https://www.themoviedb.org/person/25616,0.82,64.9,62.2,91.5,99.62,9.45,412058
act-38405,John Corbett,JOC8,Actor,Actor • 11 sampled film credits,TMDB 5000 credits sample,https://www.themoviedb.org/person/38405,0.82,64.9,62.2,91.32,98.84,-3.05,331969
act-16501,Milo Ventimiglia,MIV3,Actor,Actor • 13 sampled film credits,TMDB 5000 credits sample,https://www.themoviedb.org/person/16501,0.82,64.9,62.2,91.44,102.76,2.15,444550
act-4492,Philip Baker Hall,PHHA,Actor,Actor • 26 sampled film credits,TMDB 5000 credits sample,https://www.themoviedb.org/person/4492,0.82,64.8,62.2,91.25,84.82,-6.84,320952
act-4757,Rupert Everett,RUEV,Actor,Actor • 13 sampled film credits,TMDB 5000 credits sample,https://www.themoviedb.org/person/4757,0.82,64.9,62.2,91.45,94.88,-5.51,307612
act-13472,Tim Curry,TICU,Actor,Actor • 15 sampled film credits,TMDB 5000 credits sample,https://www.themoviedb.org/person/13472,0.82,64.9,62.2,91.53,94.82,7.69,256782
act-55086,Cam Gigandet,CAGI,Actor,Actor • 10 sampled film credits,TMDB 5000 credits sample,https://www.themoviedb.org/person/55086,0.82,64.8,62.1,91.22,99.87,-0.02,227552
act-8687,Chi McBride,CHM2,Actor,Actor • 13 sampled film credits,TMDB 5000 credits sample,https://www.themoviedb.org/person/8687,0.82,64.7,62.1,91.03,97.04,1.09,467353
act-12261,Jason Patric,JAPA,Actor,Actor • 9 sampled film credits,TMDB 5000 credits sample,https://www.themoviedb.org/person/12261,0.82,64.7,62.1,90.94,98.72,6.79,359991
act-52852,Kat Dennings,KADE,Actor,Actor • 13 sampled film credits,TMDB 5000 credits sample,https://www.themoviedb.org/person/52852,0.82,64.7,62.1,91.03,101.46,-3.86,249766
act-140,Lucy Liu,LULI,Actor,Actor • 19 sampled film credits,TMDB 5000 credits sample,https://www.themoviedb.org/person/140,0.82,64.7,62.1,91.01,81.13,3.72,233118
act-29803,Madeline Kahn,MAK3,Actor,Actor • 7 sampled film credits,TMDB 5000 credits sample,https://www.themoviedb.org/person/29803,0.82,64.7,62.1,91.01,94.8,5.2,281844
act-19537,Megan Fox,MEFO,Actor,Actor • 10 sampled film credits,TMDB 5000 credits sample,https://www.themoviedb.org/person/19537,0.82,64.8,62.1,91.19,83.29,-0.19,428444
act-13920,Mimi Rogers,MIR4,Actor,Actor • 7 sampled film credits,TMDB 5000 credits sample,https://www.themoviedb.org/person/13920,0.82,64.8,62.1,91.16,89.67,9.33,392801
act-23931,Mira Sorvino,MISO,Actor,Actor • 7 sampled film credits,TMDB 5000 credits sample,https://www.themoviedb.org/person/23931,0.82,64.7,62.1,90.94,103.09,-4.08,274190
act-4987,Omar Epps,OMEP,Actor,Actor • 10 sampled film credits,TMDB 5000 credits sample,https://www.themoviedb.org/person/4987,0.82,64.8,62.1,91.11,98.47,7.22,364465
act-10689,Rob Brown,ROBR,Actor,Actor • 8 sampled film credits,TMDB 5000 credits sample,https://www.themoviedb.org/person/10689,0.82,64.7,62.1,91.03,92.53,7.99,357576
act-825,Stacy Keach,STKE,Actor,Actor • 13 sampled film credits,TMDB 5000 credits sample,https://www.themoviedb.org/person/825,0.82,64.8,62.1,91.06,105.82,-4.03,332963
act-10399,Teri Polo,TEPO,Actor,Actor • 8 sampled film credits,TMDB 5000 credits sample,https://www.themoviedb.org/person/10399,0.82,64.8,62.1,91.2,92.09,-4.66,384468
act-10993,Tom Felton,TOFE,Actor,Actor • 12 sampled film credits,TMDB 5000 credits sample,https://www.themoviedb.org/person/10993,0.82,64.7,62.1,91.04,104.13,7.41,426937
act-10814,Wesley Snipes,WES2,Actor,Actor • 13 sampled film credits,TMDB 5000 credits sample,https://www.themoviedb.org/person/10814,0.82,64.7,62.1,91.0,84.73,-2.63,370160
act-6485,Busta Rhymes,BURH,Actor,Actor • 5 sampled film credits,TMDB 5000 credits sample,https://www.themoviedb.org/person/6485,0.82,64.6,62.0,90.65,92.98,5.76,305195
act-38560,Lou Diamond Phillips,LOPH,Actor,Actor • 10 sampled film credits,TMDB 5000 credits sample,https://www.themoviedb.org/person/38560,0.82,64.6,62.0,90.79,85.95,7.69,324701
act-155,Lucas Black,LUBL,Actor,Actor • 13 sampled film credits,TMDB 5000 credits sample,https://www.themoviedb.org/person/155,0.82,64.7,62.0,90.88,93.6,-5.51,247020
act-588,M. Emmet Walsh,MWAX,Actor,Actor • 18 sampled film credits,TMDB 5000 credits sample,https://www.themoviedb.org/person/588,0.82,64.6,62.0,90.77,84.11,7.12,220994
act-9562,Marlon Wayans,MAW2,Actor,Actor • 12 sampled film credits,TMDB 5000 credits sample,https://www.themoviedb.org/person/9562,0.82,64.6,62.0,90.64,100.95,2.11,232536
act-10730,Rowan Atkinson,ROAT,Actor,Actor • 9 sampled film credits,TMDB 5000 credits sample,https://www.themoviedb.org/person/10730,0.82,64.6,62.0,90.72,91.4,-1.47,390123
act-100,Scott Speedman,SCSP,Actor,Actor • 10 sampled film credits,TMDB 5000 credits sample,https://www.themoviedb.org/person/100,0.82,64.6,62.0,90.77,98.71,-3.08,449040
act-2441,Tom Hollander,TOHO,Actor,Actor • 14 sampled film credits,TMDB 5000 credits sample,https://www.themoviedb.org/person/2441,0.82,64.6,62.0,90.62,90.04,1.24,263734
act-1285,AnnaSophia Robb,ANRO,Actor,Actor • 10 sampled film credits,TMDB 5000 credits sample,https://www.themoviedb.org/person/1285,0.82,64.5,61.9,90.47,91.92,9.15,216149
act-1954,Billy Zane,BIZA,Actor,Actor • 13 sampled film credits,TMDB 5000 credits sample,https://www.themoviedb.org/person/1954,0.82,64.5,61.9,90.47,104.18,3.62,261210
act-4391,Charles Dance,CHDA,Actor,Actor • 21 sampled film credits,TMDB 5000 credits sample,https://www.themoviedb.org/person/4391,0.82,64.6,61.9,90.6,81.47,8.79,336172
act-11856,Daniel Day-Lewis,DADA,Actor,Actor • 11 sampled film credits,TMDB 5000 credits sample,https://www.themoviedb.org/person/11856,0.82,64.6,61.9,90.56,95.22,0.64,208474
act-10990,Emma Watson,EMWA,Actor,Actor • 12 sampled film credits,TMDB 5000 credits sample,https://www.themoviedb.org/person/10990,0.82,64.5,61.9,90.39,88.25,0.96,282333
act-7036,Eric Stoltz,ERST,Actor,Actor • 12 sampled film credits,TMDB 5000 credits sample,https://www.themoviedb.org/person/7036,0.82,64.5,61.9,90.44,90.49,7.01,390120
act-51391,Frankie Muniz,FRMU,Actor,Actor • 11 sampled film credits,TMDB 5000 credits sample,https://www.themoviedb.org/person/51391,0.82,64.5,61.9,90.35,96.78,-3.83,408804
act-8487,Gregory Peck,GRPE,Actor,Actor • 9 sampled film credits,TMDB 5000 credits sample,https://www.themoviedb.org/person/8487,0.82,64.5,61.9,90.49,89.13,5.79,326825
act-11066,Hal Holbrook,HAHO,Actor,Actor • 13 sampled film credits,TMDB 5000 credits sample,https://www.themoviedb.org/person/11066,0.82,64.5,61.9,90.5,97.07,4.28,307238
act-17772,Jesse Bradford,JEB3,Actor,Actor • 9 sampled film credits,TMDB 5000 credits sample,https://www.themoviedb.org/person/17772,0.82,64.6,61.9,90.61,97.58,-2.17,208596
act-25541,Katherine Heigl,KAHE,Actor,Actor • 11 sampled film credits,TMDB 5000 credits sample,https://www.themoviedb.org/person/25541,0.82,64.5,61.9,90.35,101.81,7.16,250649
act-56857,Peter Facinelli,PEFA,Actor,Actor • 10 sampled film credits,TMDB 5000 credits sample,https://www.themoviedb.org/person/56857,0.82,64.5,61.9,90.41,81.96,1.06,411698
act-15556,Rebecca Hall,REHA,Actor,Actor • 12 sampled film credits,TMDB 5000 credits sample,https://www.themoviedb.org/person/15556,0.82,64.5,61.9,90.44,94.23,-5.19,394851
act-2155,Thora Birch,THBI,Actor,Actor • 7 sampled film credits,TMDB 5000 credits sample,https://www.themoviedb.org/person/2155,0.82,64.5,61.9,90.46,102.04,0.93,295524
act-10767,Barbara Hershey,BAHE,Actor,Actor • 9 sampled film credits,TMDB 5000 credits sample,https://www.themoviedb.org/person/10767,0.82,64.4,61.8,90.15,96.98,1.59,380495
act-62747,Chad Michael Murray,CHMU,Actor,Actor • 10 sampled film credits,TMDB 5000 credits sample,https://www.themoviedb.org/person/62747,0.82,64.4,61.8,90.21,92.62,1.27,434486
act-8767,Jim Caviezel,JIC2,Actor,Actor • 13 sampled film credits,TMDB 5000 credits sample,https://www.themoviedb.org/person/8767,0.82,64.3,61.8,90.05,81.4,0.24,259279
act-21180,Justin Bartha,JUBA,Actor,Actor • 6 sampled film credits,TMDB 5000 credits sample,https://www.themoviedb.org/person/21180,0.82,64.4,61.8,90.23,80.95,9.45,412925
act-10871,Natasha Lyonne,NALY,Actor,Actor • 13 sampled film credits,TMDB 5000 credits sample,https://www.themoviedb.org/person/10871,0.82,64.4,61.8,90.23,90.54,4.61,244836
act-8655,R. Lee Ermey,RERX,Actor,Actor • 16 sampled film credits,TMDB 5000 credits sample,https://www.themoviedb.org/person/8655,0.82,64.4,61.8,90.18,102.67,-2.07,299659
act-10222,Roger Moore,ROMO,Actor,Actor • 10 sampled film credits,TMDB 5000 credits sample,https://www.themoviedb.org/person/10222,0.82,64.4,61.8,90.24,92.26,0.73,325581
act-98,Sarah Polley,SAPO,Actor,Actor • 9 sampled film credits,TMDB 5000 credits sample,https://www.themoviedb.org/person/98,0.82,64.4,61.8,90.26,97.76,-7.0,279196
act-7404,Sarah Silverman,SASI,Actor,Actor • 16 sampled film credits,TMDB 5000 credits sample,https://www.themoviedb.org/person/7404,0.82,64.4,61.8,90.29,92.89,-4.99,440267
act-18082,Timothy Olyphant,TIOL,Actor,Actor • 17 sampled film credits,TMDB 5000 credits sample,https://www.themoviedb.org/person/18082,0.82,64.4,61.8,90.23,93.41,0.48,345094
act-74036,Tom Arnold,TOAR,Actor,Actor • 14 sampled film credits,TMDB 5000 credits sample,https://www.themoviedb.org/person/74036,0.82,64.4,61.8,90.24,88.85,7.97,375054
act-10980,Daniel Radcliffe,DARA,Actor,Actor • 11 sampled film credits,TMDB 5000 credits sample,https://www.themoviedb.org/person/10980,0.82,64.2,61.7,89.81,97.28,9.1,241748
act-1371,David Wenham,DAW2,Actor,Actor • 11 sampled film credits,TMDB 5000 credits sample,https://www.themoviedb.org/person/1371,0.82,64.3,61.7,90.0,100.63,0.64,333743
act-20753,Fred Willard,FRWI,Actor,Actor • 19 sampled film credits,TMDB 5000 credits sample,https://www.themoviedb.org/person/20753,0.82,64.2,61.7,89.81,85.52,-4.89,412290
act-6195,Harold Perrineau,HAPE,Actor,Actor • 12 sampled film credits,TMDB 5000 credits sample,https://www.themoviedb.org/person/6195,0.82,64.3,61.7,89.98,88.41,0.24,335919
act-76512,Jason Clarke,JACL,Actor,Actor • 12 sampled film credits,TMDB 5000 credits sample,https://www.themoviedb.org/person/76512,0.82,64.2,61.7,89.8,89.05,-4.66,361314
act-7090,Kelsey Grammer,KEGR,Actor,Actor • 14 sampled film credits,TMDB 5000 credits sample,https://www.themoviedb.org/person/7090,0.82,64.3,61.7,89.81,87.7,7.94,406559
act-19303,Kevin Smith,KES2,Actor,Actor • 13 sampled film credits,TMDB 5000 credits sample,https://www.themoviedb.org/person/19303,0.82,64.2,61.7,89.77,97.95,8.79,395271
act-2109,Kim Cattrall,KICA,Actor,Actor • 12 sampled film credits,TMDB 5000 credits sample,https://www.themoviedb.org/person/2109,0.82,64.2,61.7,89.8,85.88,4.53,238098
act-3292,Nicholas Hoult,NIHO,Actor,Actor • 11 sampled film credits,TMDB 5000 credits sample,https://www.themoviedb.org/person/3292,0.82,64.2,61.7,89.8,98.9,-5.44,216457
act-7004,Paul Sorvino,PASO,Actor,Actor • 17 sampled film credits,TMDB 5000 credits sample,https://www.themoviedb.org/person/7004,0.82,64.2,61.7,89.8,96.83,-3.1,219235
act-17328,Rufus Sewell,RUSE,Actor,Actor • 15 sampled film credits,TMDB 5000 credits sample,https://www.themoviedb.org/person/17328,0.82,64.2,61.7,89.76,99.17,5.4,294460
act-8435,Stephen Dillane,STDI,Actor,Actor • 7 sampled film credits,TMDB 5000 credits sample,https://www.themoviedb.org/person/8435,0.82,64.3,61.7,89.9,93.75,8.59,286171
act-54729,Clark Duke,CLD2,Actor,Actor • 9 sampled film credits,TMDB 5000 credits sample,https://www.themoviedb.org/person/54729,0.82,64.2,61.6,89.62,99.8,-3.84,360716
act-935,Connie Nielsen,CONI,Actor,Actor • 11 sampled film credits,TMDB 5000 credits sample,https://www.themoviedb.org/person/935,0.82,64.2,61.6,89.66,80.92,3.04,311931
act-3391,Kathleen Turner,KATU,Actor,Actor • 9 sampled film credits,TMDB 5000 credits sample,https://www.themoviedb.org/person/3391,0.82,64.1,61.6,89.46,99.48,5.06,307271
act-38581,Rachael Leigh Cook,RACO,Actor,Actor • 11 sampled film credits,TMDB 5000 credits sample,https://www.themoviedb.org/person/38581,0.82,64.2,61.6,89.64,85.64,-7.1,253945
act-1811,Randy Quaid,RAQ2,Actor,Actor • 13 sampled film credits,TMDB 5000 credits sample,https://www.themoviedb.org/person/1811,0.82,64.1,61.6,89.43,86.62,-2.08,460275
act-2049,Rubén Blades,RUBL,Actor,Actor • 8 sampled film credits,TMDB 5000 credits sample,https://www.themoviedb.org/person/2049,0.82,64.1,61.6,89.51,91.44,2.65,321614
act-1894,Scott Caan,SCCA,Actor,Actor • 14 sampled film credits,TMDB 5000 credits sample,https://www.themoviedb.org/person/1894,0.82,64.1,61.6,89.45,87.58,-6.47,372213
act-21278,Alan Alda,ALA3,Actor,Actor • 13 sampled film credits,TMDB 5000 credits sample,https://www.themoviedb.org/person/21278,0.82,64.0,61.5,89.18,89.27,-2.73,345869
act-45827,Ashley Greene,ASGR,Actor,Actor • 7 sampled film credits,TMDB 5000 credits sample,https://www.themoviedb.org/person/45827,0.82,64.0,61.5,89.17,86.88,3.82,373923
act-55152,Campbell Scott,CASC,Actor,Actor • 9 sampled film credits,TMDB 5000 credits sample,https://www.themoviedb.org/person/55152,0.82,64.0,61.5,89.11,94.55,-7.48,451903
act-1064,Crispin Glover,CRGL,Actor,Actor • 17 sampled film credits,TMDB 5000 credits sample,https://www.themoviedb.org/person/1064,0.82,64.0,61.5,89.14,86.5,2.5,218536
act-15234,David Arquette,DAAR,Actor,Actor • 13 sampled film credits,TMDB 5000 credits sample,https://www.themoviedb.org/person/15234,0.82,64.0,61.5,89.31,90.73,6.77,293484
act-5727,Diedrich Bader,DIBA,Actor,Actor • 12 sampled film credits,TMDB 5000 credits sample,https://www.themoviedb.org/person/5727,0.82,64.0,61.5,89.15,103.43,2.65,271895
act-2518,Gregg Henry,GRHE,Actor,Actor • 12 sampled film credits,TMDB 5000 credits sample,https://www.themoviedb.org/person/2518,0.82,64.1,61.5,89.39,97.27,-2.91,407513
act-17648,James Purefoy,JAPU,Actor,Actor • 7 sampled film credits,TMDB 5000 credits sample,https://www.themoviedb.org/person/17648,0.82,64.0,61.5,89.12,89.25,-5.29,383235
act-43775,Jane Lynch,JALY,Actor,Actor • 25 sampled film credits,TMDB 5000 credits sample,https://www.themoviedb.org/person/43775,0.82,64.1,61.5,89.38,89.9,-2.45,295952
act-38941,Jim Sturgess,JIST,Actor,Actor • 8 sampled film credits,TMDB 5000 credits sample,https://www.themoviedb.org/person/38941,0.82,64.0,61.5,89.13,93.96,4.55,286691
act-1980,Mary McCormack,MAM4,Actor,Actor • 12 sampled film credits,TMDB 5000 credits sample,https://www.themoviedb.org/person/1980,0.82,64.0,61.5,89.24,94.32,-2.41,211867
act-2169,Michael Jeter,MIJ3,Actor,Actor • 11 sampled film credits,TMDB 5000 credits sample,https://www.themoviedb.org/person/2169,0.82,64.0,61.5,89.2,94.97,0.63,384314
act-14698,Penelope Ann Miller,PEMI,Actor,Actor • 9 sampled film credits,TMDB 5000 credits sample,https://www.themoviedb.org/person/14698,0.82,64.0,61.5,89.11,94.1,7.21,348888
act-7026,Rhys Ifans,RHIF,Actor,Actor • 15 sampled film credits,TMDB 5000 credits sample,https://www.themoviedb.org/person/7026,0.82,64.0,61.5,89.19,95.63,-2.43,289995
act-80602,Tyler Perry,TYPE,Actor,Actor • 13 sampled film credits,TMDB 5000 credits sample,https://www.themoviedb.org/person/80602,0.82,64.0,61.5,89.15,90.4,-6.62,230605
act-61363,Alex Pettyfer,ALP3,Actor,Actor • 7 sampled film credits,TMDB 5000 credits sample,https://www.themoviedb.org/person/61363,0.82,63.9,61.4,88.87,82.34,-0.35,271717
act-6861,Andre Braugher,ANB5,Actor,Actor • 10 sampled film credits,TMDB 5000 credits sample,https://www.themoviedb.org/person/6861,0.82,63.9,61.4,88.83,93.86,-7.27,312192
act-58016,Anna Friel,ANFR,Actor,Actor • 7 sampled film credits,TMDB 5000 credits sample,https://www.themoviedb.org/person/58016,0.82,63.9,61.4,89.05,87.32,8.25,303013
act-1146,Julie Delpy,JUD2,Actor,Actor • 7 sampled film credits,TMDB 5000 credits sample,https://www.themoviedb.org/person/1146,0.82,63.9,61.4,89.05,88.63,2.45,200829
act-32747,Stephen Lang,STL2,Actor,Actor • 11 sampled film credits,TMDB 5000 credits sample,https://www.themoviedb.org/person/32747,0.82,63.9,61.4,88.85,99.54,-1.22,272895
act-3491,Thomas Kretschmann,THKR,Actor,Actor • 17 sampled film credits,TMDB 5000 credits sample,https://www.themoviedb.org/person/3491,0.82,63.9,61.4,88.93,100.78,1.92,382702
act-10690,Anna Paquin,ANPA,Actor,Actor • 18 sampled film credits,TMDB 5000 credits sample,https://www.themoviedb.org/person/10690,0.82,63.7,61.3,88.52,94.25,-3.13,361526
act-4443,Christopher McDonald,CHMC,Actor,Actor • 18 sampled film credits,TMDB 5000 credits sample,https://www.themoviedb.org/person/4443,0.82,63.8,61.3,88.57,97.06,-1.48,363374
act-19152,Dylan Baker,DYBA,Actor,Actor • 24 sampled film credits,TMDB 5000 credits sample,https://www.themoviedb.org/person/19152,0.82,63.8,61.3,88.65,88.0,-3.73,320902
act-20220,Elden Henson,ELHE,Actor,Actor • 13 sampled film credits,TMDB 5000 credits sample,https://www.themoviedb.org/person/20220,0.82,63.8,61.3,88.63,93.91,-3.81,261992
act-65524,Ioan Gruffudd,IOGR,Actor,Actor • 7 sampled film credits,TMDB 5000 credits sample,https://www.themoviedb.org/person/65524,0.82,63.8,61.3,88.61,84.63,5.48,292524
act-76793,Irrfan Khan,IRKH,Actor,Actor • 9 sampled film credits,TMDB 5000 credits sample,https://www.themoviedb.org/person/76793,0.82,63.8,61.3,88.65,82.38,6.66,378475
act-53926,Jon Heder,JOH8,Actor,Actor • 9 sampled film credits,TMDB 5000 credits sample,https://www.themoviedb.org/person/53926,0.82,63.8,61.3,88.69,86.88,7.02,438121
act-57451,Leslie Bibb,LEBI,Actor,Actor • 12 sampled film credits,TMDB 5000 credits sample,https://www.themoviedb.org/person/57451,0.82,63.8,61.3,88.59,96.57,3.25,335265
act-11889,Mark Moses,MA15,Actor,Actor • 11 sampled film credits,TMDB 5000 credits sample,https://www.themoviedb.org/person/11889,0.82,63.8,61.3,88.66,91.92,8.29,335416
act-59919,Russell Brand,RUBR,Actor,Actor • 10 sampled film credits,TMDB 5000 credits sample,https://www.themoviedb.org/person/59919,0.82,63.8,61.3,88.66,93.43,-2.63,308427
act-4941,Alessandro Nivola,ALNI,Actor,Actor • 10 sampled film credits,TMDB 5000 credits sample,https://www.themoviedb.org/person/4941,0.82,63.6,61.2,88.27,83.24,3.45,356443
act-3128,Alicia Witt,ALWI,Actor,Actor • 11 sampled film credits,TMDB 5000 credits sample,https://www.themoviedb.org/person/3128,0.82,63.6,61.2,88.21,98.61,-7.12,239537
act-71552,Ari Graynor,ARG2,Actor,Actor • 9 sampled film credits,TMDB 5000 credits sample,https://www.themoviedb.org/person/71552,0.82,63.6,61.2,88.3,89.11,0.71,395903
act-11870,Christine Baranski,CHB2,Actor,Actor • 14 sampled film credits,TMDB 5000 credits sample,https://www.themoviedb.org/person/11870,0.82,63.7,61.2,88.49,95.68,2.82,222371
act-64342,Craig Robinson,CRR3,Actor,Actor • 17 sampled film credits,TMDB 5000 credits sample,https://www.themoviedb.org/person/64342,0.82,63.6,61.2,88.26,101.54,-5.95,290834
act-10862,Dominic Purcell,DOPU,Actor,Actor • 7 sampled film credits,TMDB 5000 credits sample,https://www.themoviedb.org/person/10862,0.82,63.6,61.2,88.3,95.79,-4.92,333652
act-34847,Emma Roberts,EMRO,Actor,Actor • 13 sampled film credits,TMDB 5000 credits sample,https://www.themoviedb.org/person/34847,0.82,63.6,61.2,88.23,96.35,8.65,292513
act-12217,Jay Mohr,JAM5,Actor,Actor • 12 sampled film credits,TMDB 5000 credits sample,https://www.themoviedb.org/person/12217,0.82,63.7,61.2,88.45,89.85,3.9,290924
act-23709,Joan Plowright,JOPL,Actor,Actor • 8 sampled film credits,TMDB 5000 credits sample,https://www.themoviedb.org/person/23709,0.82,63.6,61.2,88.22,88.09,1.77,360617
act-503,Justin Chatwin,JUCH,Actor,Actor • 5 sampled film credits,TMDB 5000 credits sample,https://www.themoviedb.org/person/503,0.82,63.7,61.2,88.48,98.06,7.02,385701
act-16214,Mario Van Peebles,MAP3,Actor,Actor • 7 sampled film credits,TMDB 5000 credits sample,https://www.themoviedb.org/person/16214,0.82,63.7,61.2,88.4,89.52,2.24,289238
act-4451,Mark Webber,MAWE,Actor,Actor • 13 sampled film credits,TMDB 5000 credits sample,https://www.themoviedb.org/person/4451,0.82,63.7,61.2,88.33,88.73,-1.43,213241
act-17628,Mary Elizabeth Winstead,MAW3,Actor,Actor • 14 sampled film credits,TMDB 5000 credits sample,https://www.themoviedb.org/person/17628,0.82,63.6,61.2,88.21,84.82,3.24,211088
act-28640,Molly Shannon,MOSH,Actor,Actor • 20 sampled film credits,TMDB 5000 credits sample,https://www.themoviedb.org/person/28640,0.82,63.7,61.2,88.4,98.23,1.67,376526
act-27855,Shannyn Sossamon,SHSO,Actor,Actor • 11 sampled film credits,TMDB 5000 credits sample,https://www.themoviedb.org/person/27855,0.82,63.7,61.2,88.38,84.26,5.84,282661
act-9191,Timothy Spall,TISP,Actor,Actor • 20 sampled film credits,TMDB 5000 credits sample,https://www.themoviedb.org/person/9191,0.82,63.6,61.2,88.29,88.78,-3.25,289594
act-25246,Andy Lau,ANL2,Actor,Actor • 6 sampled film credits,TMDB 5000 credits sample,https://www.themoviedb.org/person/25246,0.82,63.5,61.1,87.89,94.67,4.53,287951
act-50,Catherine Deneuve,CADE,Actor,Actor • 7 sampled film credits,TMDB 5000 credits sample,https://www.themoviedb.org/person/50,0.82,63.6,61.1,88.18,88.53,9.15,399382
act-54691,Christopher Mintz-Plasse,CHMI,Actor,Actor • 16 sampled film credits,TMDB 5000 credits sample,https://www.themoviedb.org/person/54691,0.82,63.5,61.1,87.94,92.73,-1.68,238394
act-20374,Teresa Palmer,TEPA,Actor,Actor • 9 sampled film credits,TMDB 5000 credits sample,https://www.themoviedb.org/person/20374,0.82,63.5,61.1,88.03,98.4,5.21,215921
act-17052,Topher Grace,TOGR,Actor,Actor • 11 sampled film credits,TMDB 5000 credits sample,https://www.themoviedb.org/person/17052,0.82,63.5,61.1,87.91,89.07,2.65,426536
act-14702,Cathy Moriarty,CAM3,Actor,Actor • 8 sampled film credits,TMDB 5000 credits sample,https://www.themoviedb.org/person/14702,0.82,63.4,61.0,87.71,94.38,-0.5,375689
act-20387,Clea DuVall,CLDU,Actor,Actor • 14 sampled film credits,TMDB 5000 credits sample,https://www.themoviedb.org/person/20387,0.82,63.4,61.0,87.82,86.49,-1.0,274097
act-5414,Colin Salmon,COSA,Actor,Actor • 13 sampled film credits,TMDB 5000 credits sample,https://www.themoviedb.org/person/5414,0.82,63.5,61.0,87.84,81.98,1.71,383719
act-656,Denholm Elliott,DEEL,Actor,Actor • 9 sampled film credits,TMDB 5000 credits sample,https://www.themoviedb.org/person/656,0.82,63.5,61.0,87.89,83.52,5.05,383691
act-258,Gael García Bernal,GABE,Actor,Actor • 9 sampled film credits,TMDB 5000 credits sample,https://www.themoviedb.org/person/258,0.82,63.4,61.0,87.64,100.07,-0.35,395373
act-19302,Jason Mewes,JAME,Actor,Actor • 11 sampled film credits,TMDB 5000 credits sample,https://www.themoviedb.org/person/19302,0.82,63.5,61.0,87.83,91.4,-1.52,224287
act-3035,Jerry O'Connell,JEOC,Actor,Actor • 8 sampled film credits,TMDB 5000 credits sample,https://www.themoviedb.org/person/3035,0.82,63.4,61.0,87.77,88.93,0.49,357544
act-9012,Jonny Lee Miller,JO10,Actor,Actor • 7 sampled film credits,TMDB 5000 credits sample,https://www.themoviedb.org/person/9012,0.82,63.4,61.0,87.68,88.2,7.17,212191
act-2192,Lambert Wilson,LAWI,Actor,Actor • 10 sampled film credits,TMDB 5000 credits sample,https://www.themoviedb.org/person/2192,0.82,63.5,61.0,87.85,95.78,2.54,299589
act-8293,Marion Cotillard,MAC5,Actor,Actor • 14 sampled film credits,TMDB 5000 credits sample,https://www.themoviedb.org/person/8293,0.82,63.4,61.0,87.79,86.91,5.64,269280
act-41883,Max Thieriot,MAT3,Actor,Actor • 10 sampled film credits,TMDB 5000 credits sample,https://www.themoviedb.org/person/41883,0.82,63.5,61.0,87.84,79.96,6.13,341133
act-1039,Peter Boyle,PEBO,Actor,Actor • 10 sampled film credits,TMDB 5000 credits sample,https://www.themoviedb.org/person/1039,0.82,63.4,61.0,87.61,90.34,4.5,246906
act-3037,Richard Dreyfuss,RIDR,Actor,Actor • 13 sampled film credits,TMDB 5000 credits sample,https://www.themoviedb.org/person/3037,0.82,63.4,61.0,87.69,92.82,0.49,219613
act-12931,Rita Wilson,RIWI,Actor,Actor • 13 sampled film credits,TMDB 5000 credits sample,https://www.themoviedb.org/person/12931,0.82,63.4,61.0,87.72,92.78,6.03,357284
act-60949,Rob Schneider,ROSC,Actor,Actor • 20 sampled film credits,TMDB 5000 credits sample,https://www.themoviedb.org/person/60949,0.82,63.4,61.0,87.75,91.43,-6.59,429050
act-56323,Tina Fey,TIFE,Actor,Actor • 11 sampled film credits,TMDB 5000 credits sample,https://www.themoviedb.org/person/56323,0.82,63.4,61.0,87.74,93.74,-6.45,242070
act-27428,Aaron Taylor-Johnson,AATA,Actor,Actor • 11 sampled film credits,TMDB 5000 credits sample,https://www.themoviedb.org/person/27428,0.82,63.3,60.9,87.44,100.4,2.94,241945
act-21343,Ben Chaplin,BECH,Actor,Actor • 10 sampled film credits,TMDB 5000 credits sample,https://www.themoviedb.org/person/21343,0.82,63.3,60.9,87.5,83.74,-4.34,222145
act-5577,Chris O'Donnell,CHOD,Actor,Actor • 8 sampled film credits,TMDB 5000 credits sample,https://www.themoviedb.org/person/5577,0.82,63.3,60.9,87.58,91.75,-5.21,323796
act-16560,David Caruso,DAC3,Actor,Actor • 7 sampled film credits,TMDB 5000 credits sample,https://www.themoviedb.org/person/16560,0.82,63.3,60.9,87.53,85.87,5.81,354840
act-937,Derek Jacobi,DEJA,Actor,Actor • 15 sampled film credits,TMDB 5000 credits sample,https://www.themoviedb.org/person/937,0.82,63.3,60.9,87.43,91.36,-2.27,334495
act-27578,Ellen Page,ELPA,Actor,Actor • 10 sampled film credits,TMDB 5000 credits sample,https://www.themoviedb.org/person/27578,0.82,63.4,60.9,87.59,88.4,3.42,298160
act-3713,Frances Fisher,FRFI,Actor,Actor • 15 sampled film credits,TMDB 5000 credits sample,https://www.themoviedb.org/person/3713,0.82,63.3,60.9,87.51,99.12,-5.74,212222
act-21163,Gary Cole,GACO,Actor,Actor • 15 sampled film credits,TMDB 5000 credits sample,https://www.themoviedb.org/person/21163,0.82,63.3,60.9,87.37,80.22,-5.42,394031
act-973,Jason Flemyng,JAFL,Actor,Actor • 24 sampled film credits,TMDB 5000 credits sample,https://www.themoviedb.org/person/973,0.82,63.3,60.9,87.41,81.69,9.17,227552
act-17881,Jason Schwartzman,JASC,Actor,Actor • 14 sampled film credits,TMDB 5000 credits sample,https://www.themoviedb.org/person/17881,0.82,63.3,60.9,87.46,91.92,-4.39,460948
act-58224,Jason Sudeikis,JASU,Actor,Actor • 16 sampled film credits,TMDB 5000 credits sample,https://www.themoviedb.org/person/58224,0.82,63.3,60.9,87.37,81.68,-3.91,246778
act-34195,Jayma Mays,JAM6,Actor,Actor • 5 sampled film credits,TMDB 5000 credits sample,https://www.themoviedb.org/person/34195,0.82,63.2,60.9,87.33,83.42,-5.76,194700
act-56251,Kevin Heffernan,KEHE,Actor,Actor • 6 sampled film credits,TMDB 5000 credits sample,https://www.themoviedb.org/person/56251,0.82,63.3,60.9,87.36,96.99,1.59,275624
act-128206,Lea Michele,LEMI,Actor,Actor • 3 sampled film credits,TMDB 5000 credits sample,https://www.themoviedb.org/person/128206,0.82,63.2,60.9,87.33,102.13,6.86,335192
act-2140,Monica Potter,MOP2,Actor,Actor • 7 sampled film credits,TMDB 5000 credits sample,https://www.themoviedb.org/person/2140,0.82,63.3,60.9,87.51,82.32,-5.99,354950
act-17402,Ron Livingston,ROLI,Actor,Actor • 13 sampled film credits,TMDB 5000 credits sample,https://www.themoviedb.org/person/17402,0.82,63.3,60.9,87.56,95.69,5.53,337817
act-14344,Stuart Wilson,STWI,Actor,Actor • 9 sampled film credits,TMDB 5000 credits sample,https://www.themoviedb.org/person/14344,0.82,63.3,60.9,87.38,93.3,-6.57,367757
act-6163,Adam Goldberg,ADGO,Actor,Actor • 12 sampled film credits,TMDB 5000 credits sample,https://www.themoviedb.org/person/6163,0.82,63.2,60.8,87.23,89.64,8.69,390451
act-53807,Armie Hammer,ARHA,Actor,Actor • 7 sampled film credits,TMDB 5000 credits sample,https://www.themoviedb.org/person/53807,0.82,63.1,60.8,87.05,84.05,-2.51,365554
act-10556,Carol Kane,CAK2,Actor,Actor • 10 sampled film credits,TMDB 5000 credits sample,https://www.themoviedb.org/person/10556,0.82,63.1,60.8,87.05,80.88,0.94,429081
act-1341,Donnie Yen,DOYE,Actor,Actor • 7 sampled film credits,TMDB 5000 credits sample,https://www.themoviedb.org/person/1341,0.82,63.2,60.8,87.26,99.52,1.54,374772
act-1210,Héctor Elizondo,HEEL,Actor,Actor • 13 sampled film credits,TMDB 5000 credits sample,https://www.themoviedb.org/person/1210,0.82,63.2,60.8,87.29,85.99,-6.98,396213
act-52848,Isla Fisher,ISFI,Actor,Actor • 10 sampled film credits,TMDB 5000 credits sample,https://www.themoviedb.org/person/52848,0.82,63.2,60.8,87.19,87.88,3.55,425624
act-16429,Jacob Vargas,JAVA,Actor,Actor • 13 sampled film credits,TMDB 5000 credits sample,https://www.themoviedb.org/person/16429,0.82,63.2,60.8,87.18,100.01,-0.55,244568
act-1137,Juliette Binoche,JUBI,Actor,Actor • 7 sampled film credits,TMDB 5000 credits sample,https://www.themoviedb.org/person/1137,0.82,63.1,60.8,87.08,89.38,-1.52,273868
act-8335,Kim Coates,KICO,Actor,Actor • 11 sampled film credits,TMDB 5000 credits sample,https://www.themoviedb.org/person/8335,0.82,63.1,60.8,87.02,87.65,5.51,216085
act-54470,Lauren Ambrose,LAAM,Actor,Actor • 5 sampled film credits,TMDB 5000 credits sample,https://www.themoviedb.org/person/54470,0.82,63.1,60.8,87.01,93.05,2.54,380930
act-7633,Leslie Nielsen,LENI,Actor,Actor • 11 sampled film credits,TMDB 5000 credits sample,https://www.themoviedb.org/person/7633,0.82,63.1,60.8,87.05,95.82,1.47,383603
act-49961,Michelle Trachtenberg,MITR,Actor,Actor • 8 sampled film credits,TMDB 5000 credits sample,https://www.themoviedb.org/person/49961,0.82,63.2,60.8,87.18,92.46,-0.17,213261
act-2230,Pam Grier,PAGR,Actor,Actor • 13 sampled film credits,TMDB 5000 credits sample,https://www.themoviedb.org/person/2230,0.82,63.2,60.8,87.24,95.96,6.46,230256
act-57147,Paul Hogan,PAHO,Actor,Actor • 4 sampled film credits,TMDB 5000 credits sample,https://www.themoviedb.org/person/57147,0.82,63.2,60.8,87.29,93.29,8.3,252511
act-1923,Robbie Coltrane,ROC3,Actor,Actor • 19 sampled film credits,TMDB 5000 credits sample,https://www.themoviedb.org/person/1923,0.82,63.2,60.8,87.25,94.23,0.41,392957
act-61697,Sung Kang,SUK2,Actor,Actor • 11 sampled film credits,TMDB 5000 credits sample,https://www.themoviedb.org/person/61697,0.82,63.2,60.8,87.25,93.44,5.54,404688
act-12900,Wallace Shawn,WASH,Actor,Actor • 25 sampled film credits,TMDB 5000 credits sample,https://www.themoviedb.org/person/12900,0.82,63.1,60.8,87.01,98.7,7.41,266576
act-1023139,Adam Driver,ADDR,Actor,Actor • 7 sampled film credits,TMDB 5000 credits sample,https://www.themoviedb.org/person/1023139,0.82,63.1,60.7,86.88,86.89,6.53,177665
act-38026,Chris Noth,CHNO,Actor,Actor • 5 sampled film credits,TMDB 5000 credits sample,https://www.themoviedb.org/person/38026,0.82,63.0,60.7,86.73,82.42,8.9,358864
act-51298,Dax Shepard,DASH,Actor,Actor • 11 sampled film credits,TMDB 5000 credits sample,https://www.themoviedb.org/person/51298,0.82,63.0,60.7,86.75,99.2,0.34,233087
act-352,Dennis Haysbert,DEHA,Actor,Actor • 15 sampled film credits,TMDB 5000 credits sample,https://www.themoviedb.org/person/352,0.82,63.0,60.7,86.74,84.56,-6.85,338208
act-3272,Drake Bell,DRBE,Actor,Actor • 5 sampled film credits,TMDB 5000 credits sample,https://www.themoviedb.org/person/3272,0.82,63.0,60.7,86.79,101.63,0.76,336148
act-820,Edward Furlong,EDFU,Actor,Actor • 6 sampled film credits,TMDB 5000 credits sample,https://www.themoviedb.org/person/820,0.82,63.0,60.7,86.79,87.97,-0.01,355956
act-10912,Eva Green,EVGR,Actor,Actor • 7 sampled film credits,TMDB 5000 credits sample,https://www.themoviedb.org/person/10912,0.82,63.0,60.7,86.84,97.03,-0.19,349846
act-41798,George Lopez,GELO,Actor,Actor • 12 sampled film credits,TMDB 5000 credits sample,https://www.themoviedb.org/person/41798,0.82,63.1,60.7,86.93,87.42,-3.08,278238
act-6860,Jimmy Bennett,JIB2,Actor,Actor • 11 sampled film credits,TMDB 5000 credits sample,https://www.themoviedb.org/person/6860,0.82,63.0,60.7,86.73,79.65,7.59,290163
act-16858,Lauren Graham,LAGR,Actor,Actor • 10 sampled film credits,TMDB 5000 credits sample,https://www.themoviedb.org/person/16858,0.82,63.0,60.7,86.78,96.57,-2.27,231645
act-51988,Lizzy Caplan,LICA,Actor,Actor • 9 sampled film credits,TMDB 5000 credits sample,https://www.themoviedb.org/person/51988,0.82,63.0,60.7,86.74,93.46,3.53,262685
act-3125,Madonna,MAD4,Actor,Actor • 10 sampled film credits,TMDB 5000 credits sample,https://www.themoviedb.org/person/3125,0.82,63.0,60.7,86.79,85.6,-5.46,284035
act-31028,Richard Schiff,RISC,Actor,Actor • 26 sampled film credits,TMDB 5000 credits sample,https://www.themoviedb.org/person/31028,0.82,63.1,60.7,86.9,95.66,0.44,381528
act-1162,Robert Loggia,ROL2,Actor,Actor • 10 sampled film credits,TMDB 5000 credits sample,https://www.themoviedb.org/person/1162,0.82,63.1,60.7,86.94,93.27,2.77,371043
act-36669,Rupert Friend,RUFR,Actor,Actor • 8 sampled film credits,TMDB 5000 credits sample,https://www.themoviedb.org/person/36669,0.82,63.1,60.7,86.92,95.17,3.98,314405
act-32987,Sam Riley,SARI,Actor,Actor • 5 sampled film credits,TMDB 5000 credits sample,https://www.themoviedb.org/person/32987,0.82,63.1,60.7,86.86,81.91,6.72,366531
act-22108,Skeet Ulrich,SKUL,Actor,Actor • 8 sampled film credits,TMDB 5000 credits sample,https://www.themoviedb.org/person/22108,0.82,63.0,60.7,86.85,99.11,-1.09,187422
act-13784,Burt Lancaster,BULA,Actor,Actor • 5 sampled film credits,TMDB 5000 credits sample,https://www.themoviedb.org/person/13784,0.82,63.0,60.6,86.63,95.04,4.98,319202
act-14409,David Schwimmer,DASC,Actor,Actor • 7 sampled film credits,TMDB 5000 credits sample,https://www.themoviedb.org/person/14409,0.82,62.9,60.6,86.55,92.95,8.77,399535
act-1125,Ewen Bremner,EWBR,Actor,Actor • 14 sampled film credits,TMDB 5000 credits sample,https://www.themoviedb.org/person/1125,0.82,63.0,60.6,86.64,92.63,-2.51,405705
act-41419,Hugh Laurie,HULA,Actor,Actor • 13 sampled film credits,TMDB 5000 credits sample,https://www.themoviedb.org/person/41419,0.82,63.0,60.6,86.68,86.83,7.52,283274
act-56824,Jaime Pressly,JAPR,Actor,Actor • 9 sampled film credits,TMDB 5000 credits sample,https://www.themoviedb.org/person/56824,0.82,63.0,60.6,86.65,85.08,7.16,396036
act-21197,Janeane Garofalo,JAG3,Actor,Actor • 15 sampled film credits,TMDB 5000 credits sample,https://www.themoviedb.org/person/21197,0.82,62.9,60.6,86.43,85.85,-5.67,335667
act-53283,Jonathan Taylor Thomas,JOTH,Actor,Actor • 3 sampled film credits,TMDB 5000 credits sample,https://www.themoviedb.org/person/53283,0.82,62.9,60.6,86.52,93.43,-7.33,287988
act-6473,Kelly Lynch,KELY,Actor,Actor • 7 sampled film credits,TMDB 5000 credits sample,https://www.themoviedb.org/person/6473,0.82,62.9,60.6,86.48,97.89,4.88,319979
act-14408,Matthew Perry,MAP4,Actor,Actor • 6 sampled film credits,TMDB 5000 credits sample,https://www.themoviedb.org/person/14408,0.82,62.9,60.6,86.46,82.35,3.85,340447
act-1294,Missi Pyle,MIPY,Actor,Actor • 19 sampled film credits,TMDB 5000 credits sample,https://www.themoviedb.org/person/1294,0.82,62.9,60.6,86.42,82.32,-6.64,276972
act-40,Orson Welles,ORWE,Actor,Actor • 8 sampled film credits,TMDB 5000 credits sample,https://www.themoviedb.org/person/40,0.82,62.9,60.6,86.58,100.51,-0.6,212074
act-52851,Paula Patton,PAPA,Actor,Actor • 14 sampled film credits,TMDB 5000 credits sample,https://www.themoviedb.org/person/52851,0.82,63.0,60.6,86.65,76.85,-6.12,417169
act-71403,Rob Riggle,RORI,Actor,Actor • 17 sampled film credits,TMDB 5000 credits sample,https://www.themoviedb.org/person/71403,0.82,62.9,60.6,86.47,93.49,3.7,367004
act-20767,Samantha Mathis,SAM3,Actor,Actor • 8 sampled film credits,TMDB 5000 credits sample,https://www.themoviedb.org/person/20767,0.82,63.0,60.6,86.63,88.84,6.21,289896
act-23459,Sienna Miller,SIM2,Actor,Actor • 8 sampled film credits,TMDB 5000 credits sample,https://www.themoviedb.org/person/23459,0.82,62.9,60.6,86.56,83.52,5.5,305732
act-8893,Stockard Channing,STC4,Actor,Actor • 10 sampled film credits,TMDB 5000 credits sample,https://www.themoviedb.org/person/8893,0.82,62.9,60.6,86.47,87.5,-6.84,327241
act-84214,Taylor Lautner,TALA,Actor,Actor • 10 sampled film credits,TMDB 5000 credits sample,https://www.themoviedb.org/person/84214,0.82,62.9,60.6,86.46,81.47,9.4,216373
act-28641,Terence Stamp,TEST,Actor,Actor • 21 sampled film credits,TMDB 5000 credits sample,https://www.themoviedb.org/person/28641,0.82,62.9,60.6,86.56,80.35,-0.11,233977
act-43120,Andy Dick,ANDI,Actor,Actor • 17 sampled film credits,TMDB 5000 credits sample,https://www.themoviedb.org/person/43120,0.82,62.8,60.5,86.34,85.08,3.47,343135
act-55493,Brady Corbet,BRC3,Actor,Actor • 8 sampled film credits,TMDB 5000 credits sample,https://www.themoviedb.org/person/55493,0.82,62.8,60.5,86.33,99.58,-6.7,229015
act-9139,Celia Imrie,CEIM,Actor,Actor • 15 sampled film credits,TMDB 5000 credits sample,https://www.themoviedb.org/person/9139,0.82,62.8,60.5,86.36,90.66,-1.53,273049
act-52776,Dagmara Domińczyk,DAD3,Actor,Actor • 9 sampled film credits,TMDB 5000 credits sample,https://www.themoviedb.org/person/52776,0.82,62.8,60.5,86.27,88.62,6.58,208406
act-15543,Derek Luke,DEL2,Actor,Actor • 13 sampled film credits,TMDB 5000 credits sample,https://www.themoviedb.org/person/15543,0.82,62.9,60.5,86.4,85.61,0.76,381940
act-16856,Gabriel Macht,GAMA,Actor,Actor • 9 sampled film credits,TMDB 5000 credits sample,https://www.themoviedb.org/person/16856,0.82,62.8,60.5,86.17,89.37,2.65,422154
act-51989,Jessica Lucas,JELU,Actor,Actor • 7 sampled film credits,TMDB 5000 credits sample,https://www.themoviedb.org/person/51989,0.82,62.8,60.5,86.19,86.6,8.89,307999
act-9629,Jon Gries,JOGR,Actor,Actor • 14 sampled film credits,TMDB 5000 credits sample,https://www.themoviedb.org/person/9629,0.82,62.8,60.5,86.17,85.04,-0.07,408914
act-83586,Ken Jeong,KEJE,Actor,Actor • 22 sampled film credits,TMDB 5000 credits sample,https://www.themoviedb.org/person/83586,0.82,62.8,60.5,86.34,86.5,-2.5,320230
act-54789,Sean Patrick Flanery,SEFL,Actor,Actor • 6 sampled film credits,TMDB 5000 credits sample,https://www.themoviedb.org/person/54789,0.82,62.8,60.5,86.33,90.58,8.12,238086
act-4252,Tony Shalhoub,TOSH,Actor,Actor • 22 sampled film credits,TMDB 5000 credits sample,https://www.themoviedb.org/person/4252,0.82,62.8,60.5,86.23,81.01,5.36,235257
act-52414,Cameron Bright,CABR,Actor,Actor • 11 sampled film credits,TMDB 5000 credits sample,https://www.themoviedb.org/person/52414,0.82,62.7,60.4,85.9,82.56,-1.55,238423
act-17287,Dominic West,DOWE,Actor,Actor • 16 sampled film credits,TMDB 5000 credits sample,https://www.themoviedb.org/person/17287,0.82,62.7,60.4,86.06,90.99,-6.39,434063
act-449,Jay Baruchel,JAB5,Actor,Actor • 14 sampled film credits,TMDB 5000 credits sample,https://www.themoviedb.org/person/449,0.82,62.7,60.4,86.02,95.4,1.84,291321
act-7906,Jennifer Tilly,JETI,Actor,Actor • 13 sampled film credits,TMDB 5000 credits sample,https://www.themoviedb.org/person/7906,0.82,62.7,60.4,85.9,92.45,6.99,209707
act-4251,John Mahoney,JO15,Actor,Actor • 8 sampled film credits,TMDB 5000 credits sample,https://www.themoviedb.org/person/4251,0.82,62.6,60.4,85.87,82.39,-2.56,387467
act-57166,Linda Kozlowski,LIKO,Actor,Actor • 3 sampled film credits,TMDB 5000 credits sample,https://www.themoviedb.org/person/57166,0.82,62.7,60.4,86.07,98.7,6.48,278121
act-52849,Louis C.K.,LOCK,Actor,Actor • 6 sampled film credits,TMDB 5000 credits sample,https://www.themoviedb.org/person/52849,0.82,62.7,60.4,85.98,95.82,5.48,353014
act-15424,Michael Vartan,MIVA,Actor,Actor • 6 sampled film credits,TMDB 5000 credits sample,https://www.themoviedb.org/person/15424,0.82,62.7,60.4,86.04,86.28,-0.65,280853
act-11663,Patrick Fugit,PAFU,Actor,Actor • 8 sampled film credits,TMDB 5000 credits sample,https://www.themoviedb.org/person/11663,0.82,62.6,60.4,85.86,86.56,6.58,173883
act-28042,Rory Culkin,ROCU,Actor,Actor • 9 sampled film credits,TMDB 5000 credits sample,https://www.themoviedb.org/person/28042,0.82,62.7,60.4,86.07,92.39,7.52,389589
act-31070,Ryan O'Neal,RYON,Actor,Actor • 7 sampled film credits,TMDB 5000 credits sample,https://www.themoviedb.org/person/31070,0.82,62.7,60.4,85.96,92.91,0.36,292076
act-35654,Spencer Breslin,SPBR,Actor,Actor • 8 sampled film credits,TMDB 5000 credits sample,https://www.themoviedb.org/person/35654,0.82,62.6,60.4,85.85,76.43,-1.33,314254
act-54815,Steven Strait,STS2,Actor,Actor • 6 sampled film credits,TMDB 5000 credits sample,https://www.themoviedb.org/person/54815,0.82,62.6,60.4,85.82,80.82,3.07,264528
act-62644,50 Cent,CENT,Actor,Actor • 8 sampled film credits,TMDB 5000 credits sample,https://www.themoviedb.org/person/62644,0.82,62.6,60.3,85.74,91.63,-2.86,408088
act-20644,Aasif Mandvi,AAMA,Actor,Actor • 13 sampled film credits,TMDB 5000 credits sample,https://www.themoviedb.org/person/20644,0.82,62.5,60.3,85.57,84.74,3.87,327597
act-73457,Chris Pratt,CHP3,Actor,Actor • 14 sampled film credits,TMDB 5000 credits sample,https://www.themoviedb.org/person/73457,0.82,62.6,60.3,85.67,91.17,-5.37,225166
act-11160,Danny Trejo,DAT2,Actor,Actor • 27 sampled film credits,TMDB 5000 credits sample,https://www.themoviedb.org/person/11160,0.82,62.5,60.3,85.52,92.52,-3.06,223533
act-6200,Diane Venora,DIVE,Actor,Actor • 8 sampled film credits,TMDB 5000 credits sample,https://www.themoviedb.org/person/6200,0.82,62.5,60.3,85.61,84.62,8.37,311632
act-2133,Dina Meyer,DIME,Actor,Actor • 10 sampled film credits,TMDB 5000 credits sample,https://www.themoviedb.org/person/2133,0.82,62.5,60.3,85.54,97.55,-0.07,285961
act-15336,Dougray Scott,DOSC,Actor,Actor • 9 sampled film credits,TMDB 5000 credits sample,https://www.themoviedb.org/person/15336,0.82,62.6,60.3,85.8,85.91,6.56,236981
act-53117,Dustin Milligan,DUMI,Actor,Actor • 7 sampled film credits,TMDB 5000 credits sample,https://www.themoviedb.org/person/53117,0.82,62.5,60.3,85.57,84.83,5.23,221991
act-1164,F. Murray Abraham,FABX,Actor,Actor • 12 sampled film credits,TMDB 5000 credits sample,https://www.themoviedb.org/person/1164,0.82,62.6,60.3,85.73,87.78,5.05,364099
act-6857,Jacinda Barrett,JAB6,Actor,Actor • 6 sampled film credits,TMDB 5000 credits sample,https://www.themoviedb.org/person/6857,0.82,62.6,60.3,85.65,90.35,5.4,385867
act-141762,Joe Chrest,JO20,Actor,Actor • 18 sampled film credits,TMDB 5000 credits sample,https://www.themoviedb.org/person/141762,0.82,62.6,60.3,85.71,95.95,5.76,353278
act-19536,Josh Duhamel,JODU,Actor,Actor • 9 sampled film credits,TMDB 5000 credits sample,https://www.themoviedb.org/person/19536,0.82,62.6,60.3,85.65,94.36,0.66,311509
act-10437,Lily Tomlin,LITO,Actor,Actor • 8 sampled film credits,TMDB 5000 credits sample,https://www.themoviedb.org/person/10437,0.82,62.5,60.3,85.54,82.4,4.6,334817
act-22132,M.C. Gainey,MCGA,Actor,Actor • 20 sampled film credits,TMDB 5000 credits sample,https://www.themoviedb.org/person/22132,0.82,62.6,60.3,85.78,81.28,0.99,286790
act-39995,Michael Cera,MICE,Actor,Actor • 12 sampled film credits,TMDB 5000 credits sample,https://www.themoviedb.org/person/39995,0.82,62.6,60.3,85.78,80.51,6.08,225146
act-17039,Nick Offerman,NIOF,Actor,Actor • 17 sampled film credits,TMDB 5000 credits sample,https://www.themoviedb.org/person/17039,0.82,62.5,60.3,85.61,80.43,0.19,328850
act-2879,Rob Lowe,ROLO,Actor,Actor • 11 sampled film credits,TMDB 5000 credits sample,https://www.themoviedb.org/person/2879,0.82,62.5,60.3,85.52,89.35,-6.39,415107
act-81295,Shane West,SHWE,Actor,Actor • 7 sampled film credits,TMDB 5000 credits sample,https://www.themoviedb.org/person/81295,0.82,62.6,60.3,85.65,77.22,-1.55,366220
act-4139,Tom Skerritt,TOSK,Actor,Actor • 10 sampled film credits,TMDB 5000 credits sample,https://www.themoviedb.org/person/4139,0.82,62.6,60.3,85.7,79.93,5.25,407214
act-227454,Alicia Vikander,ALVI,Actor,Actor • 7 sampled film credits,TMDB 5000 credits sample,https://www.themoviedb.org/person/227454,0.82,62.4,60.2,85.26,96.54,-3.5,410176
act-37625,Andrew Garfield,ANG3,Actor,Actor • 8 sampled film credits,TMDB 5000 credits sample,https://www.themoviedb.org/person/37625,0.82,62.5,60.2,85.46,89.83,4.88,348673
act-23346,Armand Assante,ARAS,Actor,Actor • 8 sampled film credits,TMDB 5000 credits sample,https://www.themoviedb.org/person/23346,0.82,62.4,60.2,85.24,78.66,6.46,329421
act-71580,Benedict Cumberbatch,BECU,Actor,Actor • 16 sampled film credits,TMDB 5000 credits sample,https://www.themoviedb.org/person/71580,0.82,62.4,60.2,85.34,89.71,3.0,239314
act-679,Franka Potente,FRPO,Actor,Actor • 7 sampled film credits,TMDB 5000 credits sample,https://www.themoviedb.org/person/679,0.82,62.5,60.2,85.46,80.67,3.52,380904
act-12791,Hugh Dancy,HUDA,Actor,Actor • 9 sampled film credits,TMDB 5000 credits sample,https://www.themoviedb.org/person/12791,0.82,62.4,60.2,85.26,89.36,0.14,246012
act-21353,Isaiah Washington,ISWA,Actor,Actor • 11 sampled film credits,TMDB 5000 credits sample,https://www.themoviedb.org/person/21353,0.82,62.5,60.2,85.44,89.9,8.09,272170
act-298410,Keegan-Michael Key,KEKE,Actor,Actor • 15 sampled film credits,TMDB 5000 credits sample,https://www.themoviedb.org/person/298410,0.82,62.4,60.2,85.3,89.43,2.45,350186
act-56614,Ray Stevenson,RAS2,Actor,Actor • 12 sampled film credits,TMDB 5000 credits sample,https://www.themoviedb.org/person/56614,0.82,62.4,60.2,85.3,85.6,0.23,204358
act-41901,Roselyn Sánchez,ROS5,Actor,Actor • 8 sampled film credits,TMDB 5000 credits sample,https://www.themoviedb.org/person/41901,0.82,62.5,60.2,85.41,95.4,8.32,261174
act-2226,Sydney Pollack,SYPO,Actor,Actor • 8 sampled film credits,TMDB 5000 credits sample,https://www.themoviedb.org/person/2226,0.82,62.5,60.2,85.48,82.29,7.09,311820
act-1065,Thomas F. Wilson,THWI,Actor,Actor • 9 sampled film credits,TMDB 5000 credits sample,https://www.themoviedb.org/person/1065,0.82,62.5,60.2,85.45,93.84,1.87,331463
act-39388,Amy Ryan,AMRY,Actor,Actor • 12 sampled film credits,TMDB 5000 credits sample,https://www.themoviedb.org/person/39388,0.82,62.3,60.1,85.01,84.44,-2.65,200048
act-67600,Ashley Tisdale,ASTI,Actor,Actor • 5 sampled film credits,TMDB 5000 credits sample,https://www.themoviedb.org/person/67600,0.82,62.3,60.1,84.98,96.17,3.95,328557
act-18354,Bridget Moynahan,BRMO,Actor,Actor • 8 sampled film credits,TMDB 5000 credits sample,https://www.themoviedb.org/person/18354,0.82,62.3,60.1,85.09,91.76,0.23,308643
act-2040,Christopher Eccleston,CHEC,Actor,Actor • 8 sampled film credits,TMDB 5000 credits sample,https://www.themoviedb.org/person/2040,0.82,62.3,60.1,85.02,94.92,4.63,362663
act-14405,Courteney Cox,COCO,Actor,Actor • 11 sampled film credits,TMDB 5000 credits sample,https://www.themoviedb.org/person/14405,0.82,62.3,60.1,85.06,89.18,-0.65,242542
act-35029,David Harbour,DAH3,Actor,Actor • 10 sampled film credits,TMDB 5000 credits sample,https://www.themoviedb.org/person/35029,0.82,62.3,60.1,84.94,91.74,-5.37,381949
act-20173,Don McKellar,DOMC,Actor,Actor • 7 sampled film credits,TMDB 5000 credits sample,https://www.themoviedb.org/person/20173,0.82,62.3,60.1,85.04,94.4,6.03,371206
act-72855,Felicity Jones,FEJO,Actor,Actor • 5 sampled film credits,TMDB 5000 credits sample,https://www.themoviedb.org/person/72855,0.82,62.4,60.1,85.19,89.03,3.6,369906
act-28410,Jake Busey,JABU,Actor,Actor • 11 sampled film credits,TMDB 5000 credits sample,https://www.themoviedb.org/person/28410,0.82,62.3,60.1,85.01,90.0,-2.28,352530
act-1749,Leonard Nimoy,LEN2,Actor,Actor • 12 sampled film credits,TMDB 5000 credits sample,https://www.themoviedb.org/person/1749,0.82,62.3,60.1,84.93,84.0,0.79,320301
act-87722,Noomi Rapace,NORA,Actor,Actor • 4 sampled film credits,TMDB 5000 credits sample,https://www.themoviedb.org/person/87722,0.82,62.3,60.1,85.12,81.25,-3.45,346575
act-18041,Oded Fehr,ODFE,Actor,Actor • 9 sampled film credits,TMDB 5000 credits sample,https://www.themoviedb.org/person/18041,0.82,62.3,60.1,85.03,82.05,-2.98,289556
act-80591,Rashida Jones,RAJO,Actor,Actor • 10 sampled film credits,TMDB 5000 credits sample,https://www.themoviedb.org/person/80591,0.82,62.3,60.1,84.97,85.45,6.54,250723
act-221581,Rebel Wilson,REW2,Actor,Actor • 12 sampled film credits,TMDB 5000 credits sample,https://www.themoviedb.org/person/221581,0.82,62.3,60.1,85.06,84.15,0.54,337136
act-35705,Regina Hall,REH2,Actor,Actor • 12 sampled film credits,TMDB 5000 credits sample,https://www.themoviedb.org/person/35705,0.82,62.3,60.1,85.08,86.77,8.93,361763
act-5341,Richard Burton,RIBU,Actor,Actor • 4 sampled film credits,TMDB 5000 credits sample,https://www.themoviedb.org/person/5341,0.82,62.3,60.1,85.0,93.36,-7.0,364244
act-928572,Scott Eastwood,SCEA,Actor,Actor • 13 sampled film credits,TMDB 5000 credits sample,https://www.themoviedb.org/person/928572,0.82,62.3,60.1,85.1,89.62,-4.24,316105
act-63522,Sofía Vergara,SOVE,Actor,Actor • 14 sampled film credits,TMDB 5000 credits sample,https://www.themoviedb.org/person/63522,0.82,62.3,60.1,85.1,92.61,-6.3,396661
act-5025,Vinessa Shaw,VISH,Actor,Actor • 9 sampled film credits,TMDB 5000 credits sample,https://www.themoviedb.org/person/5025,0.82,62.3,60.1,84.99,87.48,1.37,338807
act-18750,Annabella Sciorra,ANSC,Actor,Actor • 6 sampled film credits,TMDB 5000 credits sample,https://www.themoviedb.org/person/18750,0.82,62.1,60.0,84.64,87.06,8.07,218553
act-856,Ben Gazzara,BEGA,Actor,Actor • 11 sampled film credits,TMDB 5000 credits sample,https://www.themoviedb.org/person/856,0.82,62.2,60.0,84.79,85.9,0.29,289992
act-12438,Bob Balaban,BOB3,Actor,Actor • 21 sampled film credits,TMDB 5000 credits sample,https://www.themoviedb.org/person/12438,0.82,62.2,60.0,84.68,96.79,-4.34,315219
act-1370,Brad Dourif,BRDO,Actor,Actor • 13 sampled film credits,TMDB 5000 credits sample,https://www.themoviedb.org/person/1370,0.82,62.3,60.0,84.92,87.86,-0.24,254936
act-1017347,Brenton Thwaites,BRTH,Actor,Actor • 5 sampled film credits,TMDB 5000 credits sample,https://www.themoviedb.org/person/1017347,0.82,62.2,60.0,84.73,87.03,-0.45,391075
act-52018,Britt Robertson,BRR2,Actor,Actor • 8 sampled film credits,TMDB 5000 credits sample,https://www.themoviedb.org/person/52018,0.82,62.2,60.0,84.81,81.15,1.99,310403
act-4521,Burt Young,BUYO,Actor,Actor • 7 sampled film credits,TMDB 5000 credits sample,https://www.themoviedb.org/person/4521,0.82,62.2,60.0,84.84,77.99,7.36,236654
act-37158,Carmen Ejogo,CAEJ,Actor,Actor • 7 sampled film credits,TMDB 5000 credits sample,https://www.themoviedb.org/person/37158,0.82,62.1,60.0,84.66,99.44,4.76,352147
act-20190,Efren Ramirez,EFRA,Actor,Actor • 5 sampled film credits,TMDB 5000 credits sample,https://www.themoviedb.org/person/20190,0.82,62.2,60.0,84.77,79.86,3.92,265166
act-1281,Freddie Highmore,FRHI,Actor,Actor • 10 sampled film credits,TMDB 5000 credits sample,https://www.themoviedb.org/person/1281,0.82,62.1,60.0,84.67,90.79,5.36,212642
act-12950,George Kennedy,GEKE,Actor,Actor • 6 sampled film credits,TMDB 5000 credits sample,https://www.themoviedb.org/person/12950,0.82,62.2,60.0,84.71,86.01,-1.17,364609
act-55775,Katie Cassidy,KAC2,Actor,Actor • 5 sampled film credits,TMDB 5000 credits sample,https://www.themoviedb.org/person/55775,0.82,62.2,60.0,84.83,88.65,-0.45,262582
act-1211,Larry Miller,LAMI,Actor,Actor • 20 sampled film credits,TMDB 5000 credits sample,https://www.themoviedb.org/person/1211,0.82,62.2,60.0,84.83,89.79,3.19,235562
act-10843,Luke Goss,LUGO,Actor,Actor • 6 sampled film credits,TMDB 5000 credits sample,https://www.themoviedb.org/person/10843,0.82,62.2,60.0,84.71,86.77,5.84,324033
act-50347,Rachel Nichols,RANI,Actor,Actor • 9 sampled film credits,TMDB 5000 credits sample,https://www.themoviedb.org/person/50347,0.82,62.2,60.0,84.88,97.0,4.05,380821
act-11678,Rainn Wilson,RAW2,Actor,Actor • 12 sampled film credits,TMDB 5000 credits sample,https://www.themoviedb.org/person/11678,0.82,62.2,60.0,84.88,88.77,2.97,329744
act-30315,Richard Armitage,RIAR,Actor,Actor • 6 sampled film credits,TMDB 5000 credits sample,https://www.themoviedb.org/person/30315,0.82,62.1,60.0,84.66,84.95,4.85,281661
act-71530,Romany Malco,ROM3,Actor,Actor • 11 sampled film credits,TMDB 5000 credits sample,https://www.themoviedb.org/person/71530,0.82,62.2,60.0,84.85,92.45,-2.76,306562
act-12122,Ron Rifkin,ROR2,Actor,Actor • 13 sampled film credits,TMDB 5000 credits sample,https://www.themoviedb.org/person/12122,0.82,62.1,60.0,84.64,95.89,6.56,326957
act-1834,Shirley Henderson,SHHE,Actor,Actor • 15 sampled film credits,TMDB 5000 credits sample,https://www.themoviedb.org/person/1834,0.82,62.2,60.0,84.84,80.89,-6.6,251808
act-13014,Toby Jones,TOJ2,Actor,Actor • 26 sampled film credits,TMDB 5000 credits sample,https://www.themoviedb.org/person/13014,0.82,62.2,60.0,84.91,82.15,-0.19,270223
act-13022,Tom Berenger,TOBE,Actor,Actor • 10 sampled film credits,TMDB 5000 credits sample,https://www.themoviedb.org/person/13022,0.82,62.2,60.0,84.71,84.91,5.91,281547
act-6837,Walter Matthau,WAMA,Actor,Actor • 4 sampled film credits,TMDB 5000 credits sample,https://www.themoviedb.org/person/6837,0.82,62.2,60.0,84.81,82.19,-6.27,332285
act-11159,Cheech Marin,CHM3,Actor,Actor • 20 sampled film credits,TMDB 5000 credits sample,https://www.themoviedb.org/person/11159,0.82,62.0,59.9,84.4,81.03,5.64,196451
act-3492,Colin Hanks,COH2,Actor,Actor • 12 sampled film credits,TMDB 5000 credits sample,https://www.themoviedb.org/person/3492,0.82,62.1,59.9,84.53,82.09,-5.62,409296
act-3872,Daniel Brühl,DABR,Actor,Actor • 11 sampled film credits,TMDB 5000 credits sample,https://www.themoviedb.org/person/3872,0.82,62.1,59.9,84.54,88.7,2.87,395641
act-5892,David Hewlett,DAH2,Actor,Actor • 6 sampled film credits,TMDB 5000 credits sample,https://www.themoviedb.org/person/5892,0.82,62.1,59.9,84.53,85.02,-5.69,217676
act-19299,Eamonn Walker,EAWA,Actor,Actor • 7 sampled film credits,TMDB 5000 credits sample,https://www.themoviedb.org/person/19299,0.82,62.1,59.9,84.6,94.26,8.7,247752
act-52995,Edward Herrmann,EDH3,Actor,Actor • 12 sampled film credits,TMDB 5000 credits sample,https://www.themoviedb.org/person/52995,0.82,62.1,59.9,84.49,88.0,3.19,333652
act-7502,Ernest Borgnine,ERBO,Actor,Actor • 9 sampled film credits,TMDB 5000 credits sample,https://www.themoviedb.org/person/7502,0.82,62.1,59.9,84.46,95.06,-0.44,342254
act-15831,Frank Welker,FRWE,Actor,Actor • 33 sampled film credits,TMDB 5000 credits sample,https://www.themoviedb.org/person/15831,0.82,62.0,59.9,84.38,89.9,1.16,252022
act-69122,Heather Graham,HEGR,Actor,Actor • 15 sampled film credits,TMDB 5000 credits sample,https://www.themoviedb.org/person/69122,0.82,62.1,59.9,84.58,77.78,1.02,239586
act-12536,Jack Thompson,JATH,Actor,Actor • 10 sampled film credits,TMDB 5000 credits sample,https://www.themoviedb.org/person/12536,0.82,62.1,59.9,84.59,84.35,2.32,193476
act-16896,James Garner,JAG2,Actor,Actor • 7 sampled film credits,TMDB 5000 credits sample,https://www.themoviedb.org/person/16896,0.82,62.1,59.9,84.52,77.43,-2.55,412820
act-23958,Jeremy Sisto,JESI,Actor,Actor • 10 sampled film credits,TMDB 5000 credits sample,https://www.themoviedb.org/person/23958,0.82,62.0,59.9,84.39,93.41,-7.4,221403
act-92404,Joel Kinnaman,JOK3,Actor,Actor • 8 sampled film credits,TMDB 5000 credits sample,https://www.themoviedb.org/person/92404,0.82,62.0,59.9,84.41,77.85,4.58,259827
act-351,Judy Davis,JUDA,Actor,Actor • 9 sampled film credits,TMDB 5000 credits sample,https://www.themoviedb.org/person/351,0.82,62.1,59.9,84.6,95.39,-0.54,204146
act-2454,Matt Clark,MACL,Actor,Actor • 6 sampled film credits,TMDB 5000 credits sample,https://www.themoviedb.org/person/2454,0.82,62.0,59.9,84.38,96.4,-5.14,204766
act-51797,Nathan Fillion,NAFI,Actor,Actor • 12 sampled film credits,TMDB 5000 credits sample,https://www.themoviedb.org/person/51797,0.82,62.0,59.9,84.35,93.69,-3.08,428813
act-2203,Neal McDonough,NEMC,Actor,Actor • 12 sampled film credits,TMDB 5000 credits sample,https://www.themoviedb.org/person/2203,0.82,62.0,59.9,84.39,90.39,-2.05,190343
act-2165,Rosanna Arquette,ROAR,Actor,Actor • 12 sampled film credits,TMDB 5000 credits sample,https://www.themoviedb.org/person/2165,0.82,62.0,59.9,84.43,85.15,-0.9,347473
act-59233,Scoot McNairy,SCMC,Actor,Actor • 12 sampled film credits,TMDB 5000 credits sample,https://www.themoviedb.org/person/59233,0.82,62.0,59.9,84.35,93.76,9.08,263325
act-16327,Timothy Hutton,TIHU,Actor,Actor • 9 sampled film credits,TMDB 5000 credits sample,https://www.themoviedb.org/person/16327,0.82,62.1,59.9,84.56,82.34,-3.56,329846
act-6573,William Sadler,WISA,Actor,Actor • 17 sampled film credits,TMDB 5000 credits sample,https://www.themoviedb.org/person/6573,0.82,62.1,59.9,84.52,93.83,-5.79,191311
act-5367,Zach Braff,ZABR,Actor,Actor • 5 sampled film credits,TMDB 5000 credits sample,https://www.themoviedb.org/person/5367,0.82,62.1,59.9,84.55,90.57,8.27,305405
act-1534,Chris Elliott,CHEL,Actor,Actor • 8 sampled film credits,TMDB 5000 credits sample,https://www.themoviedb.org/person/1534,0.82,61.9,59.8,84.14,88.12,5.05,241560
act-4174,Claire Forlani,CLFO,Actor,Actor • 13 sampled film credits,TMDB 5000 credits sample,https://www.themoviedb.org/person/4174,0.82,61.9,59.8,84.06,81.05,0.84,323620
act-38582,David Krumholtz,DAKR,Actor,Actor • 17 sampled film credits,TMDB 5000 credits sample,https://www.themoviedb.org/person/38582,0.82,61.9,59.8,84.15,88.44,0.79,302731
act-13549,Deborah Kara Unger,DEUN,Actor,Actor • 9 sampled film credits,TMDB 5000 credits sample,https://www.themoviedb.org/person/13549,0.82,61.9,59.8,84.09,87.43,-4.04,346603
act-70456,Emily Browning,EMBR,Actor,Actor • 7 sampled film credits,TMDB 5000 credits sample,https://www.themoviedb.org/person/70456,0.82,62.0,59.8,84.33,79.51,2.79,258702
act-2683,Glenn Plummer,GLPL,Actor,Actor • 12 sampled film credits,TMDB 5000 credits sample,https://www.themoviedb.org/person/2683,0.82,62.0,59.8,84.24,82.58,2.75,187487
act-478,Jamie Bell,JAB4,Actor,Actor • 11 sampled film credits,TMDB 5000 credits sample,https://www.themoviedb.org/person/478,0.82,61.9,59.8,84.17,91.63,-1.5,468216
act-47296,Jeffrey Dean Morgan,JEMO,Actor,Actor • 9 sampled film credits,TMDB 5000 credits sample,https://www.themoviedb.org/person/47296,0.82,62.0,59.8,84.32,91.79,2.39,376685
act-8265,John Michael Higgins,JO11,Actor,Actor • 21 sampled film credits,TMDB 5000 credits sample,https://www.themoviedb.org/person/8265,0.82,61.9,59.8,84.09,82.36,6.54,216634
act-15887,Julia Ormond,JUOR,Actor,Actor • 7 sampled film credits,TMDB 5000 credits sample,https://www.themoviedb.org/person/15887,0.82,62.0,59.8,84.3,79.85,4.43,287322
act-10964,Laz Alonso,LAA2,Actor,Actor • 9 sampled film credits,TMDB 5000 credits sample,https://www.themoviedb.org/person/10964,0.82,62.0,59.8,84.24,84.37,5.68,222063
act-5313,Lena Olin,LEOL,Actor,Actor • 10 sampled film credits,TMDB 5000 credits sample,https://www.themoviedb.org/person/5313,0.82,61.9,59.8,84.08,87.86,-3.56,225874
act-96066,Liam Hemsworth,LIHE,Actor,Actor • 9 sampled film credits,TMDB 5000 credits sample,https://www.themoviedb.org/person/96066,0.82,62.0,59.8,84.32,80.34,-5.26,193661
act-1817,Linda Cardellini,LIC2,Actor,Actor • 9 sampled film credits,TMDB 5000 credits sample,https://www.themoviedb.org/person/1817,0.82,62.0,59.8,84.25,80.57,-6.2,322887
act-20766,Richard E. Grant,RIGR,Actor,Actor • 13 sampled film credits,TMDB 5000 credits sample,https://www.themoviedb.org/person/20766,0.82,61.9,59.8,84.07,89.99,-3.99,268822
act-31512,Robert John Burke,ROB2,Actor,Actor • 11 sampled film credits,TMDB 5000 credits sample,https://www.themoviedb.org/person/31512,0.82,62.0,59.8,84.34,78.89,-2.61,287023
act-60072,Sara Paxton,SAP3,Actor,Actor • 11 sampled film credits,TMDB 5000 credits sample,https://www.themoviedb.org/person/60072,0.82,61.9,59.8,84.12,82.62,8.49,245306
act-6751,Siobhan Fallon,SIFA,Actor,Actor • 18 sampled film credits,TMDB 5000 credits sample,https://www.themoviedb.org/person/6751,0.82,61.9,59.8,84.11,92.88,2.42,203094
act-8437,Teri Garr,TEGA,Actor,Actor • 9 sampled film credits,TMDB 5000 credits sample,https://www.themoviedb.org/person/8437,0.82,62.0,59.8,84.33,82.37,7.01,273509
act-8602,Alice Braga,ALB3,Actor,Actor • 9 sampled film credits,TMDB 5000 credits sample,https://www.themoviedb.org/person/8602,0.82,61.8,59.7,83.92,89.41,-5.57,345473
act-62861,Andy Samberg,ANSA,Actor,Actor • 16 sampled film credits,TMDB 5000 credits sample,https://www.themoviedb.org/person/62861,0.82,61.8,59.7,83.89,79.43,-4.84,288746
act-33656,Heather Matarazzo,HEMA,Actor,Actor • 9 sampled film credits,TMDB 5000 credits sample,https://www.themoviedb.org/person/33656,0.82,61.8,59.7,83.91,82.63,-7.37,221570
act-18285,Jennifer Esposito,JEES,Actor,Actor • 10 sampled film credits,TMDB 5000 credits sample,https://www.themoviedb.org/person/18285,0.82,61.9,59.7,83.97,98.88,7.41,283703
act-22290,Leelee Sobieski,LESO,Actor,Actor • 8 sampled film credits,TMDB 5000 credits sample,https://www.themoviedb.org/person/22290,0.82,61.9,59.7,84.04,79.12,-2.6,345839
act-32907,Nick Swardson,NISW,Actor,Actor • 18 sampled film credits,TMDB 5000 credits sample,https://www.themoviedb.org/person/32907,0.82,61.8,59.7,83.81,94.52,-0.35,329202
act-52442,Olivia Thirlby,OLT2,Actor,Actor • 10 sampled film credits,TMDB 5000 credits sample,https://www.themoviedb.org/person/52442,0.82,61.8,59.7,83.79,95.59,3.48,179940
act-10768,Rachel Ticotin,RATI,Actor,Actor • 9 sampled film credits,TMDB 5000 credits sample,https://www.themoviedb.org/person/10768,0.82,61.8,59.7,83.92,81.02,0.46,368358
act-4001,Simon Callow,SICA,Actor,Actor • 14 sampled film credits,TMDB 5000 credits sample,https://www.themoviedb.org/person/4001,0.82,61.8,59.7,83.95,95.67,-7.42,373543
act-537,Stephen Tobolowsky,STTO,Actor,Actor • 18 sampled film credits,TMDB 5000 credits sample,https://www.themoviedb.org/person/537,0.82,61.8,59.7,83.82,88.94,5.63,353389
act-60900,Taylor Kitsch,TAKI,Actor,Actor • 6 sampled film credits,TMDB 5000 credits sample,https://www.themoviedb.org/person/60900,0.82,61.8,59.7,83.92,80.3,1.71,406517
act-19384,Tony Todd,TOTO,Actor,Actor • 12 sampled film credits,TMDB 5000 credits sample,https://www.themoviedb.org/person/19384,0.82,61.9,59.7,84.05,92.75,-6.42,365372
act-37153,Zoë Kravitz,ZOKR,Actor,Actor • 12 sampled film credits,TMDB 5000 credits sample,https://www.themoviedb.org/person/37153,0.82,61.9,59.7,84.02,90.96,-0.09,257807
act-12647,Armin Mueller-Stahl,ARMU,Actor,Actor • 10 sampled film credits,TMDB 5000 credits sample,https://www.themoviedb.org/person/12647,0.82,61.7,59.6,83.69,79.22,5.06,324208
act-77896,Bill Bellamy,BIBE,Actor,Actor • 6 sampled film credits,TMDB 5000 credits sample,https://www.themoviedb.org/person/77896,0.82,61.8,59.6,83.74,81.29,5.23,190909
act-52374,Bruce Davison,BRDA,Actor,Actor • 8 sampled film credits,TMDB 5000 credits sample,https://www.themoviedb.org/person/52374,0.82,61.7,59.6,83.52,84.46,8.7,342772
act-6692,Caroline Goodall,CAGO,Actor,Actor • 13 sampled film credits,TMDB 5000 credits sample,https://www.themoviedb.org/person/6692,0.82,61.7,59.6,83.69,83.55,1.91,332310
act-56365,Charlie Hunnam,CHHU,Actor,Actor • 6 sampled film credits,TMDB 5000 credits sample,https://www.themoviedb.org/person/56365,0.82,61.7,59.6,83.61,79.99,-0.75,228250
act-14541,Chris Sarandon,CHS2,Actor,Actor • 4 sampled film credits,TMDB 5000 credits sample,https://www.themoviedb.org/person/14541,0.82,61.7,59.6,83.71,86.35,-4.34,326575
act-17782,Colm Meaney,COME,Actor,Actor • 10 sampled film credits,TMDB 5000 credits sample,https://www.themoviedb.org/person/17782,0.82,61.7,59.6,83.56,76.22,6.58,223581
act-24264,Craig Ferguson,CRFE,Actor,Actor • 7 sampled film credits,TMDB 5000 credits sample,https://www.themoviedb.org/person/24264,0.82,61.7,59.6,83.57,83.24,2.7,279019
act-8688,Diego Luna,DIL2,Actor,Actor • 9 sampled film credits,TMDB 5000 credits sample,https://www.themoviedb.org/person/8688,0.82,61.7,59.6,83.59,88.12,7.74,261703
act-475512,Ellie Kemper,ELK2,Actor,Actor • 9 sampled film credits,TMDB 5000 credits sample,https://www.themoviedb.org/person/475512,0.82,61.7,59.6,83.56,88.38,-1.45,349404
act-52605,Eva Longoria,EVLO,Actor,Actor • 7 sampled film credits,TMDB 5000 credits sample,https://www.themoviedb.org/person/52605,0.82,61.7,59.6,83.58,79.28,0.86,411815
act-4800,Gena Rowlands,GERO,Actor,Actor • 6 sampled film credits,TMDB 5000 credits sample,https://www.themoviedb.org/person/4800,0.82,61.8,59.6,83.73,82.42,-6.29,348390
act-13548,James Spader,JASP,Actor,Actor • 11 sampled film credits,TMDB 5000 credits sample,https://www.themoviedb.org/person/13548,0.82,61.7,59.6,83.59,77.42,-4.46,232071
act-5376,Jean Smart,JESM,Actor,Actor • 8 sampled film credits,TMDB 5000 credits sample,https://www.themoviedb.org/person/5376,0.82,61.7,59.6,83.68,82.83,-0.94,316704
act-8183,Kathleen Quinlan,KAQU,Actor,Actor • 10 sampled film credits,TMDB 5000 credits sample,https://www.themoviedb.org/person/8183,0.82,61.7,59.6,83.63,90.09,-4.33,349239
act-1907,Kathy Baker,KAB5,Actor,Actor • 11 sampled film credits,TMDB 5000 credits sample,https://www.themoviedb.org/person/1907,0.82,61.8,59.6,83.72,77.71,-4.64,243713
act-74688,Keke Palmer,KEPA,Actor,Actor • 7 sampled film credits,TMDB 5000 credits sample,https://www.themoviedb.org/person/74688,0.82,61.7,59.6,83.61,79.19,-3.15,205990
act-11510,Macaulay Culkin,MACU,Actor,Actor • 7 sampled film credits,TMDB 5000 credits sample,https://www.themoviedb.org/person/11510,0.82,61.8,59.6,83.74,87.92,5.56,368305
act-18352,Patrick Dempsey,PADE,Actor,Actor • 8 sampled film credits,TMDB 5000 credits sample,https://www.themoviedb.org/person/18352,0.82,61.8,59.6,83.73,92.62,3.02,228600
act-1118,Rade Serbedzija,RASE,Actor,Actor • 17 sampled film credits,TMDB 5000 credits sample,https://www.themoviedb.org/person/1118,0.82,61.7,59.6,83.65,84.07,6.06,436856
act-25540,Sandra Oh,SAOH,Actor,Actor • 14 sampled film credits,TMDB 5000 credits sample,https://www.themoviedb.org/person/25540,0.82,61.7,59.6,83.6,82.55,4.83,394283
act-5281,Spike Lee,SPLE,Actor,Actor • 10 sampled film credits,TMDB 5000 credits sample,https://www.themoviedb.org/person/5281,0.82,61.7,59.6,83.7,76.09,-3.83,354962
act-6449,Warren Beatty,WABE,Actor,Actor • 6 sampled film credits,TMDB 5000 credits sample,https://www.themoviedb.org/person/6449,0.82,61.7,59.6,83.68,91.55,8.19,309652
act-127558,Andrea Riseborough,ANR3,Actor,Actor • 5 sampled film credits,TMDB 5000 credits sample,https://www.themoviedb.org/person/127558,0.82,61.5,59.5,83.18,92.33,-2.23,272391
act-141,David Carradine,DAC4,Actor,Actor • 8 sampled film credits,TMDB 5000 credits sample,https://www.themoviedb.org/person/141,0.82,61.6,59.5,83.28,90.49,-1.07,354503
act-9906,Desmond Llewelyn,DELL,Actor,Actor • 17 sampled film credits,TMDB 5000 credits sample,https://www.themoviedb.org/person/9906,0.82,61.6,59.5,83.35,88.07,2.74,213189
act-1665,Eddie Marsan,EDMA,Actor,Actor • 18 sampled film credits,TMDB 5000 credits sample,https://www.themoviedb.org/person/1665,0.82,61.5,59.5,83.23,79.36,1.16,429498
act-78452,Gina Carano,GICA,Actor,Actor • 4 sampled film credits,TMDB 5000 credits sample,https://www.themoviedb.org/person/78452,0.82,61.5,59.5,83.19,90.69,2.3,167917
act-643,Gong Li,GOLI,Actor,Actor • 6 sampled film credits,TMDB 5000 credits sample,https://www.themoviedb.org/person/643,0.82,61.6,59.5,83.29,87.76,-3.81,340802
act-60255,Jake T. Austin,JAAU,Actor,Actor • 7 sampled film credits,TMDB 5000 credits sample,https://www.themoviedb.org/person/60255,0.82,61.6,59.5,83.37,82.7,-1.62,246064
act-10727,John Hannah,JOH9,Actor,Actor • 9 sampled film credits,TMDB 5000 credits sample,https://www.themoviedb.org/person/10727,0.82,61.6,59.5,83.38,88.22,-0.82,204024
act-17243,Jonathan Tucker,JOT2,Actor,Actor • 8 sampled film credits,TMDB 5000 credits sample,https://www.themoviedb.org/person/17243,0.82,61.6,59.5,83.32,86.97,-6.82,255956
act-17087,Michael Moore,MIM3,Actor,Actor • 8 sampled film credits,TMDB 5000 credits sample,https://www.themoviedb.org/person/17087,0.82,61.6,59.5,83.38,93.69,-2.27,212213
act-6199,Miriam Margolyes,MIM4,Actor,Actor • 20 sampled film credits,TMDB 5000 credits sample,https://www.themoviedb.org/person/6199,0.82,61.6,59.5,83.34,92.27,-2.81,346460
act-74615,Nicole Ari Parker,NIPA,Actor,Actor • 9 sampled film credits,TMDB 5000 credits sample,https://www.themoviedb.org/person/74615,0.82,61.6,59.5,83.42,87.32,-4.77,387726
act-11390,Peter O'Toole,PEOT,Actor,Actor • 7 sampled film credits,TMDB 5000 credits sample,https://www.themoviedb.org/person/11390,0.82,61.6,59.5,83.44,86.36,-6.9,391518
act-20354,Amber Tamblyn,AMTA,Actor,Actor • 5 sampled film credits,TMDB 5000 credits sample,https://www.themoviedb.org/person/20354,0.82,61.4,59.4,82.93,86.79,-6.93,352677
act-10401,Blythe Danner,BLDA,Actor,Actor • 11 sampled film credits,TMDB 5000 credits sample,https://www.themoviedb.org/person/10401,0.82,61.5,59.4,83.05,81.64,1.21,336144
act-11150,Gina Gershon,GIGE,Actor,Actor • 10 sampled film credits,TMDB 5000 credits sample,https://www.themoviedb.org/person/11150,0.82,61.5,59.4,83.1,87.63,-7.28,368305
act-10695,Izabella Scorupco,IZSC,Actor,Actor • 4 sampled film credits,TMDB 5000 credits sample,https://www.themoviedb.org/person/10695,0.82,61.5,59.4,83.14,93.65,7.21,220826
act-12642,John Neville,JONE,Actor,Actor • 8 sampled film credits,TMDB 5000 credits sample,https://www.themoviedb.org/person/12642,0.82,61.4,59.4,82.99,79.0,6.18,339474
act-54415,Josh Gad,JOGA,Actor,Actor • 9 sampled film credits,TMDB 5000 credits sample,https://www.themoviedb.org/person/54415,0.82,61.5,59.4,83.1,92.23,0.61,367598
act-53493,Kal Penn,KAP2,Actor,Actor • 12 sampled film credits,TMDB 5000 credits sample,https://www.themoviedb.org/person/53493,0.82,61.5,59.4,83.08,85.27,-2.45,283192
act-18472,Kevin Corrigan,KEC2,Actor,Actor • 17 sampled film credits,TMDB 5000 credits sample,https://www.themoviedb.org/person/18472,0.82,61.4,59.4,82.9,87.94,0.86,293526
act-7431,Kevin Zegers,KEZE,Actor,Actor • 8 sampled film credits,TMDB 5000 credits sample,https://www.themoviedb.org/person/7431,0.82,61.5,59.4,83.08,93.65,6.79,206085
act-64856,Michael Jai White,MIWH,Actor,Actor • 14 sampled film credits,TMDB 5000 credits sample,https://www.themoviedb.org/person/64856,0.82,61.4,59.4,82.93,76.51,-1.37,341247
act-21124,Paula Garcés,PAGA,Actor,Actor • 7 sampled film credits,TMDB 5000 credits sample,https://www.themoviedb.org/person/21124,0.82,61.4,59.4,82.96,83.91,0.46,208550
act-13312,Rae Dawn Chong,RACH,Actor,Actor • 4 sampled film credits,TMDB 5000 credits sample,https://www.themoviedb.org/person/13312,0.82,61.5,59.4,83.07,85.11,0.39,196752
act-53916,Ralph Brown,RAB2,Actor,Actor • 10 sampled film credits,TMDB 5000 credits sample,https://www.themoviedb.org/person/53916,0.82,61.5,59.4,83.02,96.56,0.71,193639
act-65731,Sam Worthington,SAWO,Actor,Actor • 10 sampled film credits,TMDB 5000 credits sample,https://www.themoviedb.org/person/65731,0.82,61.4,59.4,82.95,82.48,1.89,282072
act-53368,Scott Porter,SCPO,Actor,Actor • 8 sampled film credits,TMDB 5000 credits sample,https://www.themoviedb.org/person/53368,0.82,61.5,59.4,83.16,93.13,-5.89,353526
act-1328,Sean Astin,SEAS,Actor,Actor • 11 sampled film credits,TMDB 5000 credits sample,https://www.themoviedb.org/person/1328,0.82,61.5,59.4,83.15,94.34,7.29,191784
act-51990,T.J. Miller,TJMI,Actor,Actor • 14 sampled film credits,TMDB 5000 credits sample,https://www.themoviedb.org/person/51990,0.82,61.5,59.4,83.15,86.57,9.15,326128
act-43661,Takeshi Kaneshiro,TAKA,Actor,Actor • 3 sampled film credits,TMDB 5000 credits sample,https://www.themoviedb.org/person/43661,0.82,61.4,59.4,82.93,81.1,8.87,361330
act-6279,Alexis Bledel,ALBL,Actor,Actor • 10 sampled film credits,TMDB 5000 credits sample,https://www.themoviedb.org/person/6279,0.82,61.3,59.3,82.75,83.3,-5.07,299399
act-8786,Ayelet Zurer,AYZU,Actor,Actor • 7 sampled film credits,TMDB 5000 credits sample,https://www.themoviedb.org/person/8786,0.82,61.4,59.3,82.84,90.71,2.74,301517
act-23229,Carice van Houten,CAHO,Actor,Actor • 5 sampled film credits,TMDB 5000 credits sample,https://www.themoviedb.org/person/23229,0.82,61.3,59.3,82.65,90.71,-4.71,388403
act-66,Chris Tucker,CHTU,Actor,Actor • 7 sampled film credits,TMDB 5000 credits sample,https://www.themoviedb.org/person/66,0.82,61.3,59.3,82.73,83.15,-3.28,228462
act-18181,David Keith,DAKE,Actor,Actor • 8 sampled film credits,TMDB 5000 credits sample,https://www.themoviedb.org/person/18181,0.82,61.4,59.3,82.83,80.76,-5.07,194271
act-81681,Denis O'Hare,DEOH,Actor,Actor • 18 sampled film credits,TMDB 5000 credits sample,https://www.themoviedb.org/person/81681,0.82,61.4,59.3,82.8,95.03,-6.74,212914
act-17005,Doug Jones,DOJO,Actor,Actor • 15 sampled film credits,TMDB 5000 credits sample,https://www.themoviedb.org/person/17005,0.82,61.3,59.3,82.65,92.78,0.44,344105
act-15903,George Carlin,GECA,Actor,Actor • 9 sampled film credits,TMDB 5000 credits sample,https://www.themoviedb.org/person/15903,0.82,61.4,59.3,82.83,87.5,9.47,261320
act-17882,Isabelle Huppert,ISHU,Actor,Actor • 6 sampled film credits,TMDB 5000 credits sample,https://www.themoviedb.org/person/17882,0.82,61.3,59.3,82.71,93.35,0.28,312665
act-15899,Jenifer Lewis,JEL5,Actor,Actor • 16 sampled film credits,TMDB 5000 credits sample,https://www.themoviedb.org/person/15899,0.82,61.3,59.3,82.67,85.31,4.1,343225
act-7171,John Belushi,JOB5,Actor,Actor • 3 sampled film credits,TMDB 5000 credits sample,https://www.themoviedb.org/person/7171,0.82,61.3,59.3,82.67,83.09,3.85,261676
act-3096,John Cazale,JO21,Actor,Actor • 4 sampled film credits,TMDB 5000 credits sample,https://www.themoviedb.org/person/3096,0.82,61.3,59.3,82.62,86.81,7.11,294498
act-5247,John Fiedler,JOF5,Actor,Actor • 4 sampled film credits,TMDB 5000 credits sample,https://www.themoviedb.org/person/5247,0.82,61.3,59.3,82.71,92.43,-3.61,324209
act-16165,Jon Lovitz,JOLO,Actor,Actor • 20 sampled film credits,TMDB 5000 credits sample,https://www.themoviedb.org/person/16165,0.82,61.3,59.3,82.75,73.35,-6.14,340506
act-6407,Marley Shelton,MAS7,Actor,Actor • 12 sampled film credits,TMDB 5000 credits sample,https://www.themoviedb.org/person/6407,0.82,61.3,59.3,82.65,91.23,6.21,320490
act-59841,Matt Walsh,MAW4,Actor,Actor • 19 sampled film credits,TMDB 5000 credits sample,https://www.themoviedb.org/person/59841,0.82,61.4,59.3,82.85,84.98,-4.24,383455
act-29369,Melanie Griffith,MEGR,Actor,Actor • 9 sampled film credits,TMDB 5000 credits sample,https://www.themoviedb.org/person/29369,0.82,61.4,59.3,82.8,84.01,9.42,238333
act-1620,Michelle Yeoh,MIYE,Actor,Actor • 9 sampled film credits,TMDB 5000 credits sample,https://www.themoviedb.org/person/1620,0.82,61.4,59.3,82.88,89.04,8.5,378437
act-15854,Ted Levine,TEL2,Actor,Actor • 18 sampled film credits,TMDB 5000 credits sample,https://www.themoviedb.org/person/15854,0.82,61.4,59.3,82.78,93.5,-4.69,201416
act-2839,Brendan Sexton III,BRII,Actor,Actor • 11 sampled film credits,TMDB 5000 credits sample,https://www.themoviedb.org/person/2839,0.82,61.2,59.2,82.37,79.51,-1.42,367123
act-10017,Charlton Heston,CHH3,Actor,Actor • 14 sampled film credits,TMDB 5000 credits sample,https://www.themoviedb.org/person/10017,0.82,61.3,59.2,82.59,73.17,-7.37,361876
act-24047,Courtney B. Vance,COVA,Actor,Actor • 9 sampled film credits,TMDB 5000 credits sample,https://www.themoviedb.org/person/24047,0.82,61.2,59.2,82.48,84.39,5.79,314624
act-32597,Dylan McDermott,DYMC,Actor,Actor • 10 sampled film credits,TMDB 5000 credits sample,https://www.themoviedb.org/person/32597,0.82,61.2,59.2,82.41,73.59,6.46,306564
act-31167,Elizabeth Mitchell,ELMI,Actor,Actor • 6 sampled film credits,TMDB 5000 credits sample,https://www.themoviedb.org/person/31167,0.82,61.2,59.2,82.4,78.06,-5.14,348118
act-13936,Frankie Faison,FRFA,Actor,Actor • 15 sampled film credits,TMDB 5000 credits sample,https://www.themoviedb.org/person/13936,0.82,61.2,59.2,82.33,85.11,5.98,249346
act-9464,Harry Lennix,HALE,Actor,Actor • 13 sampled film credits,TMDB 5000 credits sample,https://www.themoviedb.org/person/9464,0.82,61.2,59.2,82.38,75.96,6.63,305402
act-2091,James Mason,JAM7,Actor,Actor • 5 sampled film credits,TMDB 5000 credits sample,https://www.themoviedb.org/person/2091,0.82,61.2,59.2,82.46,81.43,-6.24,380304
act-88124,Jesse Plemons,JEPL,Actor,Actor • 10 sampled film credits,TMDB 5000 credits sample,https://www.themoviedb.org/person/88124,0.82,61.2,59.2,82.5,79.89,-0.37,352444
act-12077,Jim Cummings,JICU,Actor,Actor • 19 sampled film credits,TMDB 5000 credits sample,https://www.themoviedb.org/person/12077,0.82,61.2,59.2,82.46,86.55,4.3,382715
act-47879,John Savage,JOSA,Actor,Actor • 9 sampled film credits,TMDB 5000 credits sample,https://www.themoviedb.org/person/47879,0.82,61.3,59.2,82.53,87.58,7.04,239504
act-22123,Jordana Brewster,JOB3,Actor,Actor • 7 sampled film credits,TMDB 5000 credits sample,https://www.themoviedb.org/person/22123,0.82,61.2,59.2,82.42,75.43,-5.97,400368
act-11866,Joshua Jackson,JOJA,Actor,Actor • 13 sampled film credits,TMDB 5000 credits sample,https://www.themoviedb.org/person/11866,0.82,61.2,59.2,82.36,84.79,8.97,269152
act-10841,Karel Roden,KARO,Actor,Actor • 11 sampled film credits,TMDB 5000 credits sample,https://www.themoviedb.org/person/10841,0.82,61.2,59.2,82.37,79.02,-6.2,269856
act-1161,Mary Elizabeth Mastrantonio,MAM5,Actor,Actor • 6 sampled film credits,TMDB 5000 credits sample,https://www.themoviedb.org/person/1161,0.82,61.3,59.2,82.58,87.9,-5.74,283624
act-53936,Melonie Diaz,MEDI,Actor,Actor • 5 sampled film credits,TMDB 5000 credits sample,https://www.themoviedb.org/person/53936,0.82,61.3,59.2,82.56,90.32,1.26,334794
act-21702,Ming-Na Wen,MIWE,Actor,Actor • 4 sampled film credits,TMDB 5000 credits sample,https://www.themoviedb.org/person/21702,0.82,61.3,59.2,82.53,92.18,2.01,360724
act-11851,Om Puri,OMPU,Actor,Actor • 8 sampled film credits,TMDB 5000 credits sample,https://www.themoviedb.org/person/11851,0.82,61.2,59.2,82.44,88.39,8.55,204442
act-11275,Stephen Fry,STFR,Actor,Actor • 14 sampled film credits,TMDB 5000 credits sample,https://www.themoviedb.org/person/11275,0.82,61.2,59.2,82.39,92.45,7.85,268244
act-19453,Tom Bower,TOBO,Actor,Actor • 15 sampled film credits,TMDB 5000 credits sample,https://www.themoviedb.org/person/19453,0.82,61.3,59.2,82.53,77.6,5.76,303304
act-75604,Yul Vazquez,YUVA,Actor,Actor • 12 sampled film credits,TMDB 5000 credits sample,https://www.themoviedb.org/person/75604,0.82,61.2,59.2,82.44,90.31,3.8,365248
act-57674,Alexa PenaVega,ALP2,Actor,Actor • 14 sampled film credits,TMDB 5000 credits sample,https://www.themoviedb.org/person/57674,0.82,61.1,59.1,82.27,86.8,-0.57,444676
act-2464,Angus Macfadyen,ANM4,Actor,Actor • 8 sampled film credits,TMDB 5000 credits sample,https://www.themoviedb.org/person/2464,0.82,61.1,59.1,82.26,76.68,9.12,262151
act-58873,Dan Fogler,DAFO,Actor,Actor • 8 sampled film credits,TMDB 5000 credits sample,https://www.themoviedb.org/person/58873,0.82,61.0,59.1,82.03,89.01,0.88,343763
act-2076,David Warner,DAWA,Actor,Actor • 11 sampled film credits,TMDB 5000 credits sample,https://www.themoviedb.org/person/2076,0.82,61.1,59.1,82.15,91.37,-3.83,314821
act-16166,Hoyt Axton,HOAX,Actor,Actor • 3 sampled film credits,TMDB 5000 credits sample,https://www.themoviedb.org/person/16166,0.82,61.1,59.1,82.26,87.14,4.71,282495
act-19487,Jay Hernandez,JAH2,Actor,Actor • 16 sampled film credits,TMDB 5000 credits sample,https://www.themoviedb.org/person/19487,0.82,61.1,59.1,82.26,82.37,2.87,370171
act-65717,Jon Hamm,JO12,Actor,Actor • 13 sampled film credits,TMDB 5000 credits sample,https://www.themoviedb.org/person/65717,0.82,61.1,59.1,82.2,84.22,-2.53,379751
act-60458,Liana Liberato,LILI,Actor,Actor • 4 sampled film credits,TMDB 5000 credits sample,https://www.themoviedb.org/person/60458,0.82,61.1,59.1,82.08,91.98,-5.14,290411
act-27755,Melissa George,MEGE,Actor,Actor • 9 sampled film credits,TMDB 5000 credits sample,https://www.themoviedb.org/person/27755,0.82,61.1,59.1,82.18,87.64,-7.0,188644
act-35,Sally Field,SAFI,Actor,Actor • 9 sampled film credits,TMDB 5000 credits sample,https://www.themoviedb.org/person/35,0.82,61.1,59.1,82.22,82.1,3.27,214269
act-19664,Samaire Armstrong,SAA4,Actor,Actor • 4 sampled film credits,TMDB 5000 credits sample,https://www.themoviedb.org/person/19664,0.82,61.1,59.1,82.16,91.8,3.02,228115
act-3999,Tom Hulce,TOHU,Actor,Actor • 5 sampled film credits,TMDB 5000 credits sample,https://www.themoviedb.org/person/3999,0.82,61.1,59.1,82.09,90.41,3.25,322107
act-6197,Brian Dennehy,BRD2,Actor,Actor • 14 sampled film credits,TMDB 5000 credits sample,https://www.themoviedb.org/person/6197,0.82,61.0,59.0,81.97,77.05,1.11,381368
act-1910,Caroline Aaron,CAAA,Actor,Actor • 16 sampled film credits,TMDB 5000 credits sample,https://www.themoviedb.org/person/1910,0.82,61.0,59.0,81.96,85.69,8.32,213626
act-122889,Dane DeHaan,DAD2,Actor,Actor • 7 sampled film credits,TMDB 5000 credits sample,https://www.themoviedb.org/person/122889,0.82,61.0,59.0,81.99,79.96,0.68,269663
act-21721,Dean Cain,DEC2,Actor,Actor • 6 sampled film credits,TMDB 5000 credits sample,https://www.themoviedb.org/person/21721,0.82,61.0,59.0,81.95,86.72,-3.25,381609
act-62066,Faizon Love,FALO,Actor,Actor • 13 sampled film credits,TMDB 5000 credits sample,https://www.themoviedb.org/person/62066,0.82,61.0,59.0,81.95,86.18,2.14,387256
act-417,Ginnifer Goodwin,GIG2,Actor,Actor • 9 sampled film credits,TMDB 5000 credits sample,https://www.themoviedb.org/person/417,0.82,61.0,59.0,81.82,84.03,2.3,222658
act-18892,Goldie Hawn,GOHA,Actor,Actor • 7 sampled film credits,TMDB 5000 credits sample,https://www.themoviedb.org/person/18892,0.82,61.0,59.0,81.89,86.69,2.01,214436
act-1166,Harris Yulin,HAYU,Actor,Actor • 10 sampled film credits,TMDB 5000 credits sample,https://www.themoviedb.org/person/1166,0.82,61.0,59.0,81.93,76.08,3.9,334031
act-120724,Jaden Smith,JAS3,Actor,Actor • 4 sampled film credits,TMDB 5000 credits sample,https://www.themoviedb.org/person/120724,0.82,60.9,59.0,81.77,83.72,8.17,207958
act-18473,James Badge Dale,JADA,Actor,Actor • 10 sampled film credits,TMDB 5000 credits sample,https://www.themoviedb.org/person/18473,0.82,60.9,59.0,81.76,85.89,5.43,229405
act-209,Jane Adams,JAAD,Actor,Actor • 10 sampled film credits,TMDB 5000 credits sample,https://www.themoviedb.org/person/209,0.82,61.0,59.0,82.01,79.58,5.68,350792
act-25002,Lee Byung-hun,LEBY,Actor,Actor • 7 sampled film credits,TMDB 5000 credits sample,https://www.themoviedb.org/person/25002,0.82,61.0,59.0,81.87,90.83,7.46,228222
act-76070,Mia Wasikowska,MIWA,Actor,Actor • 5 sampled film credits,TMDB 5000 credits sample,https://www.themoviedb.org/person/76070,0.82,61.0,59.0,81.83,77.53,-2.35,302632
act-190895,Sarah Gadon,SAGA,Actor,Actor • 8 sampled film credits,TMDB 5000 credits sample,https://www.themoviedb.org/person/190895,0.82,60.9,59.0,81.76,87.21,-3.3,375196
act-78040,Alex Kendrick,ALK3,Actor,Actor • 5 sampled film credits,TMDB 5000 credits sample,https://www.themoviedb.org/person/78040,0.82,60.8,58.9,81.45,92.61,2.12,303042
act-20818,Allen Covert,ALC2,Actor,Actor • 16 sampled film credits,TMDB 5000 credits sample,https://www.themoviedb.org/person/20818,0.82,60.8,58.9,81.51,83.39,2.25,189464
act-2969,Chris Penn,CHPE,Actor,Actor • 11 sampled film credits,TMDB 5000 credits sample,https://www.themoviedb.org/person/2969,0.82,60.9,58.9,81.61,81.07,-6.07,256706
act-68812,Ed Asner,EDAS,Actor,Actor • 7 sampled film credits,TMDB 5000 credits sample,https://www.themoviedb.org/person/68812,0.82,60.9,58.9,81.68,88.26,-1.15,315388
act-53755,Elizabeth Reaser,ELRE,Actor,Actor • 9 sampled film credits,TMDB 5000 credits sample,https://www.themoviedb.org/person/53755,0.82,60.9,58.9,81.68,86.21,-4.34,173544
act-6450,Faye Dunaway,FADU,Actor,Actor • 9 sampled film credits,TMDB 5000 credits sample,https://www.themoviedb.org/person/6450,0.82,60.9,58.9,81.7,77.79,-1.62,412978
act-9640,Haley Joel Osment,HAOS,Actor,Actor • 10 sampled film credits,TMDB 5000 credits sample,https://www.themoviedb.org/person/9640,0.82,60.8,58.9,81.57,92.3,-5.79,264228
act-11356,Imelda Staunton,IMST,Actor,Actor • 16 sampled film credits,TMDB 5000 credits sample,https://www.themoviedb.org/person/11356,0.82,60.8,58.9,81.56,80.91,8.74,223657
act-56902,John Witherspoon,JOWI,Actor,Actor • 11 sampled film credits,TMDB 5000 credits sample,https://www.themoviedb.org/person/56902,0.82,60.8,58.9,81.55,88.72,-3.05,371920
act-19498,Jon Bernthal,JOB4,Actor,Actor • 10 sampled film credits,TMDB 5000 credits sample,https://www.themoviedb.org/person/19498,0.82,60.9,58.9,81.69,80.79,0.21,308691
act-52847,Joy Bryant,JOB2,Actor,Actor • 10 sampled film credits,TMDB 5000 credits sample,https://www.themoviedb.org/person/52847,0.82,60.9,58.9,81.6,89.17,-2.33,343173
act-67601,Lucas Grabeel,LUGR,Actor,Actor • 5 sampled film credits,TMDB 5000 credits sample,https://www.themoviedb.org/person/67601,0.82,60.9,58.9,81.65,83.96,8.59,293900
act-54645,Nia Vardalos,NIVA,Actor,Actor • 6 sampled film credits,TMDB 5000 credits sample,https://www.themoviedb.org/person/54645,0.82,60.9,58.9,81.7,76.07,2.11,218337
act-59252,Nikki Reed,NIRE,Actor,Actor • 8 sampled film credits,TMDB 5000 credits sample,https://www.themoviedb.org/person/59252,0.82,60.9,58.9,81.71,76.94,-2.53,293040
act-19961,Nina Dobrev,NIDO,Actor,Actor • 5 sampled film credits,TMDB 5000 credits sample,https://www.themoviedb.org/person/19961,0.82,60.9,58.9,81.7,78.51,2.17,349294
act-15757,Ray Romano,RARO,Actor,Actor • 7 sampled film credits,TMDB 5000 credits sample,https://www.themoviedb.org/person/15757,0.82,60.8,58.9,81.57,95.64,8.62,290793
act-5411,Sanaa Lathan,SAL2,Actor,Actor • 10 sampled film credits,TMDB 5000 credits sample,https://www.themoviedb.org/person/5411,0.82,60.9,58.9,81.7,85.54,-3.13,200644
act-36592,Saoirse Ronan,SAR2,Actor,Actor • 8 sampled film credits,TMDB 5000 credits sample,https://www.themoviedb.org/person/36592,0.82,60.9,58.9,81.7,79.76,0.51,281187
act-60898,Sebastian Stan,SEST,Actor,Actor • 9 sampled film credits,TMDB 5000 credits sample,https://www.themoviedb.org/person/60898,0.82,60.9,58.9,81.61,76.88,7.8,278152
act-56778,Stuart Townsend,STT2,Actor,Actor • 4 sampled film credits,TMDB 5000 credits sample,https://www.themoviedb.org/person/56778,0.82,60.8,58.9,81.54,90.6,2.02,334167
act-99,Amanda Plummer,AMPL,Actor,Actor • 7 sampled film credits,TMDB 5000 credits sample,https://www.themoviedb.org/person/99,0.82,60.8,58.8,81.34,76.68,7.46,328875
act-18,Brad Garrett,BRGA,Actor,Actor • 13 sampled film credits,TMDB 5000 credits sample,https://www.themoviedb.org/person/18,0.82,60.8,58.8,81.35,88.16,8.7,327865
act-13524,Christopher Guest,CHGU,Actor,Actor • 13 sampled film credits,TMDB 5000 credits sample,https://www.themoviedb.org/person/13524,0.82,60.7,58.8,81.29,84.05,0.73,365484
act-58115,Eric Dane,ERDA,Actor,Actor • 6 sampled film credits,TMDB 5000 credits sample,https://www.themoviedb.org/person/58115,0.82,60.7,58.8,81.23,85.82,1.84,349764
act-58019,Ethan Embry,ETEM,Actor,Actor • 11 sampled film credits,TMDB 5000 credits sample,https://www.themoviedb.org/person/58019,0.82,60.7,58.8,81.34,90.46,4.83,347146
act-73968,Henry Cavill,HEC2,Actor,Actor • 8 sampled film credits,TMDB 5000 credits sample,https://www.themoviedb.org/person/73968,0.82,60.7,58.8,81.3,81.75,6.72,190227
act-3151,Jack Lemmon,JAL4,Actor,Actor • 8 sampled film credits,TMDB 5000 credits sample,https://www.themoviedb.org/person/3151,0.82,60.7,58.8,81.31,93.54,-3.86,246817
act-74949,Joel McHale,JO14,Actor,Actor • 8 sampled film credits,TMDB 5000 credits sample,https://www.themoviedb.org/person/74949,0.82,60.8,58.8,81.38,87.67,4.86,322679
act-6677,Kyle MacLachlan,KYMA,Actor,Actor • 8 sampled film credits,TMDB 5000 credits sample,https://www.themoviedb.org/person/6677,0.82,60.7,58.8,81.18,92.76,-6.1,357642
act-7400,Lee Evans,LEEV,Actor,Actor • 5 sampled film credits,TMDB 5000 credits sample,https://www.themoviedb.org/person/7400,0.82,60.7,58.8,81.28,84.87,6.74,242496
act-15498,Liam Cunningham,LICU,Actor,Actor • 10 sampled film credits,TMDB 5000 credits sample,https://www.themoviedb.org/person/15498,0.82,60.7,58.8,81.26,73.9,5.78,310598
act-14639,Mel Brooks,MEBR,Actor,Actor • 10 sampled film credits,TMDB 5000 credits sample,https://www.themoviedb.org/person/14639,0.82,60.7,58.8,81.19,80.25,-6.44,261942
act-6858,Mike Vogel,MIV4,Actor,Actor • 8 sampled film credits,TMDB 5000 credits sample,https://www.themoviedb.org/person/6858,0.82,60.8,58.8,81.35,82.64,-4.92,318643
act-15684,Paul Schneider,PASC,Actor,Actor • 9 sampled film credits,TMDB 5000 credits sample,https://www.themoviedb.org/person/15684,0.82,60.7,58.8,81.32,89.28,-2.95,228415
act-10883,Rick Yune,RIYU,Actor,Actor • 6 sampled film credits,TMDB 5000 credits sample,https://www.themoviedb.org/person/10883,0.82,60.8,58.8,81.43,88.61,-6.24,370268
act-2598,Sophie Okonedo,SOOK,Actor,Actor • 9 sampled film credits,TMDB 5000 credits sample,https://www.themoviedb.org/person/2598,0.82,60.7,58.8,81.28,80.71,-3.88,186053
act-3094,Talia Shire,TASH,Actor,Actor • 9 sampled film credits,TMDB 5000 credits sample,https://www.themoviedb.org/person/3094,0.82,60.7,58.8,81.31,86.59,2.55,340593
act-10698,Tchéky Karyo,TCKA,Actor,Actor • 9 sampled film credits,TMDB 5000 credits sample,https://www.themoviedb.org/person/10698,0.82,60.7,58.8,81.3,75.02,8.09,245642
act-88059,Tommy Davidson,TODA,Actor,Actor • 5 sampled film credits,TMDB 5000 credits sample,https://www.themoviedb.org/person/88059,0.82,60.7,58.8,81.32,81.2,8.97,336874
act-1337,Tony Leung Chiu-Wai,TOCH,Actor,Actor • 4 sampled film credits,TMDB 5000 credits sample,https://www.themoviedb.org/person/1337,0.82,60.7,58.8,81.24,85.71,0.04,247910
act-22434,Betsy Russell,BERU,Actor,Actor • 6 sampled film credits,TMDB 5000 credits sample,https://www.themoviedb.org/person/22434,0.82,60.7,58.7,81.12,83.47,8.27,191635
act-53336,Brandon T. Jackson,BRJA,Actor,Actor • 6 sampled film credits,TMDB 5000 credits sample,https://www.themoviedb.org/person/53336,0.82,60.7,58.7,81.13,90.06,-2.93,315895
act-1282,David Kelly,DAK2,Actor,Actor • 5 sampled film credits,TMDB 5000 credits sample,https://www.themoviedb.org/person/1282,0.82,60.6,58.7,80.9,79.39,-1.22,283816
act-59192,Emmanuelle Chriqui,EMC2,Actor,Actor • 9 sampled film credits,TMDB 5000 credits sample,https://www.themoviedb.org/person/59192,0.82,60.5,58.7,80.87,78.34,2.12,356121
act-47627,Janet McTeer,JAM8,Actor,Actor • 8 sampled film credits,TMDB 5000 credits sample,https://www.themoviedb.org/person/47627,0.82,60.7,58.7,81.12,81.75,-5.21,215700
act-16756,Jimi Mistry,JIMI,Actor,Actor • 9 sampled film credits,TMDB 5000 credits sample,https://www.themoviedb.org/person/16756,0.82,60.6,58.7,80.88,76.21,-4.97,344217
act-36594,Juno Temple,JUTE,Actor,Actor • 14 sampled film credits,TMDB 5000 credits sample,https://www.themoviedb.org/person/36594,0.82,60.6,58.7,80.88,91.07,-5.67,189719
act-114019,Luke Evans,LUEV,Actor,Actor • 9 sampled film credits,TMDB 5000 credits sample,https://www.themoviedb.org/person/114019,0.82,60.6,58.7,81.1,81.08,6.49,364047
act-66586,Mariah Carey,MA16,Actor,Actor • 4 sampled film credits,TMDB 5000 credits sample,https://www.themoviedb.org/person/66586,0.82,60.6,58.7,81.09,87.69,6.23,168390
act-7060,Martin Freeman,MAFR,Actor,Actor • 13 sampled film credits,TMDB 5000 credits sample,https://www.themoviedb.org/person/7060,0.82,60.6,58.7,80.89,85.15,-3.96,212393
act-20982,Marton Csokas,MACS,Actor,Actor • 18 sampled film credits,TMDB 5000 credits sample,https://www.themoviedb.org/person/20982,0.82,60.6,58.7,81.0,75.51,0.78,411933
act-5960,Mary Kay Place,MAPL,Actor,Actor • 15 sampled film credits,TMDB 5000 credits sample,https://www.themoviedb.org/person/5960,0.82,60.6,58.7,80.97,83.82,-0.84,212501
act-2406,Mathieu Kassovitz,MAKA,Actor,Actor • 6 sampled film credits,TMDB 5000 credits sample,https://www.themoviedb.org/person/2406,0.82,60.6,58.7,81.0,83.93,5.99,303452
act-677,Moritz Bleibtreu,MOB2,Actor,Actor • 8 sampled film credits,TMDB 5000 credits sample,https://www.themoviedb.org/person/677,0.82,60.6,58.7,81.02,84.94,-0.44,284135
act-12670,Takuya Kimura,TAK2,Actor,Actor • 4 sampled film credits,TMDB 5000 credits sample,https://www.themoviedb.org/person/12670,0.82,60.6,58.7,80.94,76.62,7.51,314775
act-13445,Tia Carrere,TIC2,Actor,Actor • 6 sampled film credits,TMDB 5000 credits sample,https://www.themoviedb.org/person/13445,0.82,60.7,58.7,81.12,85.18,0.16,318206
act-61178,Alia Shawkat,ALS4,Actor,Actor • 9 sampled film credits,TMDB 5000 credits sample,https://www.themoviedb.org/person/61178,0.82,60.5,58.6,80.84,93.51,6.04,286226
act-13023,Colleen Camp,COCA,Actor,Actor • 19 sampled film credits,TMDB 5000 credits sample,https://www.themoviedb.org/person/13023,0.82,60.5,58.6,80.78,80.22,7.8,224890
act-36055,Costas Mandylor,COMA,Actor,Actor • 9 sampled film credits,TMDB 5000 credits sample,https://www.themoviedb.org/person/36055,0.82,60.5,58.6,80.71,82.04,7.22,316595
act-11076,David Hyde Pierce,DAPI,Actor,Actor • 10 sampled film credits,TMDB 5000 credits sample,https://www.themoviedb.org/person/11076,0.82,60.4,58.6,80.59,78.85,-3.2,221399
act-27237,G. W. Bailey,GBAX,Actor,Actor • 3 sampled film credits,TMDB 5000 credits sample,https://www.themoviedb.org/person/27237,0.82,60.5,58.6,80.66,87.68,8.98,271310
act-4961,Gabriele Ferzetti,GAFE,Actor,Actor • 5 sampled film credits,TMDB 5000 credits sample,https://www.themoviedb.org/person/4961,0.82,60.5,58.6,80.66,83.48,-3.46,233500
act-52865,Garry Shandling,GAS2,Actor,Actor • 8 sampled film credits,TMDB 5000 credits sample,https://www.themoviedb.org/person/52865,0.82,60.5,58.6,80.84,81.88,-0.15,248353
act-480,Gary Lewis,GALE,Actor,Actor • 8 sampled film credits,TMDB 5000 credits sample,https://www.themoviedb.org/person/480,0.82,60.5,58.6,80.86,88.47,4.86,209865
act-78749,Hrithik Roshan,HRRO,Actor,Actor • 3 sampled film credits,TMDB 5000 credits sample,https://www.themoviedb.org/person/78749,0.82,60.5,58.6,80.85,90.72,2.55,333836
act-59231,Joel David Moore,JO18,Actor,Actor • 6 sampled film credits,TMDB 5000 credits sample,https://www.themoviedb.org/person/59231,0.82,60.4,58.6,80.62,92.61,5.08,284605
act-1120,Lennie James,LEJ2,Actor,Actor • 10 sampled film credits,TMDB 5000 credits sample,https://www.themoviedb.org/person/1120,0.82,60.5,58.6,80.77,91.44,-5.04,398020
act-12795,Nikolaj Coster-Waldau,NICO,Actor,Actor • 9 sampled film credits,TMDB 5000 credits sample,https://www.themoviedb.org/person/12795,0.82,60.5,58.6,80.72,79.2,9.1,208288
act-25702,Rhona Mitra,RHMI,Actor,Actor • 9 sampled film credits,TMDB 5000 credits sample,https://www.themoviedb.org/person/25702,0.82,60.5,58.6,80.81,77.4,3.19,343911
act-54800,Anna Maria Horsford,ANH5,Actor,Actor • 6 sampled film credits,TMDB 5000 credits sample,https://www.themoviedb.org/person/54800,0.82,60.3,58.5,80.38,93.53,-3.96,275558
act-5151,Beth Grant,BEGR,Actor,Actor • 22 sampled film credits,TMDB 5000 credits sample,https://www.themoviedb.org/person/5151,0.82,60.3,58.5,80.4,83.22,-1.6,203960
act-3034,Corey Feldman,COF2,Actor,Actor • 9 sampled film credits,TMDB 5000 credits sample,https://www.themoviedb.org/person/3034,0.82,60.4,58.5,80.42,85.78,2.59,326169
act-4730,Emmy Rossum,EMR2,Actor,Actor • 7 sampled film credits,TMDB 5000 credits sample,https://www.themoviedb.org/person/4730,0.82,60.4,58.5,80.57,80.74,1.64,327496
act-826,Fairuza Balk,FAB3,Actor,Actor • 9 sampled film credits,TMDB 5000 credits sample,https://www.themoviedb.org/person/826,0.82,60.3,58.5,80.38,79.05,8.84,280920
act-57686,Hill Harper,HIHA,Actor,Actor • 10 sampled film credits,TMDB 5000 credits sample,https://www.themoviedb.org/person/57686,0.82,60.4,58.5,80.57,81.77,3.3,351097
act-1562,Iben Hjejle,IBHJ,Actor,Actor • 4 sampled film credits,TMDB 5000 credits sample,https://www.themoviedb.org/person/1562,0.82,60.4,58.5,80.53,78.69,6.89,278513
act-55466,James Corden,JAC6,Actor,Actor • 10 sampled film credits,TMDB 5000 credits sample,https://www.themoviedb.org/person/55466,0.82,60.3,58.5,80.33,87.06,3.45,333586
act-13636,Jane Krakowski,JAKR,Actor,Actor • 13 sampled film credits,TMDB 5000 credits sample,https://www.themoviedb.org/person/13636,0.82,60.4,58.5,80.43,78.95,4.02,278038
act-17442,Kelli Garner,KEG2,Actor,Actor • 9 sampled film credits,TMDB 5000 credits sample,https://www.themoviedb.org/person/17442,0.82,60.3,58.5,80.33,89.27,0.93,358669
act-58478,Kevin Nealon,KENE,Actor,Actor • 13 sampled film credits,TMDB 5000 credits sample,https://www.themoviedb.org/person/58478,0.82,60.3,58.5,80.37,85.16,8.93,346888
act-10647,Klaus Maria Brandauer,KLBR,Actor,Actor • 3 sampled film credits,TMDB 5000 credits sample,https://www.themoviedb.org/person/10647,0.82,60.3,58.5,80.34,82.04,2.47,339478
act-18284,Loretta Devine,LODE,Actor,Actor • 13 sampled film credits,TMDB 5000 credits sample,https://www.themoviedb.org/person/18284,0.82,60.4,58.5,80.44,75.87,-1.62,257652
act-21044,Lynn Collins,LYCO,Actor,Actor • 7 sampled film credits,TMDB 5000 credits sample,https://www.themoviedb.org/person/21044,0.82,60.4,58.5,80.43,86.04,2.82,344016
act-21027,Mika Boorem,MIBO,Actor,Actor • 6 sampled film credits,TMDB 5000 credits sample,https://www.themoviedb.org/person/21027,0.82,60.3,58.5,80.36,91.25,-6.75,328219
act-94185,Shailene Woodley,SHWO,Actor,Actor • 6 sampled film credits,TMDB 5000 credits sample,https://www.themoviedb.org/person/94185,0.82,60.4,58.5,80.56,79.06,-4.66,355572
act-78798,Tom Kenny,TOK2,Actor,Actor • 17 sampled film credits,TMDB 5000 credits sample,https://www.themoviedb.org/person/78798,0.82,60.4,58.5,80.58,85.35,-3.26,307615
act-3417,Tony Goldwyn,TOGO,Actor,Actor • 12 sampled film credits,TMDB 5000 credits sample,https://www.themoviedb.org/person/3417,0.82,60.3,58.5,80.36,85.07,1.39,400842
act-31164,Adewale Akinnuoye-Agbaje,ADAK,Actor,Actor • 14 sampled film credits,TMDB 5000 credits sample,https://www.themoviedb.org/person/31164,0.82,60.2,58.4,80.06,85.49,6.89,361643
act-88029,Alison Brie,ALB4,Actor,Actor • 5 sampled film credits,TMDB 5000 credits sample,https://www.themoviedb.org/person/88029,0.82,60.2,58.4,80.03,92.46,1.97,365086
act-39126,Bai Ling,BALI,Actor,Actor • 10 sampled film credits,TMDB 5000 credits sample,https://www.themoviedb.org/person/39126,0.82,60.3,58.4,80.22,87.39,-5.95,290170
act-540,Callum Keith Rennie,CARE,Actor,Actor • 13 sampled film credits,TMDB 5000 credits sample,https://www.themoviedb.org/person/540,0.82,60.3,58.4,80.26,85.32,7.16,235268
act-1466,Charles Durning,CHD2,Actor,Actor • 13 sampled film credits,TMDB 5000 credits sample,https://www.themoviedb.org/person/1466,0.82,60.3,58.4,80.26,83.52,-5.11,254957
act-58563,David Alan Grier,DAGR,Actor,Actor • 13 sampled film credits,TMDB 5000 credits sample,https://www.themoviedb.org/person/58563,0.82,60.2,58.4,80.1,76.46,5.16,337102
act-58210,"Ernie Reyes, Jr.",ERJR,Actor,Actor • 6 sampled film credits,TMDB 5000 credits sample,https://www.themoviedb.org/person/58210,0.82,60.2,58.4,80.16,92.67,-3.59,297762
act-17606,Imogen Poots,IMPO,Actor,Actor • 9 sampled film credits,TMDB 5000 credits sample,https://www.themoviedb.org/person/17606,0.82,60.2,58.4,80.07,84.88,-5.19,185773
act-9274,James Brolin,JABR,Actor,Actor • 11 sampled film credits,TMDB 5000 credits sample,https://www.themoviedb.org/person/9274,0.82,60.3,58.4,80.26,83.12,8.04,203964
act-8607,Lorraine Gary,LOG2,Actor,Actor • 4 sampled film credits,TMDB 5000 credits sample,https://www.themoviedb.org/person/8607,0.82,60.2,58.4,80.08,91.93,-6.35,352677
act-21045,Maggie Q,MAQX,Actor,Actor • 9 sampled film credits,TMDB 5000 credits sample,https://www.themoviedb.org/person/21045,0.82,60.3,58.4,80.22,78.36,8.64,350336
act-13324,Paul Scofield,PAS2,Actor,Actor • 3 sampled film credits,TMDB 5000 credits sample,https://www.themoviedb.org/person/13324,0.82,60.2,58.4,80.02,88.61,2.85,204501
act-19538,Rachael Taylor,RATA,Actor,Actor • 5 sampled film credits,TMDB 5000 credits sample,https://www.themoviedb.org/person/19538,0.82,60.2,58.4,80.08,76.05,-0.75,253789
act-38951,Reg E. Cathey,RECA,Actor,Actor • 14 sampled film credits,TMDB 5000 credits sample,https://www.themoviedb.org/person/38951,0.82,60.3,58.4,80.22,84.41,6.56,336313
act-10669,Timothy Dalton,TIDA,Actor,Actor • 8 sampled film credits,TMDB 5000 credits sample,https://www.themoviedb.org/person/10669,0.82,60.3,58.4,80.26,92.58,0.81,284219
act-1646,Udo Kier,UDKI,Actor,Actor • 17 sampled film credits,TMDB 5000 credits sample,https://www.themoviedb.org/person/1646,0.82,60.3,58.4,80.17,81.46,-7.38,257896
act-15338,William Mapother,WIM3,Actor,Actor • 11 sampled film credits,TMDB 5000 credits sample,https://www.themoviedb.org/person/15338,0.82,60.3,58.4,80.24,79.58,2.94,359264
act-69899,Zachary Levi,ZALE,Actor,Actor • 4 sampled film credits,TMDB 5000 credits sample,https://www.themoviedb.org/person/69899,0.82,60.3,58.4,80.18,87.88,6.43,275286
act-132078,DJ Qualls,DJQU,Actor,Actor • 8 sampled film credits,TMDB 5000 credits sample,https://www.themoviedb.org/person/132078,0.82,60.1,58.3,79.74,92.27,-3.2,196995
act-19839,David Paymer,DAP2,Actor,Actor • 20 sampled film credits,TMDB 5000 credits sample,https://www.themoviedb.org/person/19839,0.82,60.2,58.3,79.97,75.48,-5.01,217693
act-5526,Georgie Henley,GEHE,Actor,Actor • 4 sampled film credits,TMDB 5000 credits sample,https://www.themoviedb.org/person/5526,0.82,60.1,58.3,79.75,86.08,-3.28,234548
act-6588,Isabella Rossellini,ISRO,Actor,Actor • 7 sampled film credits,TMDB 5000 credits sample,https://www.themoviedb.org/person/6588,0.82,60.1,58.3,79.82,84.91,1.49,279291
act-225692,Jeremy Irvine,JEIR,Actor,Actor • 4 sampled film credits,TMDB 5000 credits sample,https://www.themoviedb.org/person/225692,0.82,60.2,58.3,79.98,78.1,-4.64,291877
act-125025,Joey King,JOK4,Actor,Actor • 12 sampled film credits,TMDB 5000 credits sample,https://www.themoviedb.org/person/125025,0.82,60.1,58.3,79.81,84.62,-0.62,367299
act-21134,John Slattery,JOSL,Actor,Actor • 12 sampled film credits,TMDB 5000 credits sample,https://www.themoviedb.org/person/21134,0.82,60.1,58.3,79.83,90.09,-5.69,239810
act-60739,Kath Soucie,KASO,Actor,Actor • 10 sampled film credits,TMDB 5000 credits sample,https://www.themoviedb.org/person/60739,0.82,60.1,58.3,79.76,87.37,2.39,195987
act-113505,Kodi Smit-McPhee,KOSM,Actor,Actor • 6 sampled film credits,TMDB 5000 credits sample,https://www.themoviedb.org/person/113505,0.82,60.1,58.3,79.77,89.74,2.45,308693
act-12139,Lolita Davidovich,LODA,Actor,Actor • 9 sampled film credits,TMDB 5000 credits sample,https://www.themoviedb.org/person/12139,0.82,60.1,58.3,79.88,72.84,-2.15,387010
act-7071,Louise Fletcher,LOFL,Actor,Actor • 8 sampled film credits,TMDB 5000 credits sample,https://www.themoviedb.org/person/7071,0.82,60.2,58.3,79.98,91.46,-4.48,288788
act-289,Madeleine Stowe,MAS9,Actor,Actor • 4 sampled film credits,TMDB 5000 credits sample,https://www.themoviedb.org/person/289,0.82,60.1,58.3,79.75,83.73,5.1,215736
act-19119,Mélanie Laurent,MEL3,Actor,Actor • 5 sampled film credits,TMDB 5000 credits sample,https://www.themoviedb.org/person/19119,0.82,60.1,58.3,79.83,80.17,-2.43,380420
act-2038,Naomie Harris,NAHA,Actor,Actor • 12 sampled film credits,TMDB 5000 credits sample,https://www.themoviedb.org/person/2038,0.82,60.1,58.3,79.81,78.18,7.39,389442
act-12538,Nick Searcy,NISE,Actor,Actor • 9 sampled film credits,TMDB 5000 credits sample,https://www.themoviedb.org/person/12538,0.82,60.1,58.3,79.79,88.5,-4.63,295933
act-8872,Rick Moranis,RIMO,Actor,Actor • 3 sampled film credits,TMDB 5000 credits sample,https://www.themoviedb.org/person/8872,0.82,60.1,58.3,79.74,88.44,0.29,284699
act-2692,Robert Sean Leonard,ROL3,Actor,Actor • 5 sampled film credits,TMDB 5000 credits sample,https://www.themoviedb.org/person/2692,0.82,60.1,58.3,79.8,91.88,6.26,199318
act-4520,William Forsythe,WIFO,Actor,Actor • 10 sampled film credits,TMDB 5000 credits sample,https://www.themoviedb.org/person/4520,0.82,60.1,58.3,79.81,74.96,-5.57,309883
act-29220,Amanda Bynes,AMBY,Actor,Actor • 7 sampled film credits,TMDB 5000 credits sample,https://www.themoviedb.org/person/29220,0.82,60.0,58.2,79.53,85.09,-0.92,232599
act-83225,Colin Egglesfield,COEG,Actor,Actor • 4 sampled film credits,TMDB 5000 credits sample,https://www.themoviedb.org/person/83225,0.82,60.0,58.2,79.7,86.07,-5.27,358750
act-1223786,Emilia Clarke,EMCL,Actor,Actor • 3 sampled film credits,TMDB 5000 credits sample,https://www.themoviedb.org/person/1223786,0.82,60.0,58.2,79.56,85.39,-5.41,275467
act-65344,Esai Morales,ESMO,Actor,Actor • 5 sampled film credits,TMDB 5000 credits sample,https://www.themoviedb.org/person/65344,0.82,60.0,58.2,79.53,77.04,4.15,190371
act-79247,Howard Da Silva,HOSI,Actor,Actor • 3 sampled film credits,TMDB 5000 credits sample,https://www.themoviedb.org/person/79247,0.82,59.9,58.2,79.47,84.88,2.79,190199
act-19655,James D'Arcy,JAD2,Actor,Actor • 7 sampled film credits,TMDB 5000 credits sample,https://www.themoviedb.org/person/19655,0.82,60.0,58.2,79.65,79.77,3.67,225616
act-11857,John Gielgud,JOG3,Actor,Actor • 12 sampled film credits,TMDB 5000 credits sample,https://www.themoviedb.org/person/11857,0.82,59.9,58.2,79.46,73.32,-6.93,343802
act-16217,Lynn Whitfield,LYWH,Actor,Actor • 6 sampled film credits,TMDB 5000 credits sample,https://www.themoviedb.org/person/16217,0.82,60.0,58.2,79.68,81.56,8.47,354412
act-46074,Rachael Harris,RAH2,Actor,Actor • 17 sampled film credits,TMDB 5000 credits sample,https://www.themoviedb.org/person/46074,0.82,60.1,58.2,79.71,81.09,-6.85,385864
act-51792,Rory Cochrane,ROC6,Actor,Actor • 8 sampled film credits,TMDB 5000 credits sample,https://www.themoviedb.org/person/51792,0.82,60.0,58.2,79.65,86.74,0.58,321781
act-8396,Tom Lister Jr.,TOJR,Actor,Actor • 13 sampled film credits,TMDB 5000 credits sample,https://www.themoviedb.org/person/8396,0.82,60.0,58.2,79.53,76.42,6.24,210852
act-19163,Virginie Ledoyen,VILE,Actor,Actor • 3 sampled film credits,TMDB 5000 credits sample,https://www.themoviedb.org/person/19163,0.82,60.0,58.2,79.55,88.26,-0.02,329725
act-7676,William Atherton,WIAT,Actor,Actor • 6 sampled film credits,TMDB 5000 credits sample,https://www.themoviedb.org/person/7676,0.82,60.0,58.2,79.6,85.67,1.79,219844
act-35028,Zoe Kazan,ZOKA,Actor,Actor • 8 sampled film credits,TMDB 5000 credits sample,https://www.themoviedb.org/person/35028,0.82,60.0,58.2,79.63,87.0,5.81,193565
act-54479,Bailee Madison,BAMA,Actor,Actor • 6 sampled film credits,TMDB 5000 credits sample,https://www.themoviedb.org/person/54479,0.82,59.9,58.1,79.25,81.41,6.91,299958
act-71913,Bokeem Woodbine,BOWO,Actor,Actor • 12 sampled film credits,TMDB 5000 credits sample,https://www.themoviedb.org/person/71913,0.82,59.9,58.1,79.29,75.14,-3.31,258972
act-1956,Cherry Jones,CHJO,Actor,Actor • 9 sampled film credits,TMDB 5000 credits sample,https://www.themoviedb.org/person/1956,0.82,59.8,58.1,79.24,78.37,-0.69,321719
act-4169,Dave Chappelle,DACH,Actor,Actor • 10 sampled film credits,TMDB 5000 credits sample,https://www.themoviedb.org/person/4169,0.82,59.9,58.1,79.34,74.39,-2.13,380778
act-9221,Donald Pleasence,DOPL,Actor,Actor • 9 sampled film credits,TMDB 5000 credits sample,https://www.themoviedb.org/person/9221,0.82,59.9,58.1,79.4,78.18,-5.57,197089
act-10477,George Dzundza,GEDZ,Actor,Actor • 4 sampled film credits,TMDB 5000 credits sample,https://www.themoviedb.org/person/10477,0.82,59.9,58.1,79.26,82.96,9.38,267533
act-15565,Jennifer Hudson,JEHU,Actor,Actor • 5 sampled film credits,TMDB 5000 credits sample,https://www.themoviedb.org/person/15565,0.82,59.9,58.1,79.42,79.63,-5.62,291125
act-6720,Joan Chen,JOC7,Actor,Actor • 6 sampled film credits,TMDB 5000 credits sample,https://www.themoviedb.org/person/6720,0.82,59.9,58.1,79.26,76.15,-4.63,256827
act-7664,Joseph Cotten,JO16,Actor,Actor • 5 sampled film credits,TMDB 5000 credits sample,https://www.themoviedb.org/person/7664,0.82,59.9,58.1,79.38,76.9,-4.01,373962
act-2449,Kevin McNally,KEMC,Actor,Actor • 17 sampled film credits,TMDB 5000 credits sample,https://www.themoviedb.org/person/2449,0.82,59.8,58.1,79.21,85.42,-6.14,203521
act-10539,Kim Hunter,KIHU,Actor,Actor • 6 sampled film credits,TMDB 5000 credits sample,https://www.themoviedb.org/person/10539,0.82,59.9,58.1,79.27,82.98,2.42,321328
act-1173,Mark Margolis,MAM6,Actor,Actor • 15 sampled film credits,TMDB 5000 credits sample,https://www.themoviedb.org/person/1173,0.82,59.8,58.1,79.17,89.27,3.97,279894
act-781,Paul Reiser,PARE,Actor,Actor • 8 sampled film credits,TMDB 5000 credits sample,https://www.themoviedb.org/person/781,0.82,59.8,58.1,79.23,74.96,6.72,306051
act-8606,Robert Shaw,ROSH,Actor,Actor • 6 sampled film credits,TMDB 5000 credits sample,https://www.themoviedb.org/person/8606,0.82,59.8,58.1,79.21,85.87,-0.52,335759
act-20848,Rumer Willis,RUWI,Actor,Actor • 5 sampled film credits,TMDB 5000 credits sample,https://www.themoviedb.org/person/20848,0.82,59.9,58.1,79.34,88.89,7.67,352588
act-41464,Scott Mechlowicz,SCME,Actor,Actor • 4 sampled film credits,TMDB 5000 credits sample,https://www.themoviedb.org/person/41464,0.82,59.9,58.1,79.29,85.83,-7.02,322160
act-8197,Sebastian Koch,SEKO,Actor,Actor • 6 sampled film credits,TMDB 5000 credits sample,https://www.themoviedb.org/person/8197,0.82,59.8,58.1,79.24,86.13,-4.18,271024
act-21596,Shannon Elizabeth,SHEL,Actor,Actor • 9 sampled film credits,TMDB 5000 credits sample,https://www.themoviedb.org/person/21596,0.82,59.9,58.1,79.42,89.07,-7.02,375436
act-73128,Skylar Astin,SKAS,Actor,Actor • 6 sampled film credits,TMDB 5000 credits sample,https://www.themoviedb.org/person/73128,0.82,59.8,58.1,79.24,77.93,7.94,330263
act-21403,Thomas Ian Nicholas,THNI,Actor,Actor • 8 sampled film credits,TMDB 5000 credits sample,https://www.themoviedb.org/person/21403,0.82,59.8,58.1,79.24,78.89,7.51,299739
act-11398,Cary-Hiroyuki Tagawa,CATA,Actor,Actor • 17 sampled film credits,TMDB 5000 credits sample,https://www.themoviedb.org/person/11398,0.82,59.7,58.0,78.9,80.17,5.08,210750
act-6575,Gil Bellows,GIB2,Actor,Actor • 6 sampled film credits,TMDB 5000 credits sample,https://www.themoviedb.org/person/6575,0.82,59.7,58.0,79.0,79.96,-1.0,344257
act-58691,Heather Locklear,HELO,Actor,Actor • 6 sampled film credits,TMDB 5000 credits sample,https://www.themoviedb.org/person/58691,0.82,59.8,58.0,79.06,75.89,4.07,205545
act-11084,Kelly McGillis,KEM2,Actor,Actor • 5 sampled film credits,TMDB 5000 credits sample,https://www.themoviedb.org/person/11084,0.82,59.8,58.0,79.15,88.53,-4.14,316295
act-79072,Kevin Durand,KEDU,Actor,Actor • 14 sampled film credits,TMDB 5000 credits sample,https://www.themoviedb.org/person/79072,0.82,59.7,58.0,78.89,74.46,4.98,341798
act-63494,Kirby Heyborne,KIHE,Actor,Actor • 6 sampled film credits,TMDB 5000 credits sample,https://www.themoviedb.org/person/63494,0.82,59.7,58.0,78.89,76.58,-0.97,265971
act-58058,Lochlyn Munro,LOMU,Actor,Actor • 12 sampled film credits,TMDB 5000 credits sample,https://www.themoviedb.org/person/58058,0.82,59.7,58.0,78.91,87.36,2.9,193539
act-150,RZA,RZAX,Actor,Actor • 12 sampled film credits,TMDB 5000 credits sample,https://www.themoviedb.org/person/150,0.82,59.8,58.0,79.02,85.47,1.29,291342
act-6719,Ray Wise,RAW3,Actor,Actor • 11 sampled film credits,TMDB 5000 credits sample,https://www.themoviedb.org/person/6719,0.82,59.8,58.0,79.05,83.76,4.81,234098
act-11288,Robert Pattinson,ROP4,Actor,Actor • 8 sampled film credits,TMDB 5000 credits sample,https://www.themoviedb.org/person/11288,0.82,59.8,58.0,79.04,86.65,4.8,229223
act-16850,Rose McGowan,ROM4,Actor,Actor • 7 sampled film credits,TMDB 5000 credits sample,https://www.themoviedb.org/person/16850,0.82,59.8,58.0,79.03,74.41,5.63,323026
act-41819,Sarah Wynter,SAWY,Actor,Actor • 4 sampled film credits,TMDB 5000 credits sample,https://www.themoviedb.org/person/41819,0.82,59.7,58.0,78.94,81.75,3.83,178381
act-586,Sean Young,SEYO,Actor,Actor • 5 sampled film credits,TMDB 5000 credits sample,https://www.themoviedb.org/person/586,0.82,59.7,58.0,78.95,70.79,7.79,335582
act-5950,Seymour Cassel,SECA,Actor,Actor • 14 sampled film credits,TMDB 5000 credits sample,https://www.themoviedb.org/person/5950,0.82,59.8,58.0,79.01,78.45,-5.24,328073
act-2138,Shawnee Smith,SHSM,Actor,Actor • 11 sampled film credits,TMDB 5000 credits sample,https://www.themoviedb.org/person/2138,0.82,59.7,58.0,78.91,77.95,-1.25,230579
act-81388,Steve Howey,STH2,Actor,Actor • 5 sampled film credits,TMDB 5000 credits sample,https://www.themoviedb.org/person/81388,0.82,59.8,58.0,79.07,71.47,7.49,354596
act-28472,Adam Garcia,ADGA,Actor,Actor • 4 sampled film credits,TMDB 5000 credits sample,https://www.themoviedb.org/person/28472,0.82,59.7,57.9,78.87,70.95,-5.42,332759
act-19275,Amanda Detmer,AMDE,Actor,Actor • 5 sampled film credits,TMDB 5000 credits sample,https://www.themoviedb.org/person/19275,0.82,59.7,57.9,78.83,82.45,0.64,312737
act-6907,Annie Corley,ANC4,Actor,Actor • 7 sampled film credits,TMDB 5000 credits sample,https://www.themoviedb.org/person/6907,0.82,59.6,57.9,78.75,82.1,2.04,256116
act-57829,Anthony LaPaglia,ANLA,Actor,Actor • 9 sampled film credits,TMDB 5000 credits sample,https://www.themoviedb.org/person/57829,0.82,59.7,57.9,78.86,81.93,4.1,219507
act-38670,Camilla Belle,CABE,Actor,Actor • 7 sampled film credits,TMDB 5000 credits sample,https://www.themoviedb.org/person/38670,0.82,59.6,57.9,78.67,75.72,5.23,183315
act-22227,Christopher Meloni,CHME,Actor,Actor • 12 sampled film credits,TMDB 5000 credits sample,https://www.themoviedb.org/person/22227,0.82,59.6,57.9,78.75,81.01,-6.57,315027
act-76788,Dev Patel,DEPA,Actor,Actor • 5 sampled film credits,TMDB 5000 credits sample,https://www.themoviedb.org/person/76788,0.82,59.6,57.9,78.69,76.99,-1.87,388276
act-213001,Jenny Slate,JESL,Actor,Actor • 4 sampled film credits,TMDB 5000 credits sample,https://www.themoviedb.org/person/213001,0.82,59.7,57.9,78.84,88.45,3.8,316134
act-17521,Kelly Reilly,KER2,Actor,Actor • 11 sampled film credits,TMDB 5000 credits sample,https://www.themoviedb.org/person/17521,0.82,59.6,57.9,78.65,73.42,8.29,228402
act-56128,Kristy Swanson,KRSW,Actor,Actor • 4 sampled film credits,TMDB 5000 credits sample,https://www.themoviedb.org/person/56128,0.82,59.6,57.9,78.73,79.48,-3.35,377660
act-2221,Leland Orser,LEOR,Actor,Actor • 13 sampled film credits,TMDB 5000 credits sample,https://www.themoviedb.org/person/2221,0.82,59.6,57.9,78.72,79.34,8.67,227482
act-4390,Ludivine Sagnier,LUS2,Actor,Actor • 6 sampled film credits,TMDB 5000 credits sample,https://www.themoviedb.org/person/4390,0.82,59.7,57.9,78.8,81.29,6.09,309808
act-13919,Michael York,MIYO,Actor,Actor • 8 sampled film credits,TMDB 5000 credits sample,https://www.themoviedb.org/person/13919,0.82,59.7,57.9,78.88,72.48,-1.48,245928
act-57395,Natasha Henstridge,NAHE,Actor,Actor • 7 sampled film credits,TMDB 5000 credits sample,https://www.themoviedb.org/person/57395,0.82,59.7,57.9,78.87,86.55,-2.02,286958
act-7505,Roddy McDowall,ROMC,Actor,Actor • 10 sampled film credits,TMDB 5000 credits sample,https://www.themoviedb.org/person/7505,0.82,59.6,57.9,78.6,89.73,-6.5,279710
act-14892,Rosemarie DeWitt,RODE,Actor,Actor • 9 sampled film credits,TMDB 5000 credits sample,https://www.themoviedb.org/person/14892,0.82,59.6,57.9,78.61,79.49,-0.11,187942
act-8291,Alison Lohman,ALLO,Actor,Actor • 9 sampled film credits,TMDB 5000 credits sample,https://www.themoviedb.org/person/8291,0.82,59.5,57.8,78.51,84.03,6.09,195956
act-27563,Amy Irving,AMIR,Actor,Actor • 7 sampled film credits,TMDB 5000 credits sample,https://www.themoviedb.org/person/27563,0.82,59.5,57.8,78.5,76.22,-4.33,401448
act-119592,Aubrey Plaza,AUPL,Actor,Actor • 7 sampled film credits,TMDB 5000 credits sample,https://www.themoviedb.org/person/119592,0.82,59.6,57.8,78.57,88.03,0.74,366066
act-14386,Beyoncé Knowles,BEKN,Actor,Actor • 5 sampled film credits,TMDB 5000 credits sample,https://www.themoviedb.org/person/14386,0.82,59.5,57.8,78.38,87.73,7.07,216282
act-38225,Cher,CHE2,Actor,Actor • 5 sampled film credits,TMDB 5000 credits sample,https://www.themoviedb.org/person/38225,0.82,59.6,57.8,78.59,78.82,-3.56,189439
act-5346,Dan Futterman,DAFU,Actor,Actor • 5 sampled film credits,TMDB 5000 credits sample,https://www.themoviedb.org/person/5346,0.82,59.5,57.8,78.35,78.57,-7.0,313794
act-57675,Daryl Sabara,DASA,Actor,Actor • 10 sampled film credits,TMDB 5000 credits sample,https://www.themoviedb.org/person/57675,0.82,59.5,57.8,78.51,76.66,-5.66,216567
act-20300,Eileen Atkins,EIAT,Actor,Actor • 8 sampled film credits,TMDB 5000 credits sample,https://www.themoviedb.org/person/20300,0.82,59.5,57.8,78.54,69.57,7.07,326954
act-58754,Haley Bennett,HAB2,Actor,Actor • 6 sampled film credits,TMDB 5000 credits sample,https://www.themoviedb.org/person/58754,0.82,59.5,57.8,78.44,86.53,0.81,256856
act-27104,Johnny Simmons,JOSI,Actor,Actor • 11 sampled film credits,TMDB 5000 credits sample,https://www.themoviedb.org/person/27104,0.82,59.6,57.8,78.57,90.01,7.37,179387
act-14324,Joss Ackland,JOAC,Actor,Actor • 6 sampled film credits,TMDB 5000 credits sample,https://www.themoviedb.org/person/14324,0.82,59.5,57.8,78.41,89.63,4.15,268608
act-9015,Kelly Macdonald,KEMA,Actor,Actor • 11 sampled film credits,TMDB 5000 credits sample,https://www.themoviedb.org/person/9015,0.82,59.6,57.8,78.58,81.53,2.06,226092
act-26467,Kyra Sedgwick,KYSE,Actor,Actor • 8 sampled film credits,TMDB 5000 credits sample,https://www.themoviedb.org/person/26467,0.82,59.5,57.8,78.34,86.79,3.22,210222
act-2714,Lance Henriksen,LAHE,Actor,Actor • 16 sampled film credits,TMDB 5000 credits sample,https://www.themoviedb.org/person/2714,0.82,59.5,57.8,78.43,84.93,-0.72,305266
act-18291,Larenz Tate,LATA,Actor,Actor • 7 sampled film credits,TMDB 5000 credits sample,https://www.themoviedb.org/person/18291,0.82,59.5,57.8,78.42,71.73,-4.28,335082
act-534,Mark Boone Junior,MAJU,Actor,Actor • 19 sampled film credits,TMDB 5000 credits sample,https://www.themoviedb.org/person/534,0.82,59.5,57.8,78.39,84.22,-7.43,287113
act-16307,Maura Tierney,MATI,Actor,Actor • 7 sampled film credits,TMDB 5000 credits sample,https://www.themoviedb.org/person/16307,0.82,59.6,57.8,78.58,78.39,-5.47,351631
act-39390,Michael Kenneth Williams,MIW2,Actor,Actor • 17 sampled film credits,TMDB 5000 credits sample,https://www.themoviedb.org/person/39390,0.82,59.5,57.8,78.48,78.71,-6.32,285112
act-76594,Miley Cyrus,MICY,Actor,Actor • 8 sampled film credits,TMDB 5000 credits sample,https://www.themoviedb.org/person/76594,0.82,59.5,57.8,78.49,72.67,-6.44,381363
act-10742,Teri Hatcher,TEHA,Actor,Actor • 5 sampled film credits,TMDB 5000 credits sample,https://www.themoviedb.org/person/10742,0.82,59.6,57.8,78.6,79.37,2.59,312339
act-41043,Tim McInnerny,TIMC,Actor,Actor • 8 sampled film credits,TMDB 5000 credits sample,https://www.themoviedb.org/person/41043,0.82,59.5,57.8,78.47,88.73,-0.15,238237
act-51857,Tim Meadows,TIME,Actor,Actor • 11 sampled film credits,TMDB 5000 credits sample,https://www.themoviedb.org/person/51857,0.82,59.5,57.8,78.4,86.33,4.95,273545
act-15232,Ty Burrell,TYBU,Actor,Actor • 11 sampled film credits,TMDB 5000 credits sample,https://www.themoviedb.org/person/15232,0.82,59.6,57.8,78.57,75.8,-5.21,290430
act-10427,Anne Archer,ANAR,Actor,Actor • 7 sampled film credits,TMDB 5000 credits sample,https://www.themoviedb.org/person/10427,0.82,59.4,57.7,78.29,72.13,2.39,260155
act-11085,Anthony Edwards,ANED,Actor,Actor • 8 sampled film credits,TMDB 5000 credits sample,https://www.themoviedb.org/person/11085,0.82,59.4,57.7,78.22,79.16,-4.08,386247
act-10501,Chaim Topol,CHTO,Actor,Actor • 3 sampled film credits,TMDB 5000 credits sample,https://www.themoviedb.org/person/10501,0.82,59.4,57.7,78.27,71.98,8.39,344993
act-2958,Diana Scarwid,DISC,Actor,Actor • 6 sampled film credits,TMDB 5000 credits sample,https://www.themoviedb.org/person/2958,0.82,59.4,57.7,78.23,85.04,-1.24,295719
act-5249,E.G. Marshall,EGMA,Actor,Actor • 7 sampled film credits,TMDB 5000 credits sample,https://www.themoviedb.org/person/5249,0.82,59.4,57.7,78.2,76.09,-6.12,284111
act-9126,Edward Fox,EDFO,Actor,Actor • 9 sampled film credits,TMDB 5000 credits sample,https://www.themoviedb.org/person/9126,0.82,59.4,57.7,78.13,77.89,-5.56,335082
act-6913,Ellen Barkin,ELB3,Actor,Actor • 11 sampled film credits,TMDB 5000 credits sample,https://www.themoviedb.org/person/6913,0.82,59.4,57.7,78.11,86.3,9.02,273714
act-33196,Jake Lloyd,JALL,Actor,Actor • 3 sampled film credits,TMDB 5000 credits sample,https://www.themoviedb.org/person/33196,0.82,59.4,57.7,78.27,81.89,7.16,160538
act-16484,Joey Lauren Adams,JOAD,Actor,Actor • 9 sampled film credits,TMDB 5000 credits sample,https://www.themoviedb.org/person/16484,0.82,59.4,57.7,78.12,80.21,-2.37,326738
act-783,Jonathan Banks,JOB6,Actor,Actor • 11 sampled film credits,TMDB 5000 credits sample,https://www.themoviedb.org/person/783,0.82,59.4,57.7,78.25,81.73,-0.44,241467
act-62596,Kane Hodder,KAH2,Actor,Actor • 8 sampled film credits,TMDB 5000 credits sample,https://www.themoviedb.org/person/62596,0.82,59.4,57.7,78.13,79.42,7.51,232022
act-8963,Karen Black,KABL,Actor,Actor • 5 sampled film credits,TMDB 5000 credits sample,https://www.themoviedb.org/person/8963,0.82,59.4,57.7,78.17,78.19,4.63,319875
act-11024,Kelly Hu,KEHU,Actor,Actor • 7 sampled film credits,TMDB 5000 credits sample,https://www.themoviedb.org/person/11024,0.82,59.4,57.7,78.3,78.44,1.87,323979
act-58643,Linda Emond,LIEM,Actor,Actor • 9 sampled film credits,TMDB 5000 credits sample,https://www.themoviedb.org/person/58643,0.82,59.4,57.7,78.1,76.87,-6.84,250152
act-94864,Max Martini,MA13,Actor,Actor • 10 sampled film credits,TMDB 5000 credits sample,https://www.themoviedb.org/person/94864,0.82,59.3,57.7,78.05,81.14,-6.92,357416
act-41555,Melissa Sagemiller,MESA,Actor,Actor • 3 sampled film credits,TMDB 5000 credits sample,https://www.themoviedb.org/person/41555,0.82,59.4,57.7,78.2,76.74,-5.8,226629
act-50217,Michael Kelly,MIK2,Actor,Actor • 13 sampled film credits,TMDB 5000 credits sample,https://www.themoviedb.org/person/50217,0.82,59.4,57.7,78.19,77.91,-7.32,301226
act-175826,Mireille Enos,MIEN,Actor,Actor • 5 sampled film credits,TMDB 5000 credits sample,https://www.themoviedb.org/person/175826,0.82,59.4,57.7,78.2,77.41,-0.24,301112
act-10361,Raymond J. Barry,RABA,Actor,Actor • 8 sampled film credits,TMDB 5000 credits sample,https://www.themoviedb.org/person/10361,0.82,59.4,57.7,78.23,82.54,3.22,250729
act-12206,Richard Roxburgh,RIR2,Actor,Actor • 7 sampled film credits,TMDB 5000 credits sample,https://www.themoviedb.org/person/12206,0.82,59.4,57.7,78.23,72.84,-5.92,333280
act-82191,Sharlto Copley,SHCO,Actor,Actor • 4 sampled film credits,TMDB 5000 credits sample,https://www.themoviedb.org/person/82191,0.82,59.4,57.7,78.3,82.27,3.72,298799
act-15566,Sharon Leal,SHLE,Actor,Actor • 7 sampled film credits,TMDB 5000 credits sample,https://www.themoviedb.org/person/15566,0.82,59.4,57.7,78.27,75.54,-5.39,172336
act-121953,Stephanie Szostak,STSZ,Actor,Actor • 7 sampled film credits,TMDB 5000 credits sample,https://www.themoviedb.org/person/121953,0.82,59.5,57.7,78.32,86.48,-5.67,215980
act-2202,Steve Harris,STHA,Actor,Actor • 9 sampled film credits,TMDB 5000 credits sample,https://www.themoviedb.org/person/2202,0.82,59.4,57.7,78.28,73.88,-0.5,194153
act-5010,Todd Field,TOF2,Actor,Actor • 7 sampled film credits,TMDB 5000 credits sample,https://www.themoviedb.org/person/5010,0.82,59.4,57.7,78.26,74.02,-7.27,331501
act-16857,Tom Everett Scott,TOSC,Actor,Actor • 9 sampled film credits,TMDB 5000 credits sample,https://www.themoviedb.org/person/16857,0.82,59.4,57.7,78.19,78.13,2.64,203538
act-47774,Vincent Pastore,VIPA,Actor,Actor • 11 sampled film credits,TMDB 5000 credits sample,https://www.themoviedb.org/person/47774,0.82,59.4,57.7,78.12,78.97,8.45,242417
act-8252,William Holden,WIHO,Actor,Actor • 3 sampled film credits,TMDB 5000 credits sample,https://www.themoviedb.org/person/8252,0.82,59.3,57.7,78.08,76.92,-4.66,362518
act-17306,Zachary Quinto,ZAQU,Actor,Actor • 6 sampled film credits,TMDB 5000 credits sample,https://www.themoviedb.org/person/17306,0.82,59.3,57.7,78.05,77.06,4.63,204099
act-14592,BD Wong,BDWO,Actor,Actor • 9 sampled film credits,TMDB 5000 credits sample,https://www.themoviedb.org/person/14592,0.82,59.2,57.6,77.8,79.48,4.56,291675
act-11953,Benno Fürmann,BEFU,Actor,Actor • 5 sampled film credits,TMDB 5000 credits sample,https://www.themoviedb.org/person/11953,0.82,59.3,57.6,78.03,84.53,3.3,297302
act-27422,Bruce Payne,BRPA,Actor,Actor • 4 sampled film credits,TMDB 5000 credits sample,https://www.themoviedb.org/person/27422,0.82,59.2,57.6,77.8,75.18,-0.64,207498
act-35219,Corey Burton,COBU,Actor,Actor • 13 sampled film credits,TMDB 5000 credits sample,https://www.themoviedb.org/person/35219,0.82,59.3,57.6,78.01,84.24,2.11,299088
act-6066,Dash Mihok,DAMI,Actor,Actor • 14 sampled film credits,TMDB 5000 credits sample,https://www.themoviedb.org/person/6066,0.82,59.2,57.6,77.8,81.87,-3.48,287562
act-56679,Edwin Hodge,EDHO,Actor,Actor • 6 sampled film credits,TMDB 5000 credits sample,https://www.themoviedb.org/person/56679,0.82,59.2,57.6,77.78,79.78,2.75,260712
act-13446,Eliza Dushku,ELDU,Actor,Actor • 8 sampled film credits,TMDB 5000 credits sample,https://www.themoviedb.org/person/13446,0.82,59.3,57.6,77.98,80.02,-1.19,285032
act-14833,Harold Gould,HAGO,Actor,Actor • 8 sampled film credits,TMDB 5000 credits sample,https://www.themoviedb.org/person/14833,0.82,59.2,57.6,77.8,82.92,6.58,240686
act-5915,Jaime King,JAKI,Actor,Actor • 9 sampled film credits,TMDB 5000 credits sample,https://www.themoviedb.org/person/5915,0.82,59.2,57.6,77.81,72.64,0.88,228855
act-7037,Jean-Hugues Anglade,JEA2,Actor,Actor • 3 sampled film credits,TMDB 5000 credits sample,https://www.themoviedb.org/person/7037,0.82,59.3,57.6,77.96,87.11,-0.09,166473
act-3497,Kyle Chandler,KYCH,Actor,Actor • 9 sampled film credits,TMDB 5000 credits sample,https://www.themoviedb.org/person/3497,0.82,59.3,57.6,77.88,81.36,-4.43,241951
act-22082,Lacey Chabert,LACH,Actor,Actor • 7 sampled film credits,TMDB 5000 credits sample,https://www.themoviedb.org/person/22082,0.82,59.2,57.6,77.83,76.27,-3.73,255097
act-81364,Olivia Munn,OLMU,Actor,Actor • 9 sampled film credits,TMDB 5000 credits sample,https://www.themoviedb.org/person/81364,0.82,59.3,57.6,77.9,87.67,2.75,341293
act-723,Patrick Swayze,PASW,Actor,Actor • 7 sampled film credits,TMDB 5000 credits sample,https://www.themoviedb.org/person/723,0.82,59.3,57.6,77.87,72.54,2.6,243709
act-14104,Phil Hartman,PHH2,Actor,Actor • 6 sampled film credits,TMDB 5000 credits sample,https://www.themoviedb.org/person/14104,0.82,59.2,57.6,77.82,72.5,7.06,379064
act-79795,Shiloh Fernandez,SHFE,Actor,Actor • 6 sampled film credits,TMDB 5000 credits sample,https://www.themoviedb.org/person/79795,0.82,59.2,57.6,77.86,72.68,4.61,279568
act-10917,Simon Abkarian,SIAB,Actor,Actor • 5 sampled film credits,TMDB 5000 credits sample,https://www.themoviedb.org/person/10917,0.82,59.3,57.6,78.03,80.56,-6.32,266964
act-978,Steven Mackintosh,STM5,Actor,Actor • 9 sampled film credits,TMDB 5000 credits sample,https://www.themoviedb.org/person/978,0.82,59.2,57.6,77.83,80.68,9.35,253330
act-91606,Tom Hiddleston,TOHI,Actor,Actor • 6 sampled film credits,TMDB 5000 credits sample,https://www.themoviedb.org/person/91606,0.82,59.2,57.6,77.79,81.06,-1.33,360886
act-11824,Tom Welling,TOWE,Actor,Actor • 3 sampled film credits,TMDB 5000 credits sample,https://www.themoviedb.org/person/11824,0.82,59.3,57.6,77.89,75.68,7.79,267267
act-11395,Victor Wong,VIWO,Actor,Actor • 8 sampled film credits,TMDB 5000 credits sample,https://www.themoviedb.org/person/11395,0.82,59.2,57.6,77.78,80.55,5.91,363969
act-10697,Alan Cumming,ALCU,Actor,Actor • 17 sampled film credits,TMDB 5000 credits sample,https://www.themoviedb.org/person/10697,0.82,59.1,57.5,77.52,72.24,-5.82,315549
act-821,Beverly D'Angelo,BEDA,Actor,Actor • 9 sampled film credits,TMDB 5000 credits sample,https://www.themoviedb.org/person/821,0.82,59.1,57.5,77.58,81.03,-6.17,412200
act-80758,Boris Kodjoe,BOKO,Actor,Actor • 8 sampled film credits,TMDB 5000 credits sample,https://www.themoviedb.org/person/80758,0.82,59.2,57.5,77.66,68.77,4.08,331106
act-20006,Christopher Reeve,CHRE,Actor,Actor • 6 sampled film credits,TMDB 5000 credits sample,https://www.themoviedb.org/person/20006,0.82,59.2,57.5,77.68,81.0,0.66,362325
act-7059,Heike Makatsch,HEM2,Actor,Actor • 6 sampled film credits,TMDB 5000 credits sample,https://www.themoviedb.org/person/7059,0.82,59.2,57.5,77.67,76.26,6.09,304668
act-20508,Iain Glen,IAGL,Actor,Actor • 7 sampled film credits,TMDB 5000 credits sample,https://www.themoviedb.org/person/20508,0.82,59.2,57.5,77.76,91.55,-3.54,227773
act-52474,Jason London,JALO,Actor,Actor • 5 sampled film credits,TMDB 5000 credits sample,https://www.themoviedb.org/person/52474,0.82,59.1,57.5,77.49,85.01,-6.47,205871
act-223012,Jayson Blair,JA10,Actor,Actor • 3 sampled film credits,TMDB 5000 credits sample,https://www.themoviedb.org/person/223012,0.82,59.1,57.5,77.59,87.5,7.72,332937
act-53647,Lainie Kazan,LAKA,Actor,Actor • 7 sampled film credits,TMDB 5000 credits sample,https://www.themoviedb.org/person/53647,0.82,59.2,57.5,77.66,73.72,-5.31,245954
act-10134,Mako,MAK2,Actor,Actor • 10 sampled film credits,TMDB 5000 credits sample,https://www.themoviedb.org/person/10134,0.82,59.1,57.5,77.62,73.63,1.97,189231
act-15576,Matthew Macfadyen,MAM7,Actor,Actor • 6 sampled film credits,TMDB 5000 credits sample,https://www.themoviedb.org/person/15576,0.82,59.2,57.5,77.75,75.61,-2.51,355098
act-10824,N'Bushe Wright,NBWR,Actor,Actor • 3 sampled film credits,TMDB 5000 credits sample,https://www.themoviedb.org/person/10824,0.82,59.1,57.5,77.6,80.92,-1.78,318855
act-11317,Natascha McElhone,NAMC,Actor,Actor • 7 sampled film credits,TMDB 5000 credits sample,https://www.themoviedb.org/person/11317,0.82,59.1,57.5,77.56,74.53,8.85,282109
act-28412,Rebecca De Mornay,REMO,Actor,Actor • 6 sampled film credits,TMDB 5000 credits sample,https://www.themoviedb.org/person/28412,0.82,59.2,57.5,77.67,75.58,-5.79,278713
act-111922,Robert Capron,ROC5,Actor,Actor • 7 sampled film credits,TMDB 5000 credits sample,https://www.themoviedb.org/person/111922,0.82,59.2,57.5,77.72,81.74,8.35,220100
act-343,Taryn Manning,TAMA,Actor,Actor • 12 sampled film credits,TMDB 5000 credits sample,https://www.themoviedb.org/person/343,0.82,59.2,57.5,77.66,73.74,2.65,249181
act-27011,Vanessa Williams,VAWI,Actor,Actor • 9 sampled film credits,TMDB 5000 credits sample,https://www.themoviedb.org/person/27011,0.82,59.1,57.5,77.63,82.97,-4.29,274190
act-109438,Xavier Samuel,XASA,Actor,Actor • 8 sampled film credits,TMDB 5000 credits sample,https://www.themoviedb.org/person/109438,0.82,59.1,57.5,77.59,83.39,-1.27,292168
act-59174,America Ferrera,AMFE,Actor,Actor • 9 sampled film credits,TMDB 5000 credits sample,https://www.themoviedb.org/person/59174,0.82,59.0,57.4,77.26,78.59,-6.64,301721
act-53923,Aunjanue Ellis,AUEL,Actor,Actor • 11 sampled film credits,TMDB 5000 credits sample,https://www.themoviedb.org/person/53923,0.82,59.0,57.4,77.31,78.31,-3.15,260324
act-15286,Christine Taylor,CHT2,Actor,Actor • 7 sampled film credits,TMDB 5000 credits sample,https://www.themoviedb.org/person/15286,0.82,59.0,57.4,77.34,73.2,3.92,273315
act-10210,Daniel Kash,DAK3,Actor,Actor • 8 sampled film credits,TMDB 5000 credits sample,https://www.themoviedb.org/person/10210,0.82,59.1,57.4,77.41,84.01,6.03,306523
act-1670,Daniel Mays,DAMA,Actor,Actor • 12 sampled film credits,TMDB 5000 credits sample,https://www.themoviedb.org/person/1670,0.82,59.1,57.4,77.43,80.96,1.66,176711
act-15274,E.G. Daily,EGDA,Actor,Actor • 10 sampled film credits,TMDB 5000 credits sample,https://www.themoviedb.org/person/15274,0.82,59.1,57.4,77.46,81.71,1.16,223647
act-37632,Eddie Redmayne,EDRE,Actor,Actor • 8 sampled film credits,TMDB 5000 credits sample,https://www.themoviedb.org/person/37632,0.82,59.1,57.4,77.43,74.24,9.3,232098
act-3265,Eli Wallach,ELWA,Actor,Actor • 9 sampled film credits,TMDB 5000 credits sample,https://www.themoviedb.org/person/3265,0.82,59.0,57.4,77.38,72.29,6.04,320625
act-2880,Emilio Estevez,EMES,Actor,Actor • 8 sampled film credits,TMDB 5000 credits sample,https://www.themoviedb.org/person/2880,0.82,59.0,57.4,77.34,83.48,-6.84,181352
act-5296,James Ransone,JARA,Actor,Actor • 9 sampled film credits,TMDB 5000 credits sample,https://www.themoviedb.org/person/5296,0.82,59.0,57.4,77.3,85.38,2.9,384191
act-50095,Jason Ritter,JARI,Actor,Actor • 9 sampled film credits,TMDB 5000 credits sample,https://www.themoviedb.org/person/50095,0.82,59.1,57.4,77.41,76.26,7.12,328067
act-60023,Joe Viterelli,JOVI,Actor,Actor • 8 sampled film credits,TMDB 5000 credits sample,https://www.themoviedb.org/person/60023,0.82,59.0,57.4,77.35,75.45,8.6,387845
act-14792,Josef Sommer,JOS2,Actor,Actor • 9 sampled film credits,TMDB 5000 credits sample,https://www.themoviedb.org/person/14792,0.82,59.0,57.4,77.34,80.88,-0.57,291990
act-4787,Joseph Mazzello,JO22,Actor,Actor • 9 sampled film credits,TMDB 5000 credits sample,https://www.themoviedb.org/person/4787,0.82,59.1,57.4,77.44,73.64,6.56,221689
act-1666,Julie Christie,JUC2,Actor,Actor • 7 sampled film credits,TMDB 5000 credits sample,https://www.themoviedb.org/person/1666,0.82,59.0,57.4,77.33,76.98,3.27,265476
act-36628,Kate del Castillo,KAC3,Actor,Actor • 6 sampled film credits,TMDB 5000 credits sample,https://www.themoviedb.org/person/36628,0.82,59.0,57.4,77.36,80.66,-1.48,265663
act-8332,Laurie Holden,LAH3,Actor,Actor • 4 sampled film credits,TMDB 5000 credits sample,https://www.themoviedb.org/person/8332,0.82,59.0,57.4,77.31,89.05,3.67,247788
act-13633,Mark Addy,MAAD,Actor,Actor • 10 sampled film credits,TMDB 5000 credits sample,https://www.themoviedb.org/person/13633,0.82,59.0,57.4,77.22,77.04,-2.88,332011
act-42993,Martin Donovan,MAD5,Actor,Actor • 12 sampled film credits,TMDB 5000 credits sample,https://www.themoviedb.org/person/42993,0.82,59.1,57.4,77.46,80.57,3.7,242493
act-19975,Michael Rosenbaum,MIR5,Actor,Actor • 7 sampled film credits,TMDB 5000 credits sample,https://www.themoviedb.org/person/19975,0.82,59.0,57.4,77.3,73.96,3.04,274925
act-60561,Mo'Nique,MON2,Actor,Actor • 8 sampled film credits,TMDB 5000 credits sample,https://www.themoviedb.org/person/60561,0.82,59.0,57.4,77.29,74.78,2.89,237713
act-18461,Nick Chinlund,NICH,Actor,Actor • 10 sampled film credits,TMDB 5000 credits sample,https://www.themoviedb.org/person/18461,0.82,59.0,57.4,77.32,73.15,6.43,178939
act-780,Ronny Cox,ROC4,Actor,Actor • 5 sampled film credits,TMDB 5000 credits sample,https://www.themoviedb.org/person/780,0.82,59.0,57.4,77.21,75.19,-3.64,359820
act-52647,Shawn Hatosy,SHHA,Actor,Actor • 13 sampled film credits,TMDB 5000 credits sample,https://www.themoviedb.org/person/52647,0.82,59.1,57.4,77.44,70.19,-1.98,265474
act-20738,Song Kang-ho,SOKA,Actor,Actor • 4 sampled film credits,TMDB 5000 credits sample,https://www.themoviedb.org/person/20738,0.82,59.0,57.4,77.29,79.96,-5.72,242452
act-2478,Tommy Flanagan,TOFL,Actor,Actor • 9 sampled film credits,TMDB 5000 credits sample,https://www.themoviedb.org/person/2478,0.82,59.1,57.4,77.42,83.26,-7.17,360495
act-5090,Adrian Grenier,ADGR,Actor,Actor • 7 sampled film credits,TMDB 5000 credits sample,https://www.themoviedb.org/person/5090,0.82,58.9,57.3,77.11,83.66,4.41,245311
act-59860,Alice Eve,ALEV,Actor,Actor • 8 sampled film credits,TMDB 5000 credits sample,https://www.themoviedb.org/person/59860,0.82,58.9,57.3,77.12,79.1,5.64,200407
act-35780,Amitabh Bachchan,AMBA,Actor,Actor • 5 sampled film credits,TMDB 5000 credits sample,https://www.themoviedb.org/person/35780,0.82,58.9,57.3,77.04,81.87,2.4,191329
act-2222,Beau Bridges,BEB2,Actor,Actor • 9 sampled film credits,TMDB 5000 credits sample,https://www.themoviedb.org/person/2222,0.82,58.9,57.3,77.11,78.06,-3.81,256020
act-77335,Ben Mendelsohn,BEME,Actor,Actor • 12 sampled film credits,TMDB 5000 credits sample,https://www.themoviedb.org/person/77335,0.82,58.9,57.3,77.09,81.48,1.84,394031
act-8226,Billie Whitelaw,BIWH,Actor,Actor • 5 sampled film credits,TMDB 5000 credits sample,https://www.themoviedb.org/person/8226,0.82,58.9,57.3,77.02,78.05,3.38,251927
act-1213786,Brent Spiner,BRSP,Actor,Actor • 13 sampled film credits,TMDB 5000 credits sample,https://www.themoviedb.org/person/1213786,0.82,58.9,57.3,77.01,83.4,0.23,372638
act-61659,Chris Messina,CHM4,Actor,Actor • 12 sampled film credits,TMDB 5000 credits sample,https://www.themoviedb.org/person/61659,0.82,58.9,57.3,76.96,76.47,-4.38,344435
act-14886,Craig Bierko,CRBI,Actor,Actor • 9 sampled film credits,TMDB 5000 credits sample,https://www.themoviedb.org/person/14886,0.82,58.9,57.3,77.03,76.08,-6.9,341163
act-6278,Devon Aoki,DEAO,Actor,Actor • 5 sampled film credits,TMDB 5000 credits sample,https://www.themoviedb.org/person/6278,0.82,59.0,57.3,77.2,82.64,-0.5,260478
act-10018,Jack Hawkins,JAH4,Actor,Actor • 4 sampled film credits,TMDB 5000 credits sample,https://www.themoviedb.org/person/10018,0.82,58.9,57.3,77.11,85.47,1.11,254557
act-22063,James Frain,JAF4,Actor,Actor • 10 sampled film credits,TMDB 5000 credits sample,https://www.themoviedb.org/person/22063,0.82,58.9,57.3,77.17,90.37,2.02,206495
act-22462,Joaquim de Almeida,JOA4,Actor,Actor • 8 sampled film credits,TMDB 5000 credits sample,https://www.themoviedb.org/person/22462,0.82,58.9,57.3,77.01,81.25,0.38,165962
act-4784,Laura Dern,LADE,Actor,Actor • 10 sampled film credits,TMDB 5000 credits sample,https://www.themoviedb.org/person/4784,0.82,58.9,57.3,77.11,71.07,-0.54,291388
act-4886,Norman Reedus,NORE,Actor,Actor • 13 sampled film credits,TMDB 5000 credits sample,https://www.themoviedb.org/person/4886,0.82,58.9,57.3,77.06,83.08,-4.69,250192
act-17346,Robin Tunney,ROTU,Actor,Actor • 6 sampled film credits,TMDB 5000 credits sample,https://www.themoviedb.org/person/17346,0.82,58.8,57.3,76.94,71.24,0.69,186747
act-522,Rod Steiger,ROST,Actor,Actor • 12 sampled film credits,TMDB 5000 credits sample,https://www.themoviedb.org/person/522,0.82,58.9,57.3,77.09,71.85,2.09,264491
act-138010,Sharni Vinson,SHVI,Actor,Actor • 3 sampled film credits,TMDB 5000 credits sample,https://www.themoviedb.org/person/138010,0.82,58.9,57.3,76.95,77.52,-6.7,233141
act-74242,Shea Whigham,SHWH,Actor,Actor • 17 sampled film credits,TMDB 5000 credits sample,https://www.themoviedb.org/person/74242,0.82,59.0,57.3,77.2,79.35,6.81,208682
act-27554,Alan Bates,ALB5,Actor,Actor • 6 sampled film credits,TMDB 5000 credits sample,https://www.themoviedb.org/person/27554,0.82,58.8,57.2,76.75,78.31,-1.19,310762
act-21595,Alyson Hannigan,ALHA,Actor,Actor • 8 sampled film credits,TMDB 5000 credits sample,https://www.themoviedb.org/person/21595,0.82,58.7,57.2,76.65,72.58,3.24,287044
act-6,Anthony Daniels,ANDA,Actor,Actor • 8 sampled film credits,TMDB 5000 credits sample,https://www.themoviedb.org/person/6,0.82,58.8,57.2,76.91,73.65,-3.98,314646
act-6368,Embeth Davidtz,EMDA,Actor,Actor • 10 sampled film credits,TMDB 5000 credits sample,https://www.themoviedb.org/person/6368,0.82,58.7,57.2,76.66,79.85,1.27,225293
act-1518,Frances O'Connor,FROC,Actor,Actor • 7 sampled film credits,TMDB 5000 credits sample,https://www.themoviedb.org/person/1518,0.82,58.8,57.2,76.83,83.77,1.57,179820
act-16935,Geena Davis,GEDA,Actor,Actor • 7 sampled film credits,TMDB 5000 credits sample,https://www.themoviedb.org/person/16935,0.82,58.7,57.2,76.68,78.0,3.19,260223
act-5251,Jack Warden,JAWA,Actor,Actor • 11 sampled film credits,TMDB 5000 credits sample,https://www.themoviedb.org/person/5251,0.82,58.7,57.2,76.69,76.17,1.59,282733
act-854,James Stewart,JAS2,Actor,Actor • 5 sampled film credits,TMDB 5000 credits sample,https://www.themoviedb.org/person/854,0.82,58.8,57.2,76.78,77.52,-2.45,223576
act-27772,John Ritter,JOR3,Actor,Actor • 4 sampled film credits,TMDB 5000 credits sample,https://www.themoviedb.org/person/27772,0.82,58.8,57.2,76.79,79.39,-2.51,212980
act-78080,Krysten Ritter,KRRI,Actor,Actor • 8 sampled film credits,TMDB 5000 credits sample,https://www.themoviedb.org/person/78080,0.82,58.7,57.2,76.68,76.42,-3.05,280589
act-1284,Noah Taylor,NOTA,Actor,Actor • 12 sampled film credits,TMDB 5000 credits sample,https://www.themoviedb.org/person/1284,0.82,58.7,57.2,76.65,84.12,-4.87,230669
act-56253,Paul Soter,PAS3,Actor,Actor • 3 sampled film credits,TMDB 5000 credits sample,https://www.themoviedb.org/person/56253,0.82,58.7,57.2,76.68,80.61,6.03,346951
act-108916,Rooney Mara,ROM2,Actor,Actor • 8 sampled film credits,TMDB 5000 credits sample,https://www.themoviedb.org/person/108916,0.82,58.8,57.2,76.92,77.54,1.36,195434
act-52601,Sean Hayes,SEHA,Actor,Actor • 9 sampled film credits,TMDB 5000 credits sample,https://www.themoviedb.org/person/52601,0.82,58.8,57.2,76.83,83.45,-1.37,211326
act-1284159,Simon Baker,SIBA,Actor,Actor • 8 sampled film credits,TMDB 5000 credits sample,https://www.themoviedb.org/person/1284159,0.82,58.7,57.2,76.68,74.88,-6.79,247244
act-14253,Slim Pickens,SLPI,Actor,Actor • 8 sampled film credits,TMDB 5000 credits sample,https://www.themoviedb.org/person/14253,0.82,58.8,57.2,76.91,72.21,9.38,318907
act-10660,Tanya Roberts,TARO,Actor,Actor • 3 sampled film credits,TMDB 5000 credits sample,https://www.themoviedb.org/person/10660,0.82,58.8,57.2,76.79,73.67,5.5,228786
act-2957,Alexander Siddig,ALSI,Actor,Actor • 10 sampled film credits,TMDB 5000 credits sample,https://www.themoviedb.org/person/2957,0.82,58.7,57.1,76.58,86.46,9.12,210313
act-43366,Ann Dowd,ANDO,Actor,Actor • 13 sampled film credits,TMDB 5000 credits sample,https://www.themoviedb.org/person/43366,0.82,58.6,57.1,76.47,87.69,1.02,388754
act-5502,Bill Nunn,BINU,Actor,Actor • 15 sampled film credits,TMDB 5000 credits sample,https://www.themoviedb.org/person/5502,0.82,58.7,57.1,76.5,82.19,0.94,223115
act-17522,Cécile de France,CEFR,Actor,Actor • 4 sampled film credits,TMDB 5000 credits sample,https://www.themoviedb.org/person/17522,0.82,58.7,57.1,76.5,83.87,7.19,304850
act-93210,Domhnall Gleeson,DOGL,Actor,Actor • 10 sampled film credits,TMDB 5000 credits sample,https://www.themoviedb.org/person/93210,0.82,58.6,57.1,76.46,77.11,-3.54,284272
act-21711,Erika Christensen,ERC2,Actor,Actor • 6 sampled film credits,TMDB 5000 credits sample,https://www.themoviedb.org/person/21711,0.82,58.6,57.1,76.38,78.92,-0.87,181578
act-76792,Freida Pinto,FRPI,Actor,Actor • 5 sampled film credits,TMDB 5000 credits sample,https://www.themoviedb.org/person/76792,0.82,58.7,57.1,76.5,76.93,7.56,308231
act-10661,Grace Jones,GRJO,Actor,Actor • 3 sampled film credits,TMDB 5000 credits sample,https://www.themoviedb.org/person/10661,0.82,58.6,57.1,76.46,81.89,2.15,296375
act-29234,Joe Anderson,JOAN,Actor,Actor • 9 sampled film credits,TMDB 5000 credits sample,https://www.themoviedb.org/person/29234,0.82,58.7,57.1,76.51,71.76,-1.07,314996
act-90596,Katie Featherston,KAFE,Actor,Actor • 5 sampled film credits,TMDB 5000 credits sample,https://www.themoviedb.org/person/90596,0.82,58.6,57.1,76.38,77.6,5.86,186553
act-109432,Li Bingbing,LIBI,Actor,Actor • 5 sampled film credits,TMDB 5000 credits sample,https://www.themoviedb.org/person/109432,0.82,58.6,57.1,76.42,67.64,1.94,276872
act-29791,Lynn Redgrave,LYRE,Actor,Actor • 9 sampled film credits,TMDB 5000 credits sample,https://www.themoviedb.org/person/29791,0.82,58.7,57.1,76.5,79.28,9.3,269564
act-71467,Matt O'Leary,MAOL,Actor,Actor • 9 sampled film credits,TMDB 5000 credits sample,https://www.themoviedb.org/person/71467,0.82,58.6,57.1,76.45,87.11,4.7,207078
act-18270,Orlando Jones,ORJO,Actor,Actor • 11 sampled film credits,TMDB 5000 credits sample,https://www.themoviedb.org/person/18270,0.82,58.7,57.1,76.65,72.96,-3.96,317128
act-6487,Richard Roundtree,RIR3,Actor,Actor • 9 sampled film credits,TMDB 5000 credits sample,https://www.themoviedb.org/person/6487,0.82,58.7,57.1,76.63,73.72,0.23,365366
act-4455,Ulrich Thomsen,ULTH,Actor,Actor • 9 sampled film credits,TMDB 5000 credits sample,https://www.themoviedb.org/person/4455,0.82,58.7,57.1,76.62,82.31,-5.34,367170
act-3982,Xander Berkeley,XABE,Actor,Actor • 14 sampled film credits,TMDB 5000 credits sample,https://www.themoviedb.org/person/3982,0.82,58.6,57.1,76.45,74.18,-4.67,313457
act-84497,Aaron Paul,AAPA,Actor,Actor • 8 sampled film credits,TMDB 5000 credits sample,https://www.themoviedb.org/person/84497,0.82,58.5,57.0,76.25,71.93,1.14,248227
act-58899,Carly Schroeder,CAS4,Actor,Actor • 6 sampled film credits,TMDB 5000 credits sample,https://www.themoviedb.org/person/58899,0.82,58.6,57.0,76.33,75.04,1.39,192531
act-28164,Charles Grodin,CHGR,Actor,Actor • 6 sampled film credits,TMDB 5000 credits sample,https://www.themoviedb.org/person/28164,0.82,58.6,57.0,76.29,81.82,9.43,284765
act-76961,Demián Bichir,DEBI,Actor,Actor • 6 sampled film credits,TMDB 5000 credits sample,https://www.themoviedb.org/person/76961,0.82,58.5,57.0,76.16,74.12,-2.58,275279
act-230680,Douglas Booth,DOBO,Actor,Actor • 4 sampled film credits,TMDB 5000 credits sample,https://www.themoviedb.org/person/230680,0.82,58.5,57.0,76.26,80.77,6.43,285527
act-60074,Jeff Garlin,JEG3,Actor,Actor • 14 sampled film credits,TMDB 5000 credits sample,https://www.themoviedb.org/person/60074,0.82,58.5,57.0,76.22,85.9,-5.09,317539
act-31171,Julie Bowen,JUBO,Actor,Actor • 5 sampled film credits,TMDB 5000 credits sample,https://www.themoviedb.org/person/31171,0.82,58.5,57.0,76.25,79.95,-1.22,267622
act-239019,Kit Harington,KIHA,Actor,Actor • 4 sampled film credits,TMDB 5000 credits sample,https://www.themoviedb.org/person/239019,0.82,58.5,57.0,76.23,71.02,-0.45,293690
act-19977,Liam Aiken,LIAI,Actor,Actor • 6 sampled film credits,TMDB 5000 credits sample,https://www.themoviedb.org/person/19977,0.82,58.5,57.0,76.17,71.07,3.14,350143
act-18248,Mary-Louise Parker,MAPA,Actor,Actor • 11 sampled film credits,TMDB 5000 credits sample,https://www.themoviedb.org/person/18248,0.82,58.5,57.0,76.16,77.76,-5.11,293926
act-36811,Nick Cannon,NIC2,Actor,Actor • 7 sampled film credits,TMDB 5000 credits sample,https://www.themoviedb.org/person/36811,0.82,58.6,57.0,76.29,81.49,-4.72,330187
act-13309,Oprah Winfrey,OPWI,Actor,Actor • 7 sampled film credits,TMDB 5000 credits sample,https://www.themoviedb.org/person/13309,0.82,58.5,57.0,76.24,78.78,4.35,368030
act-2314,Peter Falk,PEF2,Actor,Actor • 8 sampled film credits,TMDB 5000 credits sample,https://www.themoviedb.org/person/2314,0.82,58.5,57.0,76.1,71.9,7.02,186994
act-22109,Peter Firth,PEFI,Actor,Actor • 9 sampled film credits,TMDB 5000 credits sample,https://www.themoviedb.org/person/22109,0.82,58.5,57.0,76.23,77.18,9.1,247558
act-11008,Rebecca Romijn,RERO,Actor,Actor • 10 sampled film credits,TMDB 5000 credits sample,https://www.themoviedb.org/person/11008,0.82,58.5,57.0,76.15,82.75,5.4,377061
act-13,Albert Brooks,ALBR,Actor,Actor • 14 sampled film credits,TMDB 5000 credits sample,https://www.themoviedb.org/person/13,0.82,58.5,56.9,76.06,78.5,0.24,223109
act-17486,Alison Pill,ALP4,Actor,Actor • 9 sampled film credits,TMDB 5000 credits sample,https://www.themoviedb.org/person/17486,0.82,58.4,56.9,75.9,76.5,-7.07,329688
act-13473,Barry Bostwick,BABO,Actor,Actor • 5 sampled film credits,TMDB 5000 credits sample,https://www.themoviedb.org/person/13473,0.82,58.5,56.9,76.06,76.79,5.28,227669
act-131520,Brooklyn Decker,BRD4,Actor,Actor • 3 sampled film credits,TMDB 5000 credits sample,https://www.themoviedb.org/person/131520,0.82,58.5,56.9,76.09,81.31,3.92,347817
act-27752,Bruce Spence,BRS2,Actor,Actor • 13 sampled film credits,TMDB 5000 credits sample,https://www.themoviedb.org/person/27752,0.82,58.4,56.9,75.91,85.81,-5.17,277388
act-18616,David Morrissey,DAM3,Actor,Actor • 8 sampled film credits,TMDB 5000 credits sample,https://www.themoviedb.org/person/18616,0.82,58.4,56.9,75.82,82.6,0.88,255459
act-103944,Dondre Whitfield,DOWH,Actor,Actor • 4 sampled film credits,TMDB 5000 credits sample,https://www.themoviedb.org/person/103944,0.82,58.4,56.9,75.99,76.32,8.57,331394
act-52480,Eddie Kaye Thomas,EDTH,Actor,Actor • 10 sampled film credits,TMDB 5000 credits sample,https://www.themoviedb.org/person/52480,0.82,58.4,56.9,75.97,77.68,-3.93,378421
act-19974,Greg Germann,GRG2,Actor,Actor • 11 sampled film credits,TMDB 5000 credits sample,https://www.themoviedb.org/person/19974,0.82,58.5,56.9,76.08,81.44,1.67,326544
act-19210,James Van Der Beek,JAB7,Actor,Actor • 4 sampled film credits,TMDB 5000 credits sample,https://www.themoviedb.org/person/19210,0.82,58.4,56.9,75.89,84.3,-3.53,177231
act-6067,Jay O. Sanders,JASA,Actor,Actor • 10 sampled film credits,TMDB 5000 credits sample,https://www.themoviedb.org/person/6067,0.82,58.4,56.9,75.85,70.68,0.91,296913
act-650,Karen Allen,KAAL,Actor,Actor • 9 sampled film credits,TMDB 5000 credits sample,https://www.themoviedb.org/person/650,0.82,58.4,56.9,76.0,78.3,2.92,259227
act-37014,Lauren German,LAG2,Actor,Actor • 4 sampled film credits,TMDB 5000 credits sample,https://www.themoviedb.org/person/37014,0.82,58.5,56.9,76.08,77.16,-6.54,318324
act-10839,Leonor Varela,LEVA,Actor,Actor • 7 sampled film credits,TMDB 5000 credits sample,https://www.themoviedb.org/person/10839,0.82,58.4,56.9,75.84,84.06,-5.21,271958
act-3127,Lili Taylor,LITA,Actor,Actor • 11 sampled film credits,TMDB 5000 credits sample,https://www.themoviedb.org/person/3127,0.82,58.4,56.9,75.91,72.64,5.28,179439
act-77277,Nate Parker,NAPA,Actor,Actor • 8 sampled film credits,TMDB 5000 credits sample,https://www.themoviedb.org/person/77277,0.82,58.4,56.9,75.87,68.57,-4.56,387501
act-8949,Peter Fonda,PEFO,Actor,Actor • 8 sampled film credits,TMDB 5000 credits sample,https://www.themoviedb.org/person/8949,0.82,58.4,56.9,75.95,84.89,-3.58,220416
act-77948,Selena Gomez,SEGO,Actor,Actor • 11 sampled film credits,TMDB 5000 credits sample,https://www.themoviedb.org/person/77948,0.82,58.4,56.9,75.95,80.9,-2.7,368077
act-3969,Shane Brolly,SHBR,Actor,Actor • 3 sampled film credits,TMDB 5000 credits sample,https://www.themoviedb.org/person/3969,0.82,58.4,56.9,75.97,87.18,-5.46,166473
act-1957,Sophie Marceau,SOMA,Actor,Actor • 3 sampled film credits,TMDB 5000 credits sample,https://www.themoviedb.org/person/1957,0.82,58.4,56.9,75.91,68.73,2.29,302519
act-34517,Trey Parker,TRPA,Actor,Actor • 3 sampled film credits,TMDB 5000 credits sample,https://www.themoviedb.org/person/34517,0.82,58.4,56.9,75.9,67.89,-0.65,250806
act-8263,Andrea Martin,ANM5,Actor,Actor • 12 sampled film credits,TMDB 5000 credits sample,https://www.themoviedb.org/person/8263,0.82,58.3,56.8,75.63,82.82,3.32,247910
act-11511,Daniel Stern,DAS5,Actor,Actor • 7 sampled film credits,TMDB 5000 credits sample,https://www.themoviedb.org/person/11511,0.82,58.3,56.8,75.69,87.57,6.92,248828
act-90498,Devon Bostick,DEB2,Actor,Actor • 7 sampled film credits,TMDB 5000 credits sample,https://www.themoviedb.org/person/90498,0.82,58.3,56.8,75.7,72.48,-6.39,289992
act-587,Edward James Olmos,EDOL,Actor,Actor • 9 sampled film credits,TMDB 5000 credits sample,https://www.themoviedb.org/person/587,0.82,58.3,56.8,75.6,71.33,-6.04,222826
act-18071,Geoffrey Lewis,GEL2,Actor,Actor • 11 sampled film credits,TMDB 5000 credits sample,https://www.themoviedb.org/person/18071,0.82,58.3,56.8,75.77,76.0,-5.26,378031
act-19011,George W. Bush,GEB2,Actor,Actor • 7 sampled film credits,TMDB 5000 credits sample,https://www.themoviedb.org/person/19011,0.82,58.3,56.8,75.77,80.15,1.96,275178
act-85065,Jack O'Connell,JAOC,Actor,Actor • 7 sampled film credits,TMDB 5000 credits sample,https://www.themoviedb.org/person/85065,0.82,58.2,56.8,75.55,73.59,-2.37,282992
act-68842,John Cho,JOC6,Actor,Actor • 21 sampled film credits,TMDB 5000 credits sample,https://www.themoviedb.org/person/68842,0.82,58.3,56.8,75.65,80.01,5.54,264412
act-4165,John Wayne,JOWA,Actor,Actor • 8 sampled film credits,TMDB 5000 credits sample,https://www.themoviedb.org/person/4165,0.82,58.3,56.8,75.6,84.76,1.87,209724
act-22306,Kad Merad,KAME,Actor,Actor • 3 sampled film credits,TMDB 5000 credits sample,https://www.themoviedb.org/person/22306,0.82,58.2,56.8,75.57,84.54,5.98,293592
act-10073,Karin Dor,KAD2,Actor,Actor • 3 sampled film credits,TMDB 5000 credits sample,https://www.themoviedb.org/person/10073,0.82,58.3,56.8,75.71,75.67,1.72,231691
act-21165,Kim Dickens,KIDI,Actor,Actor • 7 sampled film credits,TMDB 5000 credits sample,https://www.themoviedb.org/person/21165,0.82,58.3,56.8,75.81,85.32,-1.09,330805
act-11825,Maggie Grace,MAG6,Actor,Actor • 7 sampled film credits,TMDB 5000 credits sample,https://www.themoviedb.org/person/11825,0.82,58.4,56.8,75.81,83.26,4.86,302727
act-13525,Matt Craven,MACR,Actor,Actor • 14 sampled film credits,TMDB 5000 credits sample,https://www.themoviedb.org/person/13525,0.82,58.3,56.8,75.75,77.53,2.5,212892
act-21731,Michael McKean,MIMC,Actor,Actor • 17 sampled film credits,TMDB 5000 credits sample,https://www.themoviedb.org/person/21731,0.82,58.3,56.8,75.69,84.71,-0.47,196442
act-16171,Phoebe Cates,PHCA,Actor,Actor • 4 sampled film credits,TMDB 5000 credits sample,https://www.themoviedb.org/person/16171,0.82,58.3,56.8,75.8,83.49,-3.16,290655
act-6068,Sela Ward,SEWA,Actor,Actor • 8 sampled film credits,TMDB 5000 credits sample,https://www.themoviedb.org/person/6068,0.82,58.3,56.8,75.71,71.36,-1.32,206681
act-15112,Tom Selleck,TOSE,Actor,Actor • 4 sampled film credits,TMDB 5000 credits sample,https://www.themoviedb.org/person/15112,0.82,58.3,56.8,75.72,85.2,1.41,191929
act-56903,Tracy Morgan,TRMO,Actor,Actor • 14 sampled film credits,TMDB 5000 credits sample,https://www.themoviedb.org/person/56903,0.82,58.2,56.8,75.56,71.17,-7.4,199680
act-11065,Wilford Brimley,WIBR,Actor,Actor • 5 sampled film credits,TMDB 5000 credits sample,https://www.themoviedb.org/person/11065,0.82,58.3,56.8,75.67,81.93,5.91,335640
act-51536,Agnes Bruckner,AGBR,Actor,Actor • 5 sampled film credits,TMDB 5000 credits sample,https://www.themoviedb.org/person/51536,0.82,58.2,56.7,75.43,71.13,-6.55,367617
act-109513,Alexandra Daddario,ALD2,Actor,Actor • 6 sampled film credits,TMDB 5000 credits sample,https://www.themoviedb.org/person/109513,0.82,58.2,56.7,75.4,79.9,-5.97,172070
act-86653,Carter Jenkins,CAJE,Actor,Actor • 4 sampled film credits,TMDB 5000 credits sample,https://www.themoviedb.org/person/86653,0.82,58.1,56.7,75.29,79.49,8.04,338760
act-7430,Elizabeth Peña,ELP2,Actor,Actor • 7 sampled film credits,TMDB 5000 credits sample,https://www.themoviedb.org/person/7430,0.82,58.2,56.7,75.53,73.51,2.4,188696
act-824,Ethan Suplee,ETSU,Actor,Actor • 15 sampled film credits,TMDB 5000 credits sample,https://www.themoviedb.org/person/824,0.82,58.2,56.7,75.53,67.39,-6.19,292015
act-132157,Ezra Miller,EZMI,Actor,Actor • 7 sampled film credits,TMDB 5000 credits sample,https://www.themoviedb.org/person/132157,0.82,58.2,56.7,75.41,82.05,-0.69,267062
act-43853,Irma P. Hall,IRHA,Actor,Actor • 9 sampled film credits,TMDB 5000 credits sample,https://www.themoviedb.org/person/43853,0.82,58.1,56.7,75.28,69.45,9.33,192227
act-20904,James Hong,JAHO,Actor,Actor • 16 sampled film credits,TMDB 5000 credits sample,https://www.themoviedb.org/person/20904,0.82,58.2,56.7,75.42,84.39,-6.15,334986
act-7302,Janet Leigh,JAL7,Actor,Actor • 3 sampled film credits,TMDB 5000 credits sample,https://www.themoviedb.org/person/7302,0.82,58.2,56.7,75.53,84.62,-0.5,166473
act-40279,Jenna Elfman,JEEL,Actor,Actor • 7 sampled film credits,TMDB 5000 credits sample,https://www.themoviedb.org/person/40279,0.82,58.2,56.7,75.37,84.12,-2.37,245311
act-40543,John Ortiz,JOOR,Actor,Actor • 12 sampled film credits,TMDB 5000 credits sample,https://www.themoviedb.org/person/40543,0.82,58.1,56.7,75.35,68.59,8.52,343955
act-15897,Larry the Cable Guy,LAGU,Actor,Actor • 5 sampled film credits,TMDB 5000 credits sample,https://www.themoviedb.org/person/15897,0.82,58.2,56.7,75.41,80.47,5.64,286149
act-1016168,Lily James,LIJA,Actor,Actor • 4 sampled film credits,TMDB 5000 credits sample,https://www.themoviedb.org/person/1016168,0.82,58.1,56.7,75.32,77.17,3.07,338798
act-3900,Linus Roache,LIRO,Actor,Actor • 7 sampled film credits,TMDB 5000 credits sample,https://www.themoviedb.org/person/3900,0.82,58.2,56.7,75.46,73.73,-6.69,319183
act-8395,Luke Perry,LUPE,Actor,Actor • 4 sampled film credits,TMDB 5000 credits sample,https://www.themoviedb.org/person/8395,0.82,58.1,56.7,75.28,72.69,4.13,288465
act-452,Margo Martindale,MAM9,Actor,Actor • 18 sampled film credits,TMDB 5000 credits sample,https://www.themoviedb.org/person/452,0.82,58.1,56.7,75.35,80.72,5.91,243752
act-8789,Mathieu Amalric,MAA4,Actor,Actor • 6 sampled film credits,TMDB 5000 credits sample,https://www.themoviedb.org/person/8789,0.82,58.2,56.7,75.43,82.85,-0.39,189243
act-2978,Max Minghella,MAM8,Actor,Actor • 6 sampled film credits,TMDB 5000 credits sample,https://www.themoviedb.org/person/2978,0.82,58.1,56.7,75.3,72.69,5.56,264451
act-10872,Patton Oswalt,PAOS,Actor,Actor • 15 sampled film credits,TMDB 5000 credits sample,https://www.themoviedb.org/person/10872,0.82,58.2,56.7,75.41,83.29,3.95,254721
act-58168,Rachelle Lefevre,RALE,Actor,Actor • 8 sampled film credits,TMDB 5000 credits sample,https://www.themoviedb.org/person/58168,0.82,58.1,56.7,75.29,76.79,-4.64,273656
act-74428,Tim McGraw,TIM2,Actor,Actor • 6 sampled film credits,TMDB 5000 credits sample,https://www.themoviedb.org/person/74428,0.82,58.1,56.7,75.36,71.74,5.79,342660
act-28637,Andy Richter,ANRI,Actor,Actor • 14 sampled film credits,TMDB 5000 credits sample,https://www.themoviedb.org/person/28637,0.82,58.1,56.6,75.24,73.1,0.28,334605
act-17419,Bryan Cranston,BRCR,Actor,Actor • 15 sampled film credits,TMDB 5000 credits sample,https://www.themoviedb.org/person/17419,0.82,58.0,56.6,75.04,79.21,2.65,230962
act-102441,Dick Miller,DIMI,Actor,Actor • 12 sampled film credits,TMDB 5000 credits sample,https://www.themoviedb.org/person/102441,0.82,58.0,56.6,75.01,79.28,4.3,327065
act-6804,Graham Greene,GRGR,Actor,Actor • 10 sampled film credits,TMDB 5000 credits sample,https://www.themoviedb.org/person/6804,0.82,58.1,56.6,75.15,73.18,4.98,219243
act-29930,Ivana Miličević,IVMI,Actor,Actor • 14 sampled film credits,TMDB 5000 credits sample,https://www.themoviedb.org/person/29930,0.82,58.1,56.6,75.16,68.71,3.83,194968
act-22125,Jimmi Simpson,JISI,Actor,Actor • 10 sampled film credits,TMDB 5000 credits sample,https://www.themoviedb.org/person/22125,0.82,58.1,56.6,75.24,82.96,-4.79,320280
act-20580,Joe Manganiello,JO19,Actor,Actor • 7 sampled film credits,TMDB 5000 credits sample,https://www.themoviedb.org/person/20580,0.82,58.0,56.6,75.04,75.56,-6.54,301213
act-17753,Lionel Barrymore,LIBA,Actor,Actor • 5 sampled film credits,TMDB 5000 credits sample,https://www.themoviedb.org/person/17753,0.82,58.0,56.6,75.04,67.96,0.48,353829
act-76511,Natalie Martinez,NAMA,Actor,Actor • 4 sampled film credits,TMDB 5000 credits sample,https://www.themoviedb.org/person/76511,0.82,58.1,56.6,75.15,72.87,5.78,180931
act-87243,Nicole Beharie,NIBE,Actor,Actor • 3 sampled film credits,TMDB 5000 credits sample,https://www.themoviedb.org/person/87243,0.82,58.0,56.6,75.03,75.36,0.86,336199
act-15533,Olivier Martinez,OLMA,Actor,Actor • 5 sampled film credits,TMDB 5000 credits sample,https://www.themoviedb.org/person/15533,0.82,58.1,56.6,75.17,83.87,-7.45,271372
act-6355,Roy Scheider,ROS4,Actor,Actor • 8 sampled film credits,TMDB 5000 credits sample,https://www.themoviedb.org/person/6355,0.82,58.1,56.6,75.25,67.24,-5.9,265285
act-2154,Scott Bakula,SCBA,Actor,Actor • 6 sampled film credits,TMDB 5000 credits sample,https://www.themoviedb.org/person/2154,0.82,58.0,56.6,75.02,71.5,7.77,373088
act-4604,Theresa Randle,THR2,Actor,Actor • 8 sampled film credits,TMDB 5000 credits sample,https://www.themoviedb.org/person/4604,0.82,58.0,56.6,75.06,74.25,5.28,166850
act-30585,Brenda Vaccaro,BRVA,Actor,Actor • 4 sampled film credits,TMDB 5000 credits sample,https://www.themoviedb.org/person/30585,0.82,57.9,56.5,74.79,77.85,4.43,263572
act-2617,Cara Seymour,CAS5,Actor,Actor • 12 sampled film credits,TMDB 5000 credits sample,https://www.themoviedb.org/person/2617,0.82,58.0,56.5,74.97,78.46,0.31,334031
act-95101,Charlie Day,CHD3,Actor,Actor • 7 sampled film credits,TMDB 5000 credits sample,https://www.themoviedb.org/person/95101,0.82,58.0,56.5,74.93,70.59,-1.63,333168
act-7167,Don Rickles,DORI,Actor,Actor • 6 sampled film credits,TMDB 5000 credits sample,https://www.themoviedb.org/person/7167,0.82,57.9,56.5,74.78,70.63,7.16,229777
act-60077,Douglas Smith,DOSM,Actor,Actor • 6 sampled film credits,TMDB 5000 credits sample,https://www.themoviedb.org/person/60077,0.82,57.9,56.5,74.84,80.75,6.11,339688
act-30211,Edward Arnold,EDAR,Actor,Actor • 3 sampled film credits,TMDB 5000 credits sample,https://www.themoviedb.org/person/30211,0.82,57.9,56.5,74.82,83.51,-2.58,329725
act-9857,Karl Malden,KAM4,Actor,Actor • 4 sampled film credits,TMDB 5000 credits sample,https://www.themoviedb.org/person/9857,0.82,57.9,56.5,74.75,76.7,-5.27,376797
act-1094091,Maika Monroe,MA14,Actor,Actor • 4 sampled film credits,TMDB 5000 credits sample,https://www.themoviedb.org/person/1094091,0.82,57.9,56.5,74.87,80.27,-2.03,260903
act-6576,Mark Rolston,MAR7,Actor,Actor • 10 sampled film credits,TMDB 5000 credits sample,https://www.themoviedb.org/person/6576,0.82,58.0,56.5,74.94,72.36,-0.02,259237
act-28657,Matthew Fox,MAFO,Actor,Actor • 6 sampled film credits,TMDB 5000 credits sample,https://www.themoviedb.org/person/28657,0.82,58.0,56.5,74.97,77.65,0.71,311515
act-12150,Maximilian Schell,MAS8,Actor,Actor • 7 sampled film credits,TMDB 5000 credits sample,https://www.themoviedb.org/person/12150,0.82,58.0,56.5,74.93,80.1,-5.31,213820
act-11086,Michael Ironside,MIIR,Actor,Actor • 9 sampled film credits,TMDB 5000 credits sample,https://www.themoviedb.org/person/11086,0.82,57.9,56.5,74.73,86.26,1.01,282267
act-18052,Nathan Gamble,NAG3,Actor,Actor • 7 sampled film credits,TMDB 5000 credits sample,https://www.themoviedb.org/person/18052,0.82,58.0,56.5,74.98,74.42,8.32,300009
act-925,Paul Guilfoyle,PAGU,Actor,Actor • 16 sampled film credits,TMDB 5000 credits sample,https://www.themoviedb.org/person/925,0.82,58.0,56.5,74.95,85.18,-0.27,341383
act-12949,Priscilla Presley,PRPR,Actor,Actor • 3 sampled film credits,TMDB 5000 credits sample,https://www.themoviedb.org/person/12949,0.82,57.9,56.5,74.87,82.71,-6.79,280482
act-2877,Ralph Macchio,RAM3,Actor,Actor • 4 sampled film credits,TMDB 5000 credits sample,https://www.themoviedb.org/person/2877,0.82,58.0,56.5,74.93,71.02,3.93,251387
act-72985,Ramón Rodríguez,RAR2,Actor,Actor • 8 sampled film credits,TMDB 5000 credits sample,https://www.themoviedb.org/person/72985,0.82,57.9,56.5,74.89,74.1,-3.68,282011
act-9207,Theresa Russell,THRU,Actor,Actor • 4 sampled film credits,TMDB 5000 credits sample,https://www.themoviedb.org/person/9207,0.82,57.9,56.5,74.84,78.57,4.61,202781
act-77996,Asa Butterfield,ASBU,Actor,Actor • 5 sampled film credits,TMDB 5000 credits sample,https://www.themoviedb.org/person/77996,0.82,57.7,56.4,74.45,67.16,-6.12,261397
act-49918,Charlie Tahan,CHT3,Actor,Actor • 4 sampled film credits,TMDB 5000 credits sample,https://www.themoviedb.org/person/49918,0.82,57.8,56.4,74.68,72.11,2.3,269401
act-56586,Chris Pontius,CHP4,Actor,Actor • 4 sampled film credits,TMDB 5000 credits sample,https://www.themoviedb.org/person/56586,0.82,57.8,56.4,74.57,77.08,-4.59,274468
act-11492,Clark Gable,CLGA,Actor,Actor • 4 sampled film credits,TMDB 5000 credits sample,https://www.themoviedb.org/person/11492,0.82,57.8,56.4,74.49,70.93,1.54,329352
act-50398,Devon Sawa,DESA,Actor,Actor • 5 sampled film credits,TMDB 5000 credits sample,https://www.themoviedb.org/person/50398,0.82,57.8,56.4,74.57,75.0,-6.44,304803
act-224181,Jai Courtney,JAC5,Actor,Actor • 9 sampled film credits,TMDB 5000 credits sample,https://www.themoviedb.org/person/224181,0.82,57.8,56.4,74.49,82.28,-7.25,254835
act-105727,Jake Abel,JAAB,Actor,Actor • 8 sampled film credits,TMDB 5000 credits sample,https://www.themoviedb.org/person/105727,0.82,57.8,56.4,74.65,71.32,7.71,336275
act-10671,Joe Don Baker,JOBA,Actor,Actor • 10 sampled film credits,TMDB 5000 credits sample,https://www.themoviedb.org/person/10671,0.82,57.8,56.4,74.5,75.34,1.99,238327
act-778,John Ashton,JOAS,Actor,Actor • 5 sampled film credits,TMDB 5000 credits sample,https://www.themoviedb.org/person/778,0.82,57.7,56.4,74.45,71.83,-0.82,373962
act-25654,Julianna Margulies,JUM2,Actor,Actor • 5 sampled film credits,TMDB 5000 credits sample,https://www.themoviedb.org/person/25654,0.82,57.8,56.4,74.6,70.21,-6.4,177513
act-35551,Julie Benz,JUBE,Actor,Actor • 7 sampled film credits,TMDB 5000 credits sample,https://www.themoviedb.org/person/35551,0.82,57.9,56.4,74.7,80.12,-6.3,198431
act-477,Julie Walters,JUWA,Actor,Actor • 13 sampled film credits,TMDB 5000 credits sample,https://www.themoviedb.org/person/477,0.82,57.8,56.4,74.68,72.78,7.92,265585
act-25703,Lake Bell,LAB2,Actor,Actor • 11 sampled film credits,TMDB 5000 credits sample,https://www.themoviedb.org/person/25703,0.82,57.8,56.4,74.65,77.66,-6.44,252378
act-7401,Lin Shaye,LISH,Actor,Actor • 18 sampled film credits,TMDB 5000 credits sample,https://www.themoviedb.org/person/7401,0.82,57.8,56.4,74.64,74.5,-2.96,205776
act-8171,Ludacris,LUDA,Actor,Actor • 10 sampled film credits,TMDB 5000 credits sample,https://www.themoviedb.org/person/8171,0.82,57.8,56.4,74.52,83.72,-6.57,262013
act-8985,Margaret Colin,MAC8,Actor,Actor • 6 sampled film credits,TMDB 5000 credits sample,https://www.themoviedb.org/person/8985,0.82,57.9,56.4,74.72,77.59,-0.27,299139
act-10692,Michael Pitt,MIPI,Actor,Actor • 12 sampled film credits,TMDB 5000 credits sample,https://www.themoviedb.org/person/10692,0.82,57.8,56.4,74.63,78.29,7.74,225704
act-1249,Penelope Wilton,PEWI,Actor,Actor • 9 sampled film credits,TMDB 5000 credits sample,https://www.themoviedb.org/person/1249,0.82,57.8,56.4,74.62,82.4,-2.93,276086
act-6541,Philip Bosco,PHBO,Actor,Actor • 10 sampled film credits,TMDB 5000 credits sample,https://www.themoviedb.org/person/6541,0.82,57.7,56.4,74.46,75.6,7.77,203838
act-35690,Shawn Wayans,SHW3,Actor,Actor • 4 sampled film credits,TMDB 5000 credits sample,https://www.themoviedb.org/person/35690,0.82,57.8,56.4,74.65,72.16,2.95,337886
act-17401,Stephen Root,STRO,Actor,Actor • 30 sampled film credits,TMDB 5000 credits sample,https://www.themoviedb.org/person/17401,0.82,57.8,56.4,74.62,72.06,-7.45,314915
act-72118,Anil Kapoor,ANKA,Actor,Actor • 3 sampled film credits,TMDB 5000 credits sample,https://www.themoviedb.org/person/72118,0.82,57.7,56.3,74.34,80.29,-1.19,187559
act-56584,Bam Margera,BAM2,Actor,Actor • 3 sampled film credits,TMDB 5000 credits sample,https://www.themoviedb.org/person/56584,0.82,57.6,56.3,74.23,75.36,5.99,228786
act-21246,Corbin Bernsen,COBE,Actor,Actor • 5 sampled film credits,TMDB 5000 credits sample,https://www.themoviedb.org/person/21246,0.82,57.7,56.3,74.29,74.14,-3.48,195600
act-20186,Damian Lewis,DALE,Actor,Actor • 6 sampled film credits,TMDB 5000 credits sample,https://www.themoviedb.org/person/20186,0.82,57.7,56.3,74.26,80.01,2.02,308180
act-26513,Debra Winger,DEWI,Actor,Actor • 5 sampled film credits,TMDB 5000 credits sample,https://www.themoviedb.org/person/26513,0.82,57.6,56.3,74.22,69.79,-0.75,221919
act-7164,Frank Vincent,FRVI,Actor,Actor • 8 sampled film credits,TMDB 5000 credits sample,https://www.themoviedb.org/person/7164,0.82,57.7,56.3,74.32,78.74,4.23,337893
act-45400,Greta Gerwig,GRGE,Actor,Actor • 6 sampled film credits,TMDB 5000 credits sample,https://www.themoviedb.org/person/45400,0.82,57.7,56.3,74.27,74.64,9.28,221295
act-13640,Harvey Korman,HAKO,Actor,Actor • 6 sampled film credits,TMDB 5000 credits sample,https://www.themoviedb.org/person/13640,0.82,57.6,56.3,74.22,76.89,-4.46,298655
act-39459,Hayley Atwell,HAAT,Actor,Actor • 8 sampled film credits,TMDB 5000 credits sample,https://www.themoviedb.org/person/39459,0.82,57.7,56.3,74.24,81.49,5.88,194657
act-785,James Russo,JARU,Actor,Actor • 13 sampled film credits,TMDB 5000 credits sample,https://www.themoviedb.org/person/785,0.82,57.7,56.3,74.28,85.17,-1.83,258642
act-530618,Jane Levy,JAL6,Actor,Actor • 3 sampled film credits,TMDB 5000 credits sample,https://www.themoviedb.org/person/530618,0.82,57.7,56.3,74.37,83.83,-2.38,208376
act-3130,Jennifer Beals,JEB4,Actor,Actor • 6 sampled film credits,TMDB 5000 credits sample,https://www.themoviedb.org/person/3130,0.82,57.7,56.3,74.33,69.09,1.32,311381
act-11669,Jimmy Fallon,JIFA,Actor,Actor • 9 sampled film credits,TMDB 5000 credits sample,https://www.themoviedb.org/person/11669,0.82,57.7,56.3,74.4,69.58,8.67,254751
act-21722,John Billingsley,JOBI,Actor,Actor • 8 sampled film credits,TMDB 5000 credits sample,https://www.themoviedb.org/person/21722,0.82,57.7,56.3,74.41,77.12,-5.97,342343
act-15760,Josh Peck,JOP5,Actor,Actor • 14 sampled film credits,TMDB 5000 credits sample,https://www.themoviedb.org/person/15760,0.82,57.7,56.3,74.43,74.62,-1.09,219166
act-6238,Juliet Stevenson,JUS3,Actor,Actor • 7 sampled film credits,TMDB 5000 credits sample,https://www.themoviedb.org/person/6238,0.82,57.7,56.3,74.44,66.64,-1.63,332306
act-77330,Kenan Thompson,KETH,Actor,Actor • 12 sampled film credits,TMDB 5000 credits sample,https://www.themoviedb.org/person/77330,0.82,57.7,56.3,74.4,80.7,-5.82,171080
act-45407,Mark Duplass,MADU,Actor,Actor • 7 sampled film credits,TMDB 5000 credits sample,https://www.themoviedb.org/person/45407,0.82,57.7,56.3,74.38,74.2,-4.44,248342
act-54782,Mary Beth Hurt,MAH5,Actor,Actor • 9 sampled film credits,TMDB 5000 credits sample,https://www.themoviedb.org/person/54782,0.82,57.7,56.3,74.29,86.18,2.64,201134
act-56045,Matthew Davis,MAD7,Actor,Actor • 5 sampled film credits,TMDB 5000 credits sample,https://www.themoviedb.org/person/56045,0.82,57.6,56.3,74.24,71.31,-1.63,295933
act-61852,Nicholas Gonzalez,NIGO,Actor,Actor • 6 sampled film credits,TMDB 5000 credits sample,https://www.themoviedb.org/person/61852,0.82,57.7,56.3,74.36,81.02,9.33,292297
act-51812,Nicol Williamson,NIWI,Actor,Actor • 3 sampled film credits,TMDB 5000 credits sample,https://www.themoviedb.org/person/51812,0.82,57.7,56.3,74.26,86.62,6.03,189032
act-22970,Peter Dinklage,PEDI,Actor,Actor • 12 sampled film credits,TMDB 5000 credits sample,https://www.themoviedb.org/person/22970,0.82,57.7,56.3,74.3,72.11,6.01,288361
act-119598,Phylicia Rashād,PHRA,Actor,Actor • 4 sampled film credits,TMDB 5000 credits sample,https://www.themoviedb.org/person/119598,0.82,57.7,56.3,74.37,80.84,-2.96,309622
act-7242,Temuera Morrison,TEMO,Actor,Actor • 10 sampled film credits,TMDB 5000 credits sample,https://www.themoviedb.org/person/7242,0.82,57.6,56.3,74.19,71.87,9.42,312258
act-5203,Alicja Bachleda-Curuś,ALB6,Actor,Actor • 3 sampled film credits,TMDB 5000 credits sample,https://www.themoviedb.org/person/5203,0.82,57.6,56.2,74.02,69.25,-4.69,287533
act-2233,Bridget Fonda,BRFO,Actor,Actor • 8 sampled film credits,TMDB 5000 credits sample,https://www.themoviedb.org/person/2233,0.82,57.5,56.2,74.0,68.68,9.02,287044
act-30485,CCH Pounder,CCPO,Actor,Actor • 8 sampled film credits,TMDB 5000 credits sample,https://www.themoviedb.org/person/30485,0.82,57.6,56.2,74.15,80.18,-3.13,223008
act-11850,Candice Bergen,CAB3,Actor,Actor • 5 sampled film credits,TMDB 5000 credits sample,https://www.themoviedb.org/person/11850,0.82,57.5,56.2,73.93,82.49,5.88,222352
act-20309,Dwight Yoakam,DWYO,Actor,Actor • 10 sampled film credits,TMDB 5000 credits sample,https://www.themoviedb.org/person/20309,0.82,57.6,56.2,74.08,78.7,2.72,196952
act-21215,Elise Neal,ELNE,Actor,Actor • 6 sampled film credits,TMDB 5000 credits sample,https://www.themoviedb.org/person/21215,0.82,57.5,56.2,73.98,70.13,4.15,281317
act-32458,Gabriel Mann,GAM2,Actor,Actor • 9 sampled film credits,TMDB 5000 credits sample,https://www.themoviedb.org/person/32458,0.82,57.5,56.2,73.96,68.49,0.64,169159
act-6352,Jane Fonda,JAF3,Actor,Actor • 6 sampled film credits,TMDB 5000 credits sample,https://www.themoviedb.org/person/6352,0.82,57.6,56.2,74.08,77.09,6.34,281661
act-12656,Joanne Whalley,JOWH,Actor,Actor • 3 sampled film credits,TMDB 5000 credits sample,https://www.themoviedb.org/person/12656,0.82,57.5,56.2,74.0,74.05,-1.57,352206
act-3911,John Carroll Lynch,JOLY,Actor,Actor • 19 sampled film credits,TMDB 5000 credits sample,https://www.themoviedb.org/person/3911,0.82,57.6,56.2,74.05,69.37,8.93,200511
act-11389,John Lone,JOL3,Actor,Actor • 4 sampled film credits,TMDB 5000 credits sample,https://www.themoviedb.org/person/11389,0.82,57.6,56.2,74.06,83.33,0.24,340386
act-51798,Katee Sackhoff,KASA,Actor,Actor • 5 sampled film credits,TMDB 5000 credits sample,https://www.themoviedb.org/person/51798,0.82,57.5,56.2,73.99,73.2,5.43,202824
act-19654,Michael Chiklis,MIC3,Actor,Actor • 7 sampled film credits,TMDB 5000 credits sample,https://www.themoviedb.org/person/19654,0.82,57.6,56.2,74.14,79.19,6.96,181335
act-60650,Michael Paré,MIPA,Actor,Actor • 8 sampled film credits,TMDB 5000 credits sample,https://www.themoviedb.org/person/60650,0.82,57.6,56.2,74.17,71.55,9.0,238731
act-7486,Michael Wincott,MIW3,Actor,Actor • 12 sampled film credits,TMDB 5000 credits sample,https://www.themoviedb.org/person/7486,0.82,57.5,56.2,73.97,70.84,-6.92,228818
act-28782,Monica Bellucci,MOBE,Actor,Actor • 10 sampled film credits,TMDB 5000 credits sample,https://www.themoviedb.org/person/28782,0.82,57.6,56.2,74.02,68.83,-1.65,407847
act-6408,Nick Stahl,NIST,Actor,Actor • 6 sampled film credits,TMDB 5000 credits sample,https://www.themoviedb.org/person/6408,0.82,57.6,56.2,74.13,74.46,9.35,264451
act-36602,Peter Berg,PEBE,Actor,Actor • 8 sampled film credits,TMDB 5000 credits sample,https://www.themoviedb.org/person/36602,0.82,57.5,56.2,73.96,81.41,4.3,262992
act-55643,Prunella Scales,PRSC,Actor,Actor • 4 sampled film credits,TMDB 5000 credits sample,https://www.themoviedb.org/person/55643,0.82,57.5,56.2,73.93,67.79,3.09,284860
act-35776,Rani Mukerji,RAMU,Actor,Actor • 3 sampled film credits,TMDB 5000 credits sample,https://www.themoviedb.org/person/35776,0.82,57.5,56.2,73.92,84.93,4.46,191988
act-4786,Richard Attenborough,RIAT,Actor,Actor • 5 sampled film credits,TMDB 5000 credits sample,https://www.themoviedb.org/person/4786,0.82,57.6,56.2,74.11,74.35,1.57,178248
act-28848,Sean Pertwee,SEP2,Actor,Actor • 10 sampled film credits,TMDB 5000 credits sample,https://www.themoviedb.org/person/28848,0.82,57.5,56.2,73.94,72.68,-4.01,293435
act-587020,Theo James,THJ2,Actor,Actor • 5 sampled film credits,TMDB 5000 credits sample,https://www.themoviedb.org/person/587020,0.82,57.5,56.2,73.93,67.61,-5.85,354764
act-2405,Audrey Tautou,AUTA,Actor,Actor • 6 sampled film credits,TMDB 5000 credits sample,https://www.themoviedb.org/person/2405,0.82,57.5,56.1,73.91,68.66,-6.17,232837
act-56871,Blair Underwood,BLUN,Actor,Actor • 7 sampled film credits,TMDB 5000 credits sample,https://www.themoviedb.org/person/56871,0.82,57.4,56.1,73.76,77.79,-2.2,303727
act-52886,Jeffrey Donovan,JEDO,Actor,Actor • 6 sampled film credits,TMDB 5000 credits sample,https://www.themoviedb.org/person/52886,0.82,57.5,56.1,73.82,69.57,0.76,203772
act-51975,Laura Ramsey,LARA,Actor,Actor • 6 sampled film credits,TMDB 5000 credits sample,https://www.themoviedb.org/person/51975,0.82,57.4,56.1,73.76,80.9,5.1,306302
act-52404,Mae Whitman,MAWH,Actor,Actor • 8 sampled film credits,TMDB 5000 credits sample,https://www.themoviedb.org/person/52404,0.82,57.5,56.1,73.82,72.43,-4.21,272031
act-56676,Michael Welch,MIW4,Actor,Actor • 6 sampled film credits,TMDB 5000 credits sample,https://www.themoviedb.org/person/56676,0.82,57.5,56.1,73.81,84.22,-5.77,207009
act-5170,Mike Starr,MIST,Actor,Actor • 15 sampled film credits,TMDB 5000 credits sample,https://www.themoviedb.org/person/5170,0.82,57.4,56.1,73.75,69.45,-6.69,187397
act-12151,Montgomery Clift,MOCL,Actor,Actor • 4 sampled film credits,TMDB 5000 credits sample,https://www.themoviedb.org/person/12151,0.82,57.5,56.1,73.84,72.05,-2.43,245071
act-14501,Peter Ustinov,PEUS,Actor,Actor • 4 sampled film credits,TMDB 5000 credits sample,https://www.themoviedb.org/person/14501,0.82,57.4,56.1,73.66,77.86,1.46,342069
act-31714,Stacey Travis,STTR,Actor,Actor • 13 sampled film credits,TMDB 5000 credits sample,https://www.themoviedb.org/person/31714,0.82,57.5,56.1,73.87,77.48,4.35,160999
act-28846,Alexander Skarsgård,ALSK,Actor,Actor • 9 sampled film credits,TMDB 5000 credits sample,https://www.themoviedb.org/person/28846,0.82,57.3,56.0,73.41,68.71,7.67,194781
act-78887,Billy Ray Cyrus,BICY,Actor,Actor • 4 sampled film credits,TMDB 5000 credits sample,https://www.themoviedb.org/person/78887,0.82,57.4,56.0,73.6,66.02,4.78,330595
act-49271,Brian Geraghty,BRGE,Actor,Actor • 5 sampled film credits,TMDB 5000 credits sample,https://www.themoviedb.org/person/49271,0.82,57.3,56.0,73.47,73.89,4.53,313258
act-57854,Cheryl Hines,CHHI,Actor,Actor • 8 sampled film credits,TMDB 5000 credits sample,https://www.themoviedb.org/person/57854,0.82,57.3,56.0,73.41,75.71,5.0,201257
act-13918,Elizabeth Hurley,ELHU,Actor,Actor • 6 sampled film credits,TMDB 5000 credits sample,https://www.themoviedb.org/person/13918,0.82,57.4,56.0,73.62,71.32,-4.31,179050
act-26473,Fisher Stevens,FIST,Actor,Actor • 12 sampled film credits,TMDB 5000 credits sample,https://www.themoviedb.org/person/26473,0.82,57.3,56.0,73.42,74.17,4.88,173935
act-20814,Gregory Smith,GRSM,Actor,Actor • 6 sampled film credits,TMDB 5000 credits sample,https://www.themoviedb.org/person/20814,0.82,57.3,56.0,73.46,74.26,-4.29,168776
act-10985,Ian Hart,IAHA,Actor,Actor • 7 sampled film credits,TMDB 5000 credits sample,https://www.themoviedb.org/person/10985,0.82,57.4,56.0,73.63,82.81,-0.79,275773
act-3547,Ian McNeice,IAM3,Actor,Actor • 9 sampled film credits,TMDB 5000 credits sample,https://www.themoviedb.org/person/3547,0.82,57.4,56.0,73.61,79.8,8.72,293203
act-16433,James Gammon,JAG4,Actor,Actor • 10 sampled film credits,TMDB 5000 credits sample,https://www.themoviedb.org/person/16433,0.82,57.3,56.0,73.42,77.96,2.15,293442
act-38025,Kristin Davis,KRDA,Actor,Actor • 6 sampled film credits,TMDB 5000 credits sample,https://www.themoviedb.org/person/38025,0.82,57.3,56.0,73.45,78.06,-5.56,214653
act-18391,Lee Marvin,LEM4,Actor,Actor • 4 sampled film credits,TMDB 5000 credits sample,https://www.themoviedb.org/person/18391,0.82,57.3,56.0,73.54,71.99,7.36,170743
act-56455,Moon Bloodgood,MOBL,Actor,Actor • 6 sampled film credits,TMDB 5000 credits sample,https://www.themoviedb.org/person/56455,0.82,57.3,56.0,73.44,69.9,-7.27,240251
act-18262,Richard Riehle,RIRI,Actor,Actor • 22 sampled film credits,TMDB 5000 credits sample,https://www.themoviedb.org/person/18262,0.82,57.3,56.0,73.44,79.49,-1.12,207950
act-3383,Thomas Mitchell,THMI,Actor,Actor • 5 sampled film credits,TMDB 5000 credits sample,https://www.themoviedb.org/person/3383,0.82,57.4,56.0,73.59,82.47,5.94,222714
act-42566,Adrian Dunbar,ADDU,Actor,Actor • 3 sampled film credits,TMDB 5000 credits sample,https://www.themoviedb.org/person/42566,0.82,57.2,55.9,73.34,80.99,2.79,195478
act-16293,Anthony Heald,ANH4,Actor,Actor • 8 sampled film credits,TMDB 5000 credits sample,https://www.themoviedb.org/person/16293,0.82,57.2,55.9,73.29,74.83,8.12,223366
act-1103,Bill Duke,BIDU,Actor,Actor • 10 sampled film credits,TMDB 5000 credits sample,https://www.themoviedb.org/person/1103,0.82,57.1,55.9,73.11,74.53,0.96,280847
act-9257,Bruno Kirby,BRKI,Actor,Actor • 8 sampled film credits,TMDB 5000 credits sample,https://www.themoviedb.org/person/9257,0.82,57.2,55.9,73.28,72.2,1.02,179480
act-10713,Eric Idle,ERID,Actor,Actor • 10 sampled film credits,TMDB 5000 credits sample,https://www.themoviedb.org/person/10713,0.82,57.2,55.9,73.35,67.83,7.84,238237
act-25879,Geoff Pierson,GEP2,Actor,Actor • 5 sampled film credits,TMDB 5000 credits sample,https://www.themoviedb.org/person/25879,0.82,57.2,55.9,73.29,72.49,9.4,324609
act-15319,Henry Czerny,HECZ,Actor,Actor • 6 sampled film credits,TMDB 5000 credits sample,https://www.themoviedb.org/person/15319,0.82,57.2,55.9,73.27,77.78,-6.62,329413
act-58319,Jason Scott Lee,JAL5,Actor,Actor • 6 sampled film credits,TMDB 5000 credits sample,https://www.themoviedb.org/person/58319,0.82,57.2,55.9,73.29,68.11,8.25,359208
act-49971,Jennifer Ehle,JEEH,Actor,Actor • 9 sampled film credits,TMDB 5000 credits sample,https://www.themoviedb.org/person/49971,0.82,57.2,55.9,73.13,69.91,3.93,377808
act-22126,Jessica Cauffiel,JECA,Actor,Actor • 12 sampled film credits,TMDB 5000 credits sample,https://www.themoviedb.org/person/22126,0.82,57.2,55.9,73.17,76.0,-3.46,273746
act-58006,Jodi Lyn O'Keefe,JOOK,Actor,Actor • 3 sampled film credits,TMDB 5000 credits sample,https://www.themoviedb.org/person/58006,0.82,57.3,55.9,73.36,71.93,1.16,209051
act-6684,Lara Flynn Boyle,LAB3,Actor,Actor • 7 sampled film credits,TMDB 5000 credits sample,https://www.themoviedb.org/person/6684,0.82,57.2,55.9,73.25,76.45,-5.71,184764
act-2369,Michael Lonsdale,MILO,Actor,Actor • 8 sampled film credits,TMDB 5000 credits sample,https://www.themoviedb.org/person/2369,0.82,57.2,55.9,73.28,69.69,-2.98,294664
act-12951,O.J. Simpson,OJSI,Actor,Actor • 3 sampled film credits,TMDB 5000 credits sample,https://www.themoviedb.org/person/12951,0.82,57.2,55.9,73.18,78.35,-7.13,188420
act-3798,Pat Hingle,PAHI,Actor,Actor • 11 sampled film credits,TMDB 5000 credits sample,https://www.themoviedb.org/person/3798,0.82,57.2,55.9,73.15,73.76,-3.1,209582
act-17835,Ricky Gervais,RIG2,Actor,Actor • 13 sampled film credits,TMDB 5000 credits sample,https://www.themoviedb.org/person/17835,0.82,57.2,55.9,73.25,65.71,-0.19,302277
act-35742,Shah Rukh Khan,SHKH,Actor,Actor • 4 sampled film credits,TMDB 5000 credits sample,https://www.themoviedb.org/person/35742,0.82,57.1,55.9,73.12,77.54,3.95,186495
act-539,Thomas Lennon,THLE,Actor,Actor • 21 sampled film credits,TMDB 5000 credits sample,https://www.themoviedb.org/person/539,0.82,57.2,55.9,73.24,83.18,2.32,192917
act-36423,Tom Green,TOG2,Actor,Actor • 5 sampled film credits,TMDB 5000 credits sample,https://www.themoviedb.org/person/36423,0.82,57.2,55.9,73.24,67.92,-5.21,359144
act-62831,Will Forte,WIF2,Actor,Actor • 14 sampled film credits,TMDB 5000 credits sample,https://www.themoviedb.org/person/62831,0.82,57.2,55.9,73.26,75.48,8.25,243363
act-5644,Alexandra Maria Lara,ALL2,Actor,Actor • 8 sampled film credits,TMDB 5000 credits sample,https://www.themoviedb.org/person/5644,0.82,57.0,55.8,72.84,79.78,4.76,196995
act-14329,Dean Norris,DENO,Actor,Actor • 17 sampled film credits,TMDB 5000 credits sample,https://www.themoviedb.org/person/14329,0.82,57.1,55.8,73.05,68.07,-1.17,303044
act-6844,Dom DeLuise,DODE,Actor,Actor • 7 sampled film credits,TMDB 5000 credits sample,https://www.themoviedb.org/person/6844,0.82,57.1,55.8,73.09,75.03,-1.7,212007
act-7180,John Candy,JOC9,Actor,Actor • 11 sampled film credits,TMDB 5000 credits sample,https://www.themoviedb.org/person/7180,0.82,57.0,55.8,72.86,75.73,-5.77,333267
act-12219,Jon Stewart,JOS3,Actor,Actor • 9 sampled film credits,TMDB 5000 credits sample,https://www.themoviedb.org/person/12219,0.82,57.1,55.8,73.08,74.51,-4.33,347888
act-34485,Lauren Holly,LAH2,Actor,Actor • 6 sampled film credits,TMDB 5000 credits sample,https://www.themoviedb.org/person/34485,0.82,57.1,55.8,72.93,72.32,-3.43,218513
act-62564,Madeline Carroll,MAC7,Actor,Actor • 7 sampled film credits,TMDB 5000 credits sample,https://www.themoviedb.org/person/62564,0.82,57.1,55.8,72.96,76.43,-2.5,317335
act-3149,Marilyn Monroe,MA12,Actor,Actor • 3 sampled film credits,TMDB 5000 credits sample,https://www.themoviedb.org/person/3149,0.82,57.1,55.8,73.01,72.36,1.94,193723
act-5471,Naveen Andrews,NAA3,Actor,Actor • 6 sampled film credits,TMDB 5000 credits sample,https://www.themoviedb.org/person/5471,0.82,57.1,55.8,72.93,72.6,-5.79,297882
act-3064,Peter Mullan,PEMU,Actor,Actor • 9 sampled film credits,TMDB 5000 credits sample,https://www.themoviedb.org/person/3064,0.82,57.0,55.8,72.9,68.81,-7.32,222347
act-9831,Vincent Regan,VIRE,Actor,Actor • 10 sampled film credits,TMDB 5000 credits sample,https://www.themoviedb.org/person/9831,0.82,57.1,55.8,72.98,76.85,-6.29,213372
act-58370,Amanda Crew,AMCR,Actor,Actor • 6 sampled film credits,TMDB 5000 credits sample,https://www.themoviedb.org/person/58370,0.82,57.0,55.7,72.78,81.12,-6.75,222786
act-467645,Boyd Holbrook,BOH2,Actor,Actor • 9 sampled film credits,TMDB 5000 credits sample,https://www.themoviedb.org/person/467645,0.82,57.0,55.7,72.76,75.58,1.07,215981
act-31837,Dane Cook,DACO,Actor,Actor • 10 sampled film credits,TMDB 5000 credits sample,https://www.themoviedb.org/person/31837,0.82,57.0,55.7,72.69,67.36,1.62,248454
act-39015,Eileen Brennan,EIBR,Actor,Actor • 4 sampled film credits,TMDB 5000 credits sample,https://www.themoviedb.org/person/39015,0.82,56.9,55.7,72.56,79.62,3.42,333849
act-7427,Felicity Huffman,FEHU,Actor,Actor • 8 sampled film credits,TMDB 5000 credits sample,https://www.themoviedb.org/person/7427,0.82,57.0,55.7,72.73,77.76,-4.56,295054
act-65529,Irene Bedard,IRBE,Actor,Actor • 4 sampled film credits,TMDB 5000 credits sample,https://www.themoviedb.org/person/65529,0.82,57.0,55.7,72.71,81.39,2.04,286005
act-6474,James Le Gros,JAGR,Actor,Actor • 10 sampled film credits,TMDB 5000 credits sample,https://www.themoviedb.org/person/6474,0.82,57.0,55.7,72.77,74.13,1.09,167405
act-2388,Jonathan Frakes,JOFR,Actor,Actor • 4 sampled film credits,TMDB 5000 credits sample,https://www.themoviedb.org/person/2388,0.82,56.9,55.7,72.69,81.01,3.82,237029
act-67778,Jonathan Lipnicki,JOL2,Actor,Actor • 5 sampled film credits,TMDB 5000 credits sample,https://www.themoviedb.org/person/67778,0.82,57.0,55.7,72.76,82.46,0.71,212074
act-526,Lukas Haas,LUHA,Actor,Actor • 12 sampled film credits,TMDB 5000 credits sample,https://www.themoviedb.org/person/526,0.82,56.9,55.7,72.67,71.22,2.87,249521
act-1019,Mads Mikkelsen,MA11,Actor,Actor • 5 sampled film credits,TMDB 5000 credits sample,https://www.themoviedb.org/person/1019,0.82,57.0,55.7,72.71,78.57,-2.15,250070
act-56585,Steve-O,STEV,Actor,Actor • 3 sampled film credits,TMDB 5000 credits sample,https://www.themoviedb.org/person/56585,0.82,56.9,55.7,72.6,67.82,-6.4,173977
act-13275,Tadanobu Asano,TAAS,Actor,Actor • 5 sampled film credits,TMDB 5000 credits sample,https://www.themoviedb.org/person/13275,0.82,57.0,55.7,72.79,80.22,-1.98,353133
act-76667,Wesley Jonathan,WEJO,Actor,Actor • 5 sampled film credits,TMDB 5000 credits sample,https://www.themoviedb.org/person/76667,0.82,56.9,55.7,72.66,75.02,1.52,304931
act-23458,Charlie Cox,CHC4,Actor,Actor • 4 sampled film credits,TMDB 5000 credits sample,https://www.themoviedb.org/person/23458,0.82,56.9,55.6,72.54,69.46,-3.46,281875
act-1004,Danny Aiello,DAAI,Actor,Actor • 9 sampled film credits,TMDB 5000 credits sample,https://www.themoviedb.org/person/1004,0.82,56.8,55.6,72.44,75.17,4.56,274693
act-8874,Ernie Hudson,ERHU,Actor,Actor • 10 sampled film credits,TMDB 5000 credits sample,https://www.themoviedb.org/person/8874,0.82,56.8,55.6,72.46,72.44,-3.0,233574
act-14852,James Karen,JAKA,Actor,Actor • 9 sampled film credits,TMDB 5000 credits sample,https://www.themoviedb.org/person/14852,0.82,56.8,55.6,72.39,80.96,0.11,186685
act-18794,Kate Nelligan,KANE,Actor,Actor • 4 sampled film credits,TMDB 5000 credits sample,https://www.themoviedb.org/person/18794,0.82,56.8,55.6,72.37,78.34,8.59,277246
act-49824,Kathryn Erbe,KAER,Actor,Actor • 4 sampled film credits,TMDB 5000 credits sample,https://www.themoviedb.org/person/49824,0.82,56.9,55.6,72.48,75.06,3.98,250570
act-2390,LeVar Burton,LEBU,Actor,Actor • 6 sampled film credits,TMDB 5000 credits sample,https://www.themoviedb.org/person/2390,0.82,56.8,55.6,72.46,80.35,-1.1,314923
act-2713,Linda Hamilton,LIHA,Actor,Actor • 4 sampled film credits,TMDB 5000 credits sample,https://www.themoviedb.org/person/2713,0.82,56.8,55.6,72.34,70.15,6.13,274043
act-20654,Liu Ye,LIYE,Actor,Actor • 3 sampled film credits,TMDB 5000 credits sample,https://www.themoviedb.org/person/20654,0.82,56.8,55.6,72.43,80.66,3.75,210350
act-28779,Lupe Ontiveros,LUON,Actor,Actor • 5 sampled film credits,TMDB 5000 credits sample,https://www.themoviedb.org/person/28779,0.82,56.9,55.6,72.53,80.29,-1.73,264617
act-8791,Marie-Josée Croze,MAC9,Actor,Actor • 5 sampled film credits,TMDB 5000 credits sample,https://www.themoviedb.org/person/8791,0.82,56.8,55.6,72.46,75.81,1.99,291940
act-3627,Paz Vega,PAVE,Actor,Actor • 5 sampled film credits,TMDB 5000 credits sample,https://www.themoviedb.org/person/3627,0.82,56.9,55.6,72.49,79.92,-6.74,236087
act-1986,Peter Gerety,PEGE,Actor,Actor • 15 sampled film credits,TMDB 5000 credits sample,https://www.themoviedb.org/person/1986,0.82,56.9,55.6,72.49,72.09,-3.76,343336
act-84841,Randy Wayne,RAWA,Actor,Actor • 3 sampled film credits,TMDB 5000 credits sample,https://www.themoviedb.org/person/84841,0.82,56.8,55.6,72.31,76.71,-1.85,220915
act-11868,Sean Patrick Thomas,SETH,Actor,Actor • 9 sampled film credits,TMDB 5000 credits sample,https://www.themoviedb.org/person/11868,0.82,56.9,55.6,72.52,82.07,5.13,183351
act-141823,Tisha Campbell-Martin,TIC3,Actor,Actor • 5 sampled film credits,TMDB 5000 credits sample,https://www.themoviedb.org/person/141823,0.82,56.9,55.6,72.47,73.35,0.28,278342
act-8198,Ulrich Tukur,ULTU,Actor,Actor • 3 sampled film credits,TMDB 5000 credits sample,https://www.themoviedb.org/person/8198,0.82,56.8,55.6,72.42,70.35,-0.99,264094
act-60460,A.J. Buckley,AJBU,Actor,Actor • 5 sampled film credits,TMDB 5000 credits sample,https://www.themoviedb.org/person/60460,0.82,56.7,55.5,72.11,80.09,-6.93,185930
act-33527,Adam Beach,ADBE,Actor,Actor • 7 sampled film credits,TMDB 5000 credits sample,https://www.themoviedb.org/person/33527,0.82,56.7,55.5,72.05,70.09,-3.35,313757
act-1926,Eddie Izzard,EDIZ,Actor,Actor • 11 sampled film credits,TMDB 5000 credits sample,https://www.themoviedb.org/person/1926,0.82,56.8,55.5,72.26,77.19,-6.65,195202
act-8351,Frederic Forrest,FRFO,Actor,Actor • 3 sampled film credits,TMDB 5000 credits sample,https://www.themoviedb.org/person/8351,0.82,56.7,55.5,72.19,72.92,1.17,345933
act-400,Geraldine Chaplin,GECH,Actor,Actor • 9 sampled film credits,TMDB 5000 credits sample,https://www.themoviedb.org/person/400,0.82,56.7,55.5,72.04,80.6,4.56,193757
act-2467,James Cosmo,JAC7,Actor,Actor • 11 sampled film credits,TMDB 5000 credits sample,https://www.themoviedb.org/person/2467,0.82,56.7,55.5,72.16,67.41,2.02,234060
act-20402,Julian McMahon,JUMC,Actor,Actor • 4 sampled film credits,TMDB 5000 credits sample,https://www.themoviedb.org/person/20402,0.82,56.7,55.5,72.03,73.77,-6.29,286195
act-15009,Justin Theroux,JUTH,Actor,Actor • 11 sampled film credits,TMDB 5000 credits sample,https://www.themoviedb.org/person/15009,0.82,56.7,55.5,72.12,76.1,3.42,172070
act-15007,Laura Harring,LAHA,Actor,Actor • 5 sampled film credits,TMDB 5000 credits sample,https://www.themoviedb.org/person/15007,0.82,56.8,55.5,72.28,79.58,-7.4,301428
act-26291,Martin Henderson,MAHE,Actor,Actor • 6 sampled film credits,TMDB 5000 credits sample,https://www.themoviedb.org/person/26291,0.82,56.7,55.5,72.09,72.74,3.17,206295
act-502,Miranda Otto,MIO2,Actor,Actor • 8 sampled film credits,TMDB 5000 credits sample,https://www.themoviedb.org/person/502,0.82,56.7,55.5,72.22,80.16,-3.45,182690
act-15531,Ossie Davis,OSDA,Actor,Actor • 6 sampled film credits,TMDB 5000 credits sample,https://www.themoviedb.org/person/15531,0.82,56.8,55.5,72.26,64.74,-1.47,223633
act-55259,Paul Rodríguez,PAR2,Actor,Actor • 10 sampled film credits,TMDB 5000 credits sample,https://www.themoviedb.org/person/55259,0.82,56.7,55.5,72.16,67.05,-2.95,237943
act-52139,Seth MacFarlane,SEM2,Actor,Actor • 5 sampled film credits,TMDB 5000 credits sample,https://www.themoviedb.org/person/52139,0.82,56.7,55.5,72.05,78.03,-4.09,256608
act-230,Stephen McHattie,STMC,Actor,Actor • 11 sampled film credits,TMDB 5000 credits sample,https://www.themoviedb.org/person/230,0.82,56.7,55.5,72.03,72.41,-0.84,185941
act-2506,Alice Krige,ALK4,Actor,Actor • 8 sampled film credits,TMDB 5000 credits sample,https://www.themoviedb.org/person/2506,0.82,56.6,55.4,72.01,66.08,-0.74,320021
act-31132,Columbus Short,COSH,Actor,Actor • 7 sampled film credits,TMDB 5000 credits sample,https://www.themoviedb.org/person/31132,0.82,56.6,55.4,71.82,76.79,-6.14,196731
act-543530,Dave Bautista,DABA,Actor,Actor • 6 sampled film credits,TMDB 5000 credits sample,https://www.themoviedb.org/person/543530,0.82,56.6,55.4,71.85,70.42,4.58,187403
act-42157,Ed Begley Jr.,EDJR,Actor,Actor • 11 sampled film credits,TMDB 5000 credits sample,https://www.themoviedb.org/person/42157,0.82,56.6,55.4,71.91,74.42,-1.85,363986
act-10866,Eric Bogosian,ERB2,Actor,Actor • 10 sampled film credits,TMDB 5000 credits sample,https://www.themoviedb.org/person/10866,0.82,56.5,55.4,71.77,80.93,8.2,213831
act-7908,Frank Oz,FROZ,Actor,Actor • 14 sampled film credits,TMDB 5000 credits sample,https://www.themoviedb.org/person/7908,0.82,56.6,55.4,71.95,80.21,-5.19,320339
act-95047,Graham McTavish,GRMC,Actor,Actor • 8 sampled film credits,TMDB 5000 credits sample,https://www.themoviedb.org/person/95047,0.82,56.6,55.4,71.98,80.46,0.04,297264
act-23630,Jeff Anderson,JEA3,Actor,Actor • 5 sampled film credits,TMDB 5000 credits sample,https://www.themoviedb.org/person/23630,0.82,56.6,55.4,71.91,82.92,-5.82,180644
act-9013,Kevin McKidd,KEM3,Actor,Actor • 9 sampled film credits,TMDB 5000 credits sample,https://www.themoviedb.org/person/9013,0.82,56.6,55.4,71.96,74.51,-0.2,270311
act-72305,Lesley Manville,LEM3,Actor,Actor • 9 sampled film credits,TMDB 5000 credits sample,https://www.themoviedb.org/person/72305,0.82,56.6,55.4,71.98,67.85,-5.59,188570
act-18182,Olga Kurylenko,OLKU,Actor,Actor • 10 sampled film credits,TMDB 5000 credits sample,https://www.themoviedb.org/person/18182,0.82,56.6,55.4,71.94,66.17,-0.02,257250
act-2055,Robert Davi,ROD2,Actor,Actor • 9 sampled film credits,TMDB 5000 credits sample,https://www.themoviedb.org/person/2055,0.82,56.6,55.4,71.99,79.28,9.08,220657
act-19767,Snoop Dogg,SNDO,Actor,Actor • 12 sampled film credits,TMDB 5000 credits sample,https://www.themoviedb.org/person/19767,0.82,56.6,55.4,71.97,66.71,-5.24,233411
act-9045,Stephen Baldwin,STBA,Actor,Actor • 4 sampled film credits,TMDB 5000 credits sample,https://www.themoviedb.org/person/9045,0.82,56.6,55.4,71.98,73.12,3.75,225864
act-10680,Talisa Soto,TASO,Actor,Actor • 7 sampled film credits,TMDB 5000 credits sample,https://www.themoviedb.org/person/10680,0.82,56.6,55.4,71.92,67.07,-2.43,234826
act-1369,Bernard Hill,BEHI,Actor,Actor • 12 sampled film credits,TMDB 5000 credits sample,https://www.themoviedb.org/person/1369,0.82,56.4,55.3,71.58,71.03,3.22,204344
act-2310,Bruno Ganz,BRG2,Actor,Actor • 7 sampled film credits,TMDB 5000 credits sample,https://www.themoviedb.org/person/2310,0.82,56.5,55.3,71.67,70.44,5.51,180197
act-16846,Harland Williams,HAW2,Actor,Actor • 12 sampled film credits,TMDB 5000 credits sample,https://www.themoviedb.org/person/16846,0.82,56.5,55.3,71.69,78.61,-2.3,188953
act-139135,Lena Dunham,LEDU,Actor,Actor • 5 sampled film credits,TMDB 5000 credits sample,https://www.themoviedb.org/person/139135,0.82,56.5,55.3,71.61,69.54,4.35,212479
act-15320,Marcel Iureș,MAIU,Actor,Actor • 6 sampled film credits,TMDB 5000 credits sample,https://www.themoviedb.org/person/15320,0.82,56.4,55.3,71.53,79.44,0.58,169260
act-2,Mark Hamill,MAH4,Actor,Actor • 4 sampled film credits,TMDB 5000 credits sample,https://www.themoviedb.org/person/2,0.82,56.4,55.3,71.54,68.43,-3.5,189830
act-14699,Pamela Reed,PAR3,Actor,Actor • 5 sampled film credits,TMDB 5000 credits sample,https://www.themoviedb.org/person/14699,0.82,56.5,55.3,71.65,75.73,0.73,272463
act-6914,Scott Wilson,SCWI,Actor,Actor • 11 sampled film credits,TMDB 5000 credits sample,https://www.themoviedb.org/person/6914,0.82,56.4,55.3,71.53,64.86,-7.02,214092
act-8536,Victor Garber,VIGA,Actor,Actor • 15 sampled film credits,TMDB 5000 credits sample,https://www.themoviedb.org/person/8536,0.82,56.5,55.3,71.74,64.85,-7.15,281404
act-1989,Celia Weston,CEWE,Actor,Actor • 22 sampled film credits,TMDB 5000 credits sample,https://www.themoviedb.org/person/1989,0.82,56.4,55.2,71.39,71.42,-7.15,230164
act-4432,Frances Conroy,FRCO,Actor,Actor • 9 sampled film credits,TMDB 5000 credits sample,https://www.themoviedb.org/person/4432,0.82,56.3,55.2,71.28,77.38,1.82,305402
act-9878,Lois Maxwell,LOM2,Actor,Actor • 15 sampled film credits,TMDB 5000 credits sample,https://www.themoviedb.org/person/9878,0.82,56.3,55.2,71.33,77.23,-3.3,298843
act-6280,Powers Boothe,POBO,Actor,Actor • 10 sampled film credits,TMDB 5000 credits sample,https://www.themoviedb.org/person/6280,0.82,56.4,55.2,71.48,65.93,7.16,235825
act-70615,Rodger Bumpass,ROB3,Actor,Actor • 6 sampled film credits,TMDB 5000 credits sample,https://www.themoviedb.org/person/70615,0.82,56.4,55.2,71.46,82.1,6.36,158498
act-12147,Spencer Tracy,SPTR,Actor,Actor • 4 sampled film credits,TMDB 5000 credits sample,https://www.themoviedb.org/person/12147,0.82,56.3,55.2,71.35,67.59,-4.36,203611
act-59154,Tamala Jones,TAJO,Actor,Actor • 13 sampled film credits,TMDB 5000 credits sample,https://www.themoviedb.org/person/59154,0.82,56.3,55.2,71.26,70.57,7.47,281044
act-12248,Alec Guinness,ALGU,Actor,Actor • 9 sampled film credits,TMDB 5000 credits sample,https://www.themoviedb.org/person/12248,0.82,56.3,55.1,71.17,68.52,1.61,250050
act-20752,Alex Rocco,ALR3,Actor,Actor • 8 sampled film credits,TMDB 5000 credits sample,https://www.themoviedb.org/person/20752,0.82,56.3,55.1,71.16,81.24,-6.25,163264
act-9874,Bernard Lee,BELE,Actor,Actor • 11 sampled film credits,TMDB 5000 credits sample,https://www.themoviedb.org/person/9874,0.82,56.2,55.1,71.05,70.71,-2.0,206196
act-2878,C. Thomas Howell,CHOX,Actor,Actor • 6 sampled film credits,TMDB 5000 credits sample,https://www.themoviedb.org/person/2878,0.82,56.2,55.1,70.99,68.43,8.29,276747
act-62019,Clu Gulager,CLGU,Actor,Actor • 4 sampled film credits,TMDB 5000 credits sample,https://www.themoviedb.org/person/62019,0.82,56.2,55.1,71.08,65.13,-0.52,354201
act-71189,Cobie Smulders,COSM,Actor,Actor • 8 sampled film credits,TMDB 5000 credits sample,https://www.themoviedb.org/person/71189,0.82,56.2,55.1,71.05,67.51,-6.05,235047
act-862,George C. Scott,GESC,Actor,Actor • 4 sampled film credits,TMDB 5000 credits sample,https://www.themoviedb.org/person/862,0.82,56.2,55.1,71.13,74.97,-5.42,163264
act-10478,Jeanne Tripplehorn,JETR,Actor,Actor • 6 sampled film credits,TMDB 5000 credits sample,https://www.themoviedb.org/person/10478,0.82,56.2,55.1,70.98,64.52,-2.8,171645
act-31384,Jordi Mollà,JO13,Actor,Actor • 10 sampled film credits,TMDB 5000 credits sample,https://www.themoviedb.org/person/31384,0.82,56.2,55.1,71.01,65.08,4.2,210342
act-4069,Katy Jurado,KAJU,Actor,Actor • 3 sampled film credits,TMDB 5000 credits sample,https://www.themoviedb.org/person/4069,0.82,56.2,55.1,71.01,76.36,-4.16,320091
act-3359,Laurence Olivier,LAOL,Actor,Actor • 6 sampled film credits,TMDB 5000 credits sample,https://www.themoviedb.org/person/3359,0.82,56.3,55.1,71.22,72.43,-6.34,213955
act-25503,Mandy Patinkin,MAP5,Actor,Actor • 5 sampled film credits,TMDB 5000 credits sample,https://www.themoviedb.org/person/25503,0.82,56.2,55.1,70.98,79.0,-3.98,298456
act-18658,Mia Kirshner,MIKI,Actor,Actor • 5 sampled film credits,TMDB 5000 credits sample,https://www.themoviedb.org/person/18658,0.82,56.3,55.1,71.17,71.63,-0.64,302862
act-118545,Dakota Johnson,DAJO,Actor,Actor • 9 sampled film credits,TMDB 5000 credits sample,https://www.themoviedb.org/person/118545,0.82,56.1,55.0,70.77,72.39,1.74,169157
act-53975,Deepika Padukone,DEP2,Actor,Actor • 3 sampled film credits,TMDB 5000 credits sample,https://www.themoviedb.org/person/53975,0.82,56.1,55.0,70.83,78.54,5.74,168561
act-95789,Georgina Cates,GEC2,Actor,Actor • 4 sampled film credits,TMDB 5000 credits sample,https://www.themoviedb.org/person/95789,0.82,56.1,55.0,70.82,62.63,9.4,283721
act-55278,Jackie Cooper,JAC8,Actor,Actor • 4 sampled film credits,TMDB 5000 credits sample,https://www.themoviedb.org/person/55278,0.82,56.1,55.0,70.86,73.78,0.76,295493
act-51670,Johnathon Schaech,JOSC,Actor,Actor • 10 sampled film credits,TMDB 5000 credits sample,https://www.themoviedb.org/person/51670,0.82,56.1,55.0,70.83,70.76,0.28,327483
act-7570,Lauren Bacall,LAB4,Actor,Actor • 6 sampled film credits,TMDB 5000 credits sample,https://www.themoviedb.org/person/7570,0.82,56.1,55.0,70.79,80.07,5.13,182233
act-7470,Meat Loaf,MELO,Actor,Actor • 8 sampled film credits,TMDB 5000 credits sample,https://www.themoviedb.org/person/7470,0.82,56.1,55.0,70.82,71.25,-5.27,210611
act-19062,Michel Duchaussoy,MID3,Actor,Actor • 4 sampled film credits,TMDB 5000 credits sample,https://www.themoviedb.org/person/19062,0.82,56.1,55.0,70.88,72.94,0.09,206960
act-4496,Nora Dunn,NODU,Actor,Actor • 16 sampled film credits,TMDB 5000 credits sample,https://www.themoviedb.org/person/4496,0.82,56.1,55.0,70.76,74.81,6.56,212270
act-4093,Ray Walston,RAW4,Actor,Actor • 4 sampled film credits,TMDB 5000 credits sample,https://www.themoviedb.org/person/4093,0.82,56.1,55.0,70.87,73.52,-2.58,247452
act-5527,Skandar Keynes,SKKE,Actor,Actor • 3 sampled film credits,TMDB 5000 credits sample,https://www.themoviedb.org/person/5527,0.82,56.1,55.0,70.84,68.06,-0.2,184897
act-225,Ashton Holmes,ASHO,Actor,Actor • 3 sampled film credits,TMDB 5000 credits sample,https://www.themoviedb.org/person/225,0.82,56.0,54.9,70.57,81.42,9.28,178208
act-234982,Bella Heathcote,BEHE,Actor,Actor • 6 sampled film credits,TMDB 5000 credits sample,https://www.themoviedb.org/person/234982,0.82,56.0,54.9,70.59,77.59,0.13,168507
act-71727,Betty White,BEW2,Actor,Actor • 6 sampled film credits,TMDB 5000 credits sample,https://www.themoviedb.org/person/71727,0.82,56.0,54.9,70.57,70.05,-7.43,329022
act-51214,Brad Renfro,BRRE,Actor,Actor • 8 sampled film credits,TMDB 5000 credits sample,https://www.themoviedb.org/person/51214,0.82,55.9,54.9,70.47,72.5,-6.44,223280
act-23629,Brian O'Halloran,BROH,Actor,Actor • 6 sampled film credits,TMDB 5000 credits sample,https://www.themoviedb.org/person/23629,0.82,56.0,54.9,70.53,65.19,-4.38,184007
act-12792,Brian Van Holt,BRH2,Actor,Actor • 9 sampled film credits,TMDB 5000 credits sample,https://www.themoviedb.org/person/12792,0.82,56.0,54.9,70.62,64.41,-1.45,170623
act-2694,Josh Charles,JO17,Actor,Actor • 6 sampled film credits,TMDB 5000 credits sample,https://www.themoviedb.org/person/2694,0.82,56.0,54.9,70.59,76.84,7.17,357535
act-57607,Stephen Chow,STC5,Actor,Actor • 3 sampled film credits,TMDB 5000 credits sample,https://www.themoviedb.org/person/57607,0.82,55.9,54.9,70.48,72.0,-5.85,174418
act-26472,Steve Guttenberg,STGU,Actor,Actor • 6 sampled film credits,TMDB 5000 credits sample,https://www.themoviedb.org/person/26472,0.82,56.0,54.9,70.55,78.59,-7.0,175637
act-61134,Tatiana Maslany,TAM2,Actor,Actor • 6 sampled film credits,TMDB 5000 credits sample,https://www.themoviedb.org/person/61134,0.82,56.0,54.9,70.64,78.32,2.47,170733
act-27740,Walton Goggins,WAGO,Actor,Actor • 13 sampled film credits,TMDB 5000 credits sample,https://www.themoviedb.org/person/27740,0.82,55.9,54.9,70.44,71.9,0.63,216824
act-7351,Ana Claudia Talancón,ANTA,Actor,Actor • 4 sampled film credits,TMDB 5000 credits sample,https://www.themoviedb.org/person/7351,0.82,55.9,54.8,70.29,79.15,6.49,210213
act-1535,Brian Doyle-Murray,BRD3,Actor,Actor • 15 sampled film credits,TMDB 5000 credits sample,https://www.themoviedb.org/person/1535,0.82,55.8,54.8,70.24,79.54,0.69,180989
act-1622,Chang Chen,CHC3,Actor,Actor • 5 sampled film credits,TMDB 5000 credits sample,https://www.themoviedb.org/person/1622,0.82,55.9,54.8,70.41,76.37,-4.06,176616
act-17093,Eduardo Noriega,EDN2,Actor,Actor • 5 sampled film credits,TMDB 5000 credits sample,https://www.themoviedb.org/person/17093,0.82,55.8,54.8,70.23,71.57,-2.66,167221
act-3460,Gene Wilder,GEWI,Actor,Actor • 4 sampled film credits,TMDB 5000 credits sample,https://www.themoviedb.org/person/3460,0.82,55.9,54.8,70.42,65.56,-1.45,357655
act-4004,Jeffrey Jones,JEJO,Actor,Actor • 12 sampled film credits,TMDB 5000 credits sample,https://www.themoviedb.org/person/4004,0.82,55.8,54.8,70.22,76.05,4.02,240651
act-7907,John Ratzenberger,JORA,Actor,Actor • 22 sampled film credits,TMDB 5000 credits sample,https://www.themoviedb.org/person/7907,0.82,55.8,54.8,70.21,80.09,7.82,185677
act-18702,Mark Dacascos,MAD6,Actor,Actor • 6 sampled film credits,TMDB 5000 credits sample,https://www.themoviedb.org/person/18702,0.82,55.9,54.8,70.4,63.15,-5.94,211223
act-34202,Matt Lanter,MAL4,Actor,Actor • 4 sampled film credits,TMDB 5000 credits sample,https://www.themoviedb.org/person/34202,0.82,55.9,54.8,70.32,71.27,5.91,221615
act-83352,Mircea Monroe,MIM5,Actor,Actor • 6 sampled film credits,TMDB 5000 credits sample,https://www.themoviedb.org/person/83352,0.82,55.9,54.8,70.34,71.0,1.09,352206
act-11278,Rupert Graves,RUG2,Actor,Actor • 7 sampled film credits,TMDB 5000 credits sample,https://www.themoviedb.org/person/11278,0.82,55.9,54.8,70.35,63.0,4.37,330927
act-24357,Alex Borstein,ALB7,Actor,Actor • 10 sampled film credits,TMDB 5000 credits sample,https://www.themoviedb.org/person/24357,0.82,55.8,54.7,70.09,67.66,-2.28,348882
act-154000,Essence Atkins,ESAT,Actor,Actor • 6 sampled film credits,TMDB 5000 credits sample,https://www.themoviedb.org/person/154000,0.82,55.8,54.7,70.11,64.96,-0.2,235749
act-58068,Fionnula Flanagan,FIFL,Actor,Actor • 9 sampled film credits,TMDB 5000 credits sample,https://www.themoviedb.org/person/58068,0.82,55.7,54.7,69.93,64.65,-2.4,351724
act-6637,Frank Finlay,FRF2,Actor,Actor • 6 sampled film credits,TMDB 5000 credits sample,https://www.themoviedb.org/person/6637,0.82,55.7,54.7,70.05,66.72,-3.66,259849
act-1206,Jason Alexander,JAAL,Actor,Actor • 8 sampled film credits,TMDB 5000 credits sample,https://www.themoviedb.org/person/1206,0.82,55.8,54.7,70.12,74.27,-5.64,180777
act-34502,Kellan Lutz,KELU,Actor,Actor • 9 sampled film credits,TMDB 5000 credits sample,https://www.themoviedb.org/person/34502,0.82,55.7,54.7,69.98,66.83,5.94,345700
act-59967,Rebecca Gayheart,REGA,Actor,Actor • 6 sampled film credits,TMDB 5000 credits sample,https://www.themoviedb.org/person/59967,0.82,55.7,54.7,69.92,76.18,3.88,294794
act-12967,Swoosie Kurtz,SWKU,Actor,Actor • 8 sampled film credits,TMDB 5000 credits sample,https://www.themoviedb.org/person/12967,0.82,55.7,54.7,70.04,73.84,-2.9,213202
act-14500,Jean Simmons,JES2,Actor,Actor • 4 sampled film credits,TMDB 5000 credits sample,https://www.themoviedb.org/person/14500,0.82,55.6,54.6,69.77,76.17,-5.61,176049
act-115150,Kaya Scodelario,KAS3,Actor,Actor • 5 sampled film credits,TMDB 5000 credits sample,https://www.themoviedb.org/person/115150,0.82,55.6,54.6,69.77,75.31,7.71,323302
act-112561,Lily Collins,LICO,Actor,Actor • 5 sampled film credits,TMDB 5000 credits sample,https://www.themoviedb.org/person/112561,0.82,55.6,54.6,69.83,63.83,8.98,234005
act-55755,Richard T. Jones,RIJO,Actor,Actor • 12 sampled film credits,TMDB 5000 credits sample,https://www.themoviedb.org/person/55755,0.82,55.6,54.6,69.78,72.31,-0.99,353802
act-59251,Victor Rasuk,VIRA,Actor,Actor • 4 sampled film credits,TMDB 5000 credits sample,https://www.themoviedb.org/person/59251,0.82,55.7,54.6,69.87,77.63,4.0,264295
act-6752,Zeljko Ivanek,ZEIV,Actor,Actor • 18 sampled film credits,TMDB 5000 credits sample,https://www.themoviedb.org/person/6752,0.82,55.7,54.6,69.86,76.39,-5.95,297107
act-822,Avery Brooks,AVBR,Actor,Actor • 3 sampled film credits,TMDB 5000 credits sample,https://www.themoviedb.org/person/822,0.82,55.4,54.5,69.39,76.14,1.46,159007
act-18249,Cicely Tyson,CITY,Actor,Actor • 8 sampled film credits,TMDB 5000 credits sample,https://www.themoviedb.org/person/18249,0.82,55.4,54.5,69.39,65.6,5.16,230845
act-1036,Cybill Shepherd,CYSH,Actor,Actor • 4 sampled film credits,TMDB 5000 credits sample,https://www.themoviedb.org/person/1036,0.82,55.5,54.5,69.57,66.12,-7.2,263595
act-8937,John Wood,JOWO,Actor,Actor • 6 sampled film credits,TMDB 5000 credits sample,https://www.themoviedb.org/person/8937,0.82,55.5,54.5,69.61,68.46,2.64,363253
act-8797,Juliane Köhler,JUK2,Actor,Actor • 4 sampled film credits,TMDB 5000 credits sample,https://www.themoviedb.org/person/8797,0.82,55.5,54.5,69.53,74.15,-1.92,242749
act-44038,Nancy Allen,NAA2,Actor,Actor • 6 sampled film credits,TMDB 5000 credits sample,https://www.themoviedb.org/person/44038,0.82,55.5,54.5,69.48,75.41,2.06,190670
act-16554,Richard Crenna,RICR,Actor,Actor • 4 sampled film credits,TMDB 5000 credits sample,https://www.themoviedb.org/person/16554,0.82,55.5,54.5,69.55,72.86,-5.09,256198
act-15028,Daryl Mitchell,DAM4,Actor,Actor • 8 sampled film credits,TMDB 5000 credits sample,https://www.themoviedb.org/person/15028,0.82,55.3,54.4,69.17,75.6,3.48,355604
act-28660,Emilie de Ravin,EMRA,Actor,Actor • 4 sampled film credits,TMDB 5000 credits sample,https://www.themoviedb.org/person/28660,0.82,55.4,54.4,69.33,73.26,-0.47,198158
act-972356,Luke Bracey,LUB2,Actor,Actor • 5 sampled film credits,TMDB 5000 credits sample,https://www.themoviedb.org/person/972356,0.82,55.3,54.4,69.2,78.43,-6.64,205896
act-519,Martin Short,MA10,Actor,Actor • 13 sampled film credits,TMDB 5000 credits sample,https://www.themoviedb.org/person/519,0.82,55.3,54.4,69.12,71.63,5.11,217396
act-553504,Shanley Caswell,SHCA,Actor,Actor • 3 sampled film credits,TMDB 5000 credits sample,https://www.themoviedb.org/person/553504,0.82,55.3,54.4,69.19,71.77,-4.04,346033
act-11023,Shawn Ashmore,SHAS,Actor,Actor • 7 sampled film credits,TMDB 5000 credits sample,https://www.themoviedb.org/person/11023,0.82,55.3,54.4,69.16,70.0,-0.64,210693
act-57207,Tony Jaa,TOJA,Actor,Actor • 4 sampled film credits,TMDB 5000 credits sample,https://www.themoviedb.org/person/57207,0.82,55.4,54.4,69.33,74.51,-5.21,163264
act-74541,Corey Stoll,COST,Actor,Actor • 10 sampled film credits,TMDB 5000 credits sample,https://www.themoviedb.org/person/74541,0.82,55.3,54.3,69.11,77.55,-4.86,258987
act-2517,Donna Murphy,DOMU,Actor,Actor • 8 sampled film credits,TMDB 5000 credits sample,https://www.themoviedb.org/person/2517,0.82,55.3,54.3,69.04,71.6,-0.29,264909
act-25438,Ed Speleers,EDSP,Actor,Actor • 4 sampled film credits,TMDB 5000 credits sample,https://www.themoviedb.org/person/25438,0.82,55.2,54.3,68.99,79.61,-2.13,237407
act-29020,Eric Christian Olsen,EROL,Actor,Actor • 7 sampled film credits,TMDB 5000 credits sample,https://www.themoviedb.org/person/29020,0.82,55.3,54.3,69.05,71.53,-3.36,315378
act-543505,Jake Johnson,JAJ2,Actor,Actor • 12 sampled film credits,TMDB 5000 credits sample,https://www.themoviedb.org/person/543505,0.82,55.3,54.3,69.02,72.61,-2.18,231187
act-9625,Linda Fiorentino,LIFI,Actor,Actor • 4 sampled film credits,TMDB 5000 credits sample,https://www.themoviedb.org/person/9625,0.82,55.2,54.3,68.94,66.96,-5.07,224257
act-21041,Shohreh Aghdashloo,SHAG,Actor,Actor • 10 sampled film credits,TMDB 5000 credits sample,https://www.themoviedb.org/person/21041,0.82,55.2,54.3,68.88,76.14,8.47,339245
act-56457,Aimee Garcia,AIGA,Actor,Actor • 7 sampled film credits,TMDB 5000 credits sample,https://www.themoviedb.org/person/56457,0.82,55.2,54.2,68.84,79.89,-1.9,272898
act-61962,D. B. Sweeney,DSWX,Actor,Actor • 7 sampled film credits,TMDB 5000 credits sample,https://www.themoviedb.org/person/61962,0.82,55.2,54.2,68.82,64.16,-1.97,345199
act-7693,François Berléand,FRB2,Actor,Actor • 3 sampled film credits,TMDB 5000 credits sample,https://www.themoviedb.org/person/7693,0.82,55.1,54.2,68.74,75.1,0.93,193444
act-27762,Ian McDiarmid,IAM4,Actor,Actor • 6 sampled film credits,TMDB 5000 credits sample,https://www.themoviedb.org/person/27762,0.82,55.1,54.2,68.59,68.09,1.46,235421
act-5248,Lee J. Cobb,LECO,Actor,Actor • 3 sampled film credits,TMDB 5000 credits sample,https://www.themoviedb.org/person/5248,0.82,55.2,54.2,68.84,73.94,-3.48,314723
act-85825,Leighton Meester,LEME,Actor,Actor • 7 sampled film credits,TMDB 5000 credits sample,https://www.themoviedb.org/person/85825,0.82,55.2,54.2,68.79,64.6,9.08,173988
act-59258,Lewis Black,LEBL,Actor,Actor • 4 sampled film credits,TMDB 5000 credits sample,https://www.themoviedb.org/person/59258,0.82,55.1,54.2,68.67,70.08,2.14,210693
act-17441,Lou Taylor Pucci,LOPU,Actor,Actor • 8 sampled film credits,TMDB 5000 credits sample,https://www.themoviedb.org/person/17441,0.82,55.2,54.2,68.81,74.74,-6.04,326235
act-17857,Shaun Toub,SHTO,Actor,Actor • 8 sampled film credits,TMDB 5000 credits sample,https://www.themoviedb.org/person/17857,0.82,55.2,54.2,68.79,67.37,-3.74,258812
act-5616,Everett McGill,EVMC,Actor,Actor • 7 sampled film credits,TMDB 5000 credits sample,https://www.themoviedb.org/person/5616,0.82,55.0,54.1,68.44,74.1,1.36,300327
act-21319,Sheri Moon Zombie,SHZO,Actor,Actor • 5 sampled film credits,TMDB 5000 credits sample,https://www.themoviedb.org/person/21319,0.82,55.1,54.1,68.58,71.67,-5.02,208537
act-1186840,Sterling Jerins,STJE,Actor,Actor • 5 sampled film credits,TMDB 5000 credits sample,https://www.themoviedb.org/person/1186840,0.82,55.0,54.1,68.5,73.9,-1.92,340609
act-54247,Aaron Yoo,AAYO,Actor,Actor • 9 sampled film credits,TMDB 5000 credits sample,https://www.themoviedb.org/person/54247,0.82,54.9,54.0,68.17,65.28,4.65,168359
act-12852,Barry Corbin,BACO,Actor,Actor • 7 sampled film credits,TMDB 5000 credits sample,https://www.themoviedb.org/person/12852,0.82,54.8,54.0,68.14,60.98,3.55,188104
act-1216606,Gugu Mbatha-Raw,GUMB,Actor,Actor • 6 sampled film credits,TMDB 5000 credits sample,https://www.themoviedb.org/person/1216606,0.82,54.9,54.0,68.22,77.64,-6.37,232681
act-8986,James Rebhorn,JAR3,Actor,Actor • 18 sampled film credits,TMDB 5000 credits sample,https://www.themoviedb.org/person/8986,0.82,54.9,54.0,68.27,69.77,-6.92,235405
act-35515,June Squibb,JUSQ,Actor,Actor • 9 sampled film credits,TMDB 5000 credits sample,https://www.themoviedb.org/person/35515,0.82,54.9,54.0,68.33,78.69,-7.17,195580
act-1936,Martin Balsam,MAB9,Actor,Actor • 7 sampled film credits,TMDB 5000 credits sample,https://www.themoviedb.org/person/1936,0.82,54.8,54.0,68.12,70.71,2.34,270763
act-52119,Megan Mullally,MEMU,Actor,Actor • 10 sampled film credits,TMDB 5000 credits sample,https://www.themoviedb.org/person/52119,0.82,54.9,54.0,68.33,71.65,3.52,157940
act-4778,Melinda Dillon,MED2,Actor,Actor • 7 sampled film credits,TMDB 5000 credits sample,https://www.themoviedb.org/person/4778,0.82,54.9,54.0,68.17,67.64,-6.7,231310
act-2391,Michael Dorn,MID2,Actor,Actor • 9 sampled film credits,TMDB 5000 credits sample,https://www.themoviedb.org/person/2391,0.82,54.9,54.0,68.2,74.55,0.24,294481
act-3796,Michael Gough,MIGO,Actor,Actor • 9 sampled film credits,TMDB 5000 credits sample,https://www.themoviedb.org/person/3796,0.82,54.9,54.0,68.21,72.3,7.99,212892
act-232006,Nat Wolff,NAWO,Actor,Actor • 6 sampled film credits,TMDB 5000 credits sample,https://www.themoviedb.org/person/232006,0.82,54.9,54.0,68.2,67.37,4.63,217966
act-10743,Ricky Jay,RIJA,Actor,Actor • 9 sampled film credits,TMDB 5000 credits sample,https://www.themoviedb.org/person/10743,0.82,54.8,54.0,68.12,70.47,-1.82,184147
act-7624,Stan Lee,STLE,Actor,Actor • 27 sampled film credits,TMDB 5000 credits sample,https://www.themoviedb.org/person/7624,0.82,54.9,54.0,68.29,72.57,-7.4,190430
act-57093,Stephen Spinella,STSP,Actor,Actor • 9 sampled film credits,TMDB 5000 credits sample,https://www.themoviedb.org/person/57093,0.82,54.9,54.0,68.18,62.48,3.95,170501
act-35070,Akshay Kumar,AKKU,Actor,Actor • 4 sampled film credits,TMDB 5000 credits sample,https://www.themoviedb.org/person/35070,0.82,54.7,53.9,67.88,63.0,0.38,203994
act-5578,Debi Mazar,DEMA,Actor,Actor • 11 sampled film credits,TMDB 5000 credits sample,https://www.themoviedb.org/person/5578,0.82,54.8,53.9,68.01,66.68,4.03,159568
act-18022,Gina McKee,GIMC,Actor,Actor • 6 sampled film credits,TMDB 5000 credits sample,https://www.themoviedb.org/person/18022,0.82,54.8,53.9,67.99,69.8,8.84,304262
act-83356,Jamie Campbell Bower,JAB9,Actor,Actor • 6 sampled film credits,TMDB 5000 credits sample,https://www.themoviedb.org/person/83356,0.82,54.8,53.9,68.0,76.53,-7.45,240121
act-10486,Chelcie Ross,CHR4,Actor,Actor • 11 sampled film credits,TMDB 5000 credits sample,https://www.themoviedb.org/person/10486,0.82,54.6,53.8,67.6,72.95,8.47,177450
act-37627,Dany Boon,DAB3,Actor,Actor • 4 sampled film credits,TMDB 5000 credits sample,https://www.themoviedb.org/person/37627,0.82,54.7,53.8,67.77,65.74,-6.12,293111
act-2413,Dominique Pinon,DOPI,Actor,Actor • 7 sampled film credits,TMDB 5000 credits sample,https://www.themoviedb.org/person/2413,0.82,54.6,53.8,67.63,64.13,4.93,180468
act-65528,Cynthia Stevenson,CYST,Actor,Actor • 8 sampled film credits,TMDB 5000 credits sample,https://www.themoviedb.org/person/65528,0.82,54.5,53.7,67.43,71.48,5.88,157838
act-4958,Henry Fonda,HEFO,Actor,Actor • 5 sampled film credits,TMDB 5000 credits sample,https://www.themoviedb.org/person/4958,0.82,54.5,53.7,67.48,66.37,1.89,160436
act-6553,Isabelle Adjani,ISAD,Actor,Actor • 3 sampled film credits,TMDB 5000 credits sample,https://www.themoviedb.org/person/6553,0.82,54.5,53.7,67.41,73.22,-0.57,228041
act-21320,Danielle Harris,DAH4,Actor,Actor • 7 sampled film credits,TMDB 5000 credits sample,https://www.themoviedb.org/person/21320,0.82,54.4,53.6,67.12,61.05,-5.46,287108
act-25837,Elisha Cuthbert,ELCU,Actor,Actor • 5 sampled film credits,TMDB 5000 credits sample,https://www.themoviedb.org/person/25837,0.82,54.4,53.6,67.16,63.16,-2.38,284765
act-14061,Jacqueline Bisset,JAB8,Actor,Actor • 4 sampled film credits,TMDB 5000 credits sample,https://www.themoviedb.org/person/14061,0.82,54.4,53.6,67.09,61.61,-5.62,185689
act-14464,Jenny Agutter,JEAG,Actor,Actor • 5 sampled film credits,TMDB 5000 credits sample,https://www.themoviedb.org/person/14464,0.82,54.4,53.6,67.21,63.1,-0.69,191631
act-19957,Wendy Crewson,WECR,Actor,Actor • 12 sampled film credits,TMDB 5000 credits sample,https://www.themoviedb.org/person/19957,0.82,54.3,53.6,67.08,63.29,-0.55,181559
act-71128,Ashley Scott,ASSC,Actor,Actor • 5 sampled film credits,TMDB 5000 credits sample,https://www.themoviedb.org/person/71128,0.82,54.3,53.5,66.97,64.0,-0.85,184126
act-98772,Lauren London,LALO,Actor,Actor • 6 sampled film credits,TMDB 5000 credits sample,https://www.themoviedb.org/person/98772,0.82,54.3,53.5,67.02,62.89,7.79,237444
act-63312,Yvonne Strahovski,YVST,Actor,Actor • 3 sampled film credits,TMDB 5000 credits sample,https://www.themoviedb.org/person/63312,0.82,54.3,53.5,67.0,62.28,-6.44,203177
act-11318,Holland Taylor,HOTA,Actor,Actor • 11 sampled film credits,TMDB 5000 credits sample,https://www.themoviedb.org/person/11318,0.82,54.2,53.4,66.71,62.92,0.84,335935
act-52052,Jessica Simpson,JES3,Actor,Actor • 5 sampled film credits,TMDB 5000 credits sample,https://www.themoviedb.org/person/52052,0.82,54.1,53.4,66.65,73.52,0.98,194843
act-33397,Sarah Bolger,SAB2,Actor,Actor • 4 sampled film credits,TMDB 5000 credits sample,https://www.themoviedb.org/person/33397,0.82,54.1,53.4,66.57,74.03,-4.29,240328
act-89819,Zachary Gordon,ZAGO,Actor,Actor • 6 sampled film credits,TMDB 5000 credits sample,https://www.themoviedb.org/person/89819,0.82,54.2,53.4,66.68,59.73,0.78,230187
act-87822,Damon Wayans Jr.,DAJR,Actor,Actor • 6 sampled film credits,TMDB 5000 credits sample,https://www.themoviedb.org/person/87822,0.82,54.1,53.3,66.46,65.61,7.94,212892
act-21043,Dylan Walsh,DYWA,Actor,Actor • 6 sampled film credits,TMDB 5000 credits sample,https://www.themoviedb.org/person/21043,0.82,54.1,53.3,66.52,72.28,3.0,248439
act-31717,January Jones,JAJO,Actor,Actor • 11 sampled film credits,TMDB 5000 credits sample,https://www.themoviedb.org/person/31717,0.82,54.1,53.3,66.47,67.16,-4.48,255514
act-78110,Scott Adkins,SCAD,Actor,Actor • 12 sampled film credits,TMDB 5000 credits sample,https://www.themoviedb.org/person/78110,0.82,54.1,53.3,66.51,63.69,-4.77,221600
act-7353,Angélica Aragón,ANA2,Actor,Actor • 3 sampled film credits,TMDB 5000 credits sample,https://www.themoviedb.org/person/7353,0.82,53.9,53.2,66.18,69.67,2.4,203838
act-12850,Dabney Coleman,DAC5,Actor,Actor • 8 sampled film credits,TMDB 5000 credits sample,https://www.themoviedb.org/person/12850,0.82,53.9,53.2,66.2,73.27,0.26,235648
act-12797,Glenn Morshower,GLMO,Actor,Actor • 18 sampled film credits,TMDB 5000 credits sample,https://www.themoviedb.org/person/12797,0.82,53.9,53.2,66.18,76.51,5.81,168119
act-34518,Matt Stone,MA17,Actor,Actor • 4 sampled film credits,TMDB 5000 credits sample,https://www.themoviedb.org/person/34518,0.82,53.9,53.2,66.13,71.42,0.74,245086
act-3801,Tracey Walter,TRWA,Actor,Actor • 11 sampled film credits,TMDB 5000 credits sample,https://www.themoviedb.org/person/3801,0.82,53.9,53.2,66.05,65.72,-3.08,242693
act-2394,Alan Ruck,ALRU,Actor,Actor • 8 sampled film credits,TMDB 5000 credits sample,https://www.themoviedb.org/person/2394,0.82,53.8,53.1,65.88,72.85,-3.23,272109
act-70243,Eartha Kitt,EAKI,Actor,Actor • 5 sampled film credits,TMDB 5000 credits sample,https://www.themoviedb.org/person/70243,0.82,53.8,53.1,66.01,62.39,6.36,209734
act-24367,John Forsythe,JOF4,Actor,Actor • 5 sampled film credits,TMDB 5000 credits sample,https://www.themoviedb.org/person/24367,0.82,53.7,53.1,65.79,61.59,-2.43,173177
act-13593,Jonathan Winters,JOW2,Actor,Actor • 7 sampled film credits,TMDB 5000 credits sample,https://www.themoviedb.org/person/13593,0.82,53.7,53.1,65.82,62.55,-2.91,179999
act-40900,Mark Rylance,MAR8,Actor,Actor • 5 sampled film credits,TMDB 5000 credits sample,https://www.themoviedb.org/person/40900,0.82,53.8,53.1,65.94,63.69,6.94,201660
act-12110,Amy Sedaris,AMS3,Actor,Actor • 12 sampled film credits,TMDB 5000 credits sample,https://www.themoviedb.org/person/12110,0.82,53.7,53.0,65.7,59.07,-6.15,216084
act-5401,Anthony Quinn,ANQU,Actor,Actor • 5 sampled film credits,TMDB 5000 credits sample,https://www.themoviedb.org/person/5401,0.82,53.7,53.0,65.72,65.25,-4.29,289160
act-34715,James Nesbitt,JAN2,Actor,Actor • 9 sampled film credits,TMDB 5000 credits sample,https://www.themoviedb.org/person/34715,0.82,53.7,53.0,65.63,70.1,-1.04,173555
act-936,Oliver Reed,OLRE,Actor,Actor • 4 sampled film credits,TMDB 5000 credits sample,https://www.themoviedb.org/person/936,0.82,53.7,53.0,65.67,58.78,-0.84,283763
act-40377,Roger Guenveur Smith,ROSM,Actor,Actor • 15 sampled film credits,TMDB 5000 credits sample,https://www.themoviedb.org/person/40377,0.82,53.7,53.0,65.72,63.08,-5.84,223154
act-28781,Christian Clavier,CHCL,Actor,Actor • 3 sampled film credits,TMDB 5000 credits sample,https://www.themoviedb.org/person/28781,0.82,53.5,52.9,65.34,60.7,-4.94,254262
act-13950,Gordon Pinsent,GOPI,Actor,Actor • 4 sampled film credits,TMDB 5000 credits sample,https://www.themoviedb.org/person/13950,0.82,53.5,52.9,65.28,60.5,2.35,320084
act-920,Jürgen Prochnow,JUPR,Actor,Actor • 9 sampled film credits,TMDB 5000 credits sample,https://www.themoviedb.org/person/920,0.82,53.6,52.9,65.51,58.77,-4.04,219073
act-37936,Christina Milian,CHM5,Actor,Actor • 6 sampled film credits,TMDB 5000 credits sample,https://www.themoviedb.org/person/37936,0.82,53.4,52.8,65.17,71.84,-6.42,159976
act-6862,Freddy Rodríguez,FRR3,Actor,Actor • 9 sampled film credits,TMDB 5000 credits sample,https://www.themoviedb.org/person/6862,0.82,53.4,52.8,65.03,65.01,1.56,177516
act-12446,Peter Sellers,PESE,Actor,Actor • 3 sampled film credits,TMDB 5000 credits sample,https://www.themoviedb.org/person/12446,0.82,53.3,52.7,64.95,64.57,-0.4,225497
act-25130,Ben Barnes,BEBA,Actor,Actor • 7 sampled film credits,TMDB 5000 credits sample,https://www.themoviedb.org/person/25130,0.82,53.2,52.6,64.75,70.27,-4.59,217783
act-43442,Kerr Smith,KES3,Actor,Actor • 3 sampled film credits,TMDB 5000 credits sample,https://www.themoviedb.org/person/43442,0.82,53.2,52.6,64.6,61.0,-3.59,169045
act-2680,Donnie Wahlberg,DOWA,Actor,Actor • 8 sampled film credits,TMDB 5000 credits sample,https://www.themoviedb.org/person/2680,0.82,53.0,52.5,64.35,67.53,5.56,178644
act-589162,Génesis Rodríguez,GER2,Actor,Actor • 9 sampled film credits,TMDB 5000 credits sample,https://www.themoviedb.org/person/589162,0.82,53.0,52.5,64.3,56.75,-0.65,217895
act-17866,Jon Abrahams,JOAB,Actor,Actor • 10 sampled film credits,TMDB 5000 credits sample,https://www.themoviedb.org/person/17866,0.82,53.0,52.5,64.28,67.34,2.9,235109
act-93491,Will Poulter,WIPO,Actor,Actor • 5 sampled film credits,TMDB 5000 credits sample,https://www.themoviedb.org/person/93491,0.82,53.1,52.5,64.5,62.61,2.12,201821
act-21131,Joe Lo Truglio,JOT3,Actor,Actor • 16 sampled film credits,TMDB 5000 credits sample,https://www.themoviedb.org/person/21131,0.82,52.8,52.3,63.86,65.01,-0.44,310352
act-56152,Kari Wuhrer,KAWU,Actor,Actor • 5 sampled film credits,TMDB 5000 credits sample,https://www.themoviedb.org/person/56152,0.82,52.8,52.3,63.86,58.39,-7.35,200713
act-52860,Judah Friedlander,JUFR,Actor,Actor • 11 sampled film credits,TMDB 5000 credits sample,https://www.themoviedb.org/person/52860,0.82,52.7,52.2,63.7,58.5,-2.88,171254
act-31031,Kyla Pratt,KYPR,Actor,Actor • 5 sampled film credits,TMDB 5000 credits sample,https://www.themoviedb.org/person/31031,0.82,52.5,52.1,63.32,57.79,-3.76,180524
act-5695,Sid Haig,SIHA,Actor,Actor • 7 sampled film credits,TMDB 5000 credits sample,https://www.themoviedb.org/person/5695,0.82,52.5,52.1,63.26,57.3,3.47,225814
act-37934,André Benjamin,ANB6,Actor,Actor • 6 sampled film credits,TMDB 5000 credits sample,https://www.themoviedb.org/person/37934,0.82,52.2,51.8,62.65,60.32,-5.02,272121
act-15110,Brooke Shields,BRSH,Actor,Actor • 6 sampled film credits,TMDB 5000 credits sample,https://www.themoviedb.org/person/15110,0.82,52.3,51.8,62.75,63.0,-2.58,182155
act-34,Mykelti Williamson,MYWI,Actor,Actor • 10 sampled film credits,TMDB 5000 credits sample,https://www.themoviedb.org/person/34,0.82,52.2,51.8,62.59,62.64,-7.12,173754
act-3899,Ken Watanabe,KEW3,Actor,Actor • 7 sampled film credits,TMDB 5000 credits sample,https://www.themoviedb.org/person/3899,0.82,51.9,51.6,62.04,54.96,-4.82,198158
act-58982,Kuno Becker,KUBE,Actor,Actor • 3 sampled film credits,TMDB 5000 credits sample,https://www.themoviedb.org/person/58982,0.82,51.7,51.4,61.62,66.27,-7.12,199185
act-22383,Franco Nero,FRNE,Actor,Actor • 7 sampled film credits,TMDB 5000 credits sample,https://www.themoviedb.org/person/22383,0.82,51.4,51.2,61.12,57.43,-4.74,169637
act-31364,Sarah Douglas,SADO,Actor,Actor • 5 sampled film credits,TMDB 5000 credits sample,https://www.themoviedb.org/person/31364,0.82,51.3,51.0,60.76,67.68,3.43,175914
cre-pantheon-44406,Zoroaster,ZORO,Creator,Creator / personality • Writer,Pantheon 1.0 historical biographies,,0.76,89.6,80.1,155.74,153.14,5.83,508727
cre-pantheon-13633,Homer,HOME,Creator,Creator / personality • Writer,Pantheon 1.0 historical biographies,,0.76,89.3,79.9,154.84,162.3,3.28,735955
cre-cur-cre-010,Rhett McLaughlin,RHMC,Creator,Digital creator,Curated prototype anchor,,0.78,88.0,79.7,153.9,159.45,-0.12,505398
cre-cur-cre-009,Hasan Minhaj,HAMI,Creator,Comedian and creator,Curated prototype anchor,,0.78,88.0,79.6,153.63,154.42,-0.5,569700
cre-cur-cre-001,MrBeast,MRBE,Creator,Digital creator,Curated prototype anchor,,0.78,87.4,79.2,151.77,157.72,-0.42,562304
cre-cur-cre-002,Kai Cenat,KACE,Creator,Streamer and creator,Curated prototype anchor,,0.78,87.0,78.9,150.71,143.86,4.96,722574
cre-pantheon-8169,Dante Alighieri,DAA4,Creator,Creator / personality • Writer,Pantheon 1.0 historical biographies,,0.76,87.8,78.8,150.2,158.6,8.37,777557
cre-pantheon-7499245,Juvenal,JUV3,Creator,Creator / personality • Writer,Pantheon 1.0 historical biographies,,0.76,87.2,78.2,148.09,161.79,-4.13,662369
cre-pantheon-9808,Euripides,EURI,Creator,Creator / personality • Writer,Pantheon 1.0 historical biographies,,0.76,86.9,78.1,147.39,156.9,4.83,569578
cre-pantheon-33925,William Wordsworth,WIWO,Creator,Creator / personality • Writer,Pantheon 1.0 historical biographies,,0.76,86.9,78.1,147.32,172.7,6.48,596988
cre-pantheon-11625,Fyodor Dostoyevsky,FYDO,Creator,Creator / personality • Writer,Pantheon 1.0 historical biographies,,0.76,86.9,78.0,147.21,153.32,-3.89,469582
cre-pantheon-24171,Plautus,PLAU,Creator,Creator / personality • Writer,Pantheon 1.0 historical biographies,,0.76,86.6,77.8,146.4,146.3,-6.12,503395
cre-pantheon-52201,Jean Racine,JER4,Creator,Creator / personality • Writer,Pantheon 1.0 historical biographies,,0.76,86.3,77.6,145.36,152.93,-2.32,521001
cre-pantheon-37802,Ovid,OVID,Creator,Creator / personality • Writer,Pantheon 1.0 historical biographies,,0.76,86.4,77.6,145.63,151.17,-1.6,564189
cre-pantheon-8193,Daniel Defoe,DAD6,Creator,Creator / personality • Writer,Pantheon 1.0 historical biographies,,0.76,85.8,77.2,144.03,154.97,7.07,654721
cre-pantheon-15781,Jorge Luis Borges,JOBO,Creator,Creator / personality • Writer,Pantheon 1.0 historical biographies,,0.76,85.8,77.2,144.05,145.65,8.32,523733
cre-pantheon-21018,Marcel Proust,MAPR,Creator,Creator / personality • Writer,Pantheon 1.0 historical biographies,,0.76,85.8,77.2,143.91,166.83,-6.77,563279
cre-pantheon-10858,Franz Kafka,FRK2,Creator,Creator / personality • Writer,Pantheon 1.0 historical biographies,,0.76,85.7,77.1,143.55,140.6,-6.49,642214
cre-pantheon-17562,Leni Riefenstahl,LERI,Creator,Creator / personality • Film Director,Pantheon 1.0 historical biographies,,0.76,85.7,77.1,143.64,159.45,3.8,530916
cre-pantheon-19444,Miguel de Cervantes,MIC6,Creator,Creator / personality • Writer,Pantheon 1.0 historical biographies,,0.76,85.4,76.9,142.87,151.81,-1.83,436342
cre-pantheon-20012109,Aesop,AESO,Creator,Creator / personality • Writer,Pantheon 1.0 historical biographies,,0.76,85.2,76.8,142.31,140.9,-3.4,625433
cre-pantheon-804581,Anne Frank,ANF2,Creator,Creator / personality • Writer,Pantheon 1.0 historical biographies,,0.76,85.1,76.7,141.8,164.68,2.62,502831
cre-pantheon-44207,François Villon,FRV2,Creator,Creator / personality • Writer,Pantheon 1.0 historical biographies,,0.76,85.2,76.7,142.1,156.66,6.72,671401
cre-pantheon-18707,Luigi Pirandello,LUPI,Creator,Creator / personality • Writer,Pantheon 1.0 historical biographies,,0.76,85.2,76.7,142.16,154.57,-6.2,613374
cre-pantheon-628,Aldous Huxley,ALHU,Creator,Creator / personality • Writer,Pantheon 1.0 historical biographies,,0.76,85.0,76.6,141.49,136.2,0.61,464238
cre-pantheon-166983,Athenaeus,ATHE,Creator,Creator / personality • Writer,Pantheon 1.0 historical biographies,,0.76,85.0,76.6,141.72,162.1,-1.24,581483
cre-pantheon-7673195,Pablo Neruda,PAN2,Creator,Creator / personality • Writer,Pantheon 1.0 historical biographies,,0.76,85.0,76.6,141.57,145.12,4.91,524738
cre-pantheon-248171,Petronius,PET2,Creator,Creator / personality • Writer,Pantheon 1.0 historical biographies,,0.76,84.7,76.4,140.81,148.51,6.43,336361
cre-pantheon-26940,Steven Spielberg,STS3,Creator,Creator / personality • Film Director,Pantheon 1.0 historical biographies,,0.76,84.8,76.4,140.9,160.4,-5.61,668289
cre-pantheon-808,Alfred Hitchcock,ALHI,Creator,Creator / personality • Film Director,Pantheon 1.0 historical biographies,,0.76,84.6,76.3,140.49,154.68,-5.87,673739
cre-pantheon-168260,Isocrates,ISOC,Creator,Creator / personality • Presenter,Pantheon 1.0 historical biographies,,0.76,84.4,76.1,139.66,140.62,9.13,466744
cre-pantheon-19242322,Johann Wolfgang von Goethe,JOG6,Creator,Creator / personality • Writer,Pantheon 1.0 historical biographies,,0.76,84.2,76.0,139.08,157.78,4.85,734883
cre-pantheon-87644,Charles Perrault,CHP6,Creator,Creator / personality • Writer,Pantheon 1.0 historical biographies,,0.76,84.1,75.9,139.03,150.01,-1.02,634016
cre-pantheon-26984,Sophocles,SOPH,Creator,Creator / personality • Writer,Pantheon 1.0 historical biographies,,0.76,84.0,75.9,138.75,145.32,-7.17,759520
cre-pantheon-5804,Charles Baudelaire,CHB6,Creator,Creator / personality • Writer,Pantheon 1.0 historical biographies,,0.76,83.9,75.8,138.29,158.83,-6.27,722932
cre-pantheon-42368,Honoré de Balzac,HOBA,Creator,Creator / personality • Writer,Pantheon 1.0 historical biographies,,0.76,83.9,75.8,138.43,124.82,-4.44,682463
cre-pantheon-67018,Eugene O'Neill,EUON,Creator,Creator / personality • Writer,Pantheon 1.0 historical biographies,,0.76,83.8,75.7,137.9,149.44,5.43,595769
cre-pantheon-51465,Molière,MOLI,Creator,Creator / personality • Writer,Pantheon 1.0 historical biographies,,0.76,83.8,75.7,138.06,149.08,5.58,612178
cre-pantheon-26954,Stephen King,STKI,Creator,Creator / personality • Writer,Pantheon 1.0 historical biographies,,0.76,83.8,75.7,138.05,147.2,8.14,662455
cre-pantheon-32897,William Shakespeare,WIS2,Creator,Creator / personality • Writer,Pantheon 1.0 historical biographies,,0.76,83.8,75.7,137.93,140.49,5.74,367206
cre-cur-cre-003,Emma Chamberlain,EMCH,Creator,Digital creator,Curated prototype anchor,,0.78,82.8,75.6,137.74,155.48,-7.47,684221
cre-pantheon-21787,Nathaniel Hawthorne,NAH2,Creator,Creator / personality • Writer,Pantheon 1.0 historical biographies,,0.76,83.7,75.6,137.62,134.29,8.69,528547
cre-pantheon-21615,Nostradamus,NOST,Creator,Creator / personality • Writer,Pantheon 1.0 historical biographies,,0.76,83.7,75.6,137.88,138.2,0.51,490513
cre-pantheon-33684,William Butler Yeats,WIYE,Creator,Creator / personality • Writer,Pantheon 1.0 historical biographies,,0.76,83.7,75.6,137.88,135.0,6.18,649684
cre-pantheon-2023,Aeschylus,AESC,Creator,Creator / personality • Writer,Pantheon 1.0 historical biographies,,0.76,83.5,75.5,137.16,148.36,1.54,511809
cre-pantheon-15825,John Steinbeck,JO43,Creator,Creator / personality • Writer,Pantheon 1.0 historical biographies,,0.76,83.4,75.4,136.91,146.89,-3.81,523982
cre-pantheon-182057,Marguerite Yourcenar,MAY2,Creator,Creator / personality • Writer,Pantheon 1.0 historical biographies,,0.76,83.5,75.4,137.03,133.35,-1.93,313880
cre-pantheon-42146,Victor Hugo,VIHU,Creator,Creator / personality • Writer,Pantheon 1.0 historical biographies,,0.76,83.4,75.4,136.89,148.75,-3.15,324930
cre-pantheon-49645,August Strindberg,AUST,Creator,Creator / personality • Writer,Pantheon 1.0 historical biographies,,0.76,83.3,75.3,136.45,134.47,-0.01,619457
cre-pantheon-80047,Diogenes Laertius,DIL3,Creator,Creator / personality • Writer,Pantheon 1.0 historical biographies,,0.76,83.3,75.3,136.59,147.28,6.81,665621
cre-pantheon-13693,Horace,HORA,Creator,Creator / personality • Writer,Pantheon 1.0 historical biographies,,0.76,83.3,75.3,136.61,129.66,0.91,768003
cre-pantheon-42978,Jack London,JAL9,Creator,Creator / personality • Writer,Pantheon 1.0 historical biographies,,0.76,83.3,75.3,136.61,131.19,6.58,596919
cre-pantheon-291698,Yasunari Kawabata,YAKA,Creator,Creator / personality • Writer,Pantheon 1.0 historical biographies,,0.76,83.4,75.3,136.72,148.51,-3.31,338875
cre-pantheon-983,Albert Camus,ALCA,Creator,Creator / personality • Writer,Pantheon 1.0 historical biographies,,0.76,83.2,75.2,136.13,141.34,-3.93,572217
cre-pantheon-13700,Hesiod,HESI,Creator,Creator / personality • Writer,Pantheon 1.0 historical biographies,,0.76,83.1,75.2,136.02,130.39,-2.7,426549
cre-pantheon-26408,Rainer Maria Rilke,RARI,Creator,Creator / personality • Writer,Pantheon 1.0 historical biographies,,0.76,83.1,75.2,136.05,151.56,-1.42,448569
cre-pantheon-32359,Virgil,VIRG,Creator,Creator / personality • Writer,Pantheon 1.0 historical biographies,,0.76,83.2,75.2,136.25,139.47,2.72,640915
cre-pantheon-10852,Frank Herbert,FRHE,Creator,Creator / personality • Writer,Pantheon 1.0 historical biographies,,0.76,83.0,75.1,135.69,148.86,0.14,470768
cre-pantheon-39449,Mikhail Bulgakov,MIBU,Creator,Creator / personality • Writer,Pantheon 1.0 historical biographies,,0.76,83.0,75.1,135.63,136.05,-5.37,657017
cre-pantheon-30756,Terence,TERE,Creator,Creator / personality • Writer,Pantheon 1.0 historical biographies,,0.76,82.9,75.0,135.51,154.06,-3.28,602653
cre-pantheon-864,Andy Warhol,ANWA,Creator,Creator / personality • Artist,Pantheon 1.0 historical biographies,,0.76,82.7,74.9,134.95,135.77,0.59,678729
cre-pantheon-66569,Anna Akhmatova,ANAK,Creator,Creator / personality • Writer,Pantheon 1.0 historical biographies,,0.76,82.8,74.9,135.01,152.41,-3.0,477384
cre-pantheon-139177,Nikolai Gogol,NIG3,Creator,Creator / personality • Writer,Pantheon 1.0 historical biographies,,0.76,82.8,74.9,135.06,133.43,-4.53,451985
cre-pantheon-2447,Anton Chekhov,ANC6,Creator,Creator / personality • Writer,Pantheon 1.0 historical biographies,,0.76,82.6,74.8,134.47,147.04,2.49,679539
cre-pantheon-12957,Giovanni Boccaccio,GIBO,Creator,Creator / personality • Writer,Pantheon 1.0 historical biographies,,0.76,82.6,74.8,134.62,146.65,-1.53,530771
cre-pantheon-33718,William Faulkner,WIFA,Creator,Creator / personality • Writer,Pantheon 1.0 historical biographies,,0.76,82.6,74.8,134.53,127.67,-0.64,477772
cre-pantheon-331219,Du Fu,DUFU,Creator,Creator / personality • Writer,Pantheon 1.0 historical biographies,,0.76,82.5,74.7,134.13,124.1,-1.47,370156
cre-pantheon-44203,Ezra Pound,EZPO,Creator,Creator / personality • Writer,Pantheon 1.0 historical biographies,,0.76,82.5,74.7,134.32,156.06,4.98,444089
cre-pantheon-13550,Hans Christian Andersen,HAAN,Creator,Creator / personality • Writer,Pantheon 1.0 historical biographies,,0.76,82.5,74.7,134.37,146.07,-1.09,504478
cre-pantheon-154450,Mark Twain,MATW,Creator,Creator / personality • Writer,Pantheon 1.0 historical biographies,,0.76,82.6,74.7,134.4,142.17,-0.8,704269
cre-pantheon-38939,Michelangelo Antonioni,MIA3,Creator,Creator / personality • Film Director,Pantheon 1.0 historical biographies,,0.76,82.4,74.7,134.1,148.52,6.89,499828
cre-pantheon-4667,Boris Pasternak,BOPA,Creator,Creator / personality • Writer,Pantheon 1.0 historical biographies,,0.76,82.4,74.6,133.85,130.11,-3.08,369207
cre-pantheon-223318,Cassiodorus,CASS,Creator,Creator / personality • Writer,Pantheon 1.0 historical biographies,,0.76,82.4,74.6,133.85,140.04,-0.67,499711
cre-pantheon-11786,Federico Fellini,FEFE,Creator,Creator / personality • Film Director,Pantheon 1.0 historical biographies,,0.76,82.4,74.6,133.94,131.53,3.38,461880
cre-pantheon-100031,Federico García Lorca,FELO,Creator,Creator / personality • Writer,Pantheon 1.0 historical biographies,,0.76,82.4,74.6,133.91,135.45,-5.21,354369
cre-pantheon-79616,Pindar,PIND,Creator,Creator / personality • Writer,Pantheon 1.0 historical biographies,,0.76,82.4,74.6,133.95,128.11,-5.54,593726
cre-pantheon-2310,Arthur Miller,ARM2,Creator,Creator / personality • Writer,Pantheon 1.0 historical biographies,,0.76,82.3,74.5,133.53,155.25,6.43,418146
cre-pantheon-11291214,Coco Chanel,COCH,Creator,Creator / personality • Fashion Designer,Pantheon 1.0 historical biographies,,0.76,82.2,74.5,133.37,151.03,-3.56,497402
cre-pantheon-45077,Giacomo Leopardi,GILE,Creator,Creator / personality • Writer,Pantheon 1.0 historical biographies,,0.76,82.3,74.5,133.65,145.41,7.9,435980
cre-pantheon-13578,Hermann Hesse,HEH4,Creator,Creator / personality • Writer,Pantheon 1.0 historical biographies,,0.76,82.3,74.5,133.56,131.74,-3.38,675005
cre-pantheon-63743,Jean Anouilh,JEA4,Creator,Creator / personality • Writer,Pantheon 1.0 historical biographies,,0.76,82.2,74.5,133.36,139.62,2.52,377644
cre-pantheon-18024,Li Bai,LIB2,Creator,Creator / personality • Writer,Pantheon 1.0 historical biographies,,0.76,82.2,74.5,133.46,143.2,1.81,581194
cre-pantheon-32375,Voltaire,VOLT,Creator,Creator / personality • Writer,Pantheon 1.0 historical biographies,,0.76,82.2,74.5,133.52,135.33,-2.03,437453
cre-pantheon-165337,Wolfram von Eschenbach,WOES,Creator,Creator / personality • Writer,Pantheon 1.0 historical biographies,,0.76,82.2,74.5,133.33,154.38,6.34,607116
cre-pantheon-291939,Alfred Sisley,ALS7,Creator,Creator / personality • Artist,Pantheon 1.0 historical biographies,,0.76,82.1,74.4,133.04,131.62,8.24,451739
cre-pantheon-237515,Appius Claudius Caecus,APCA,Creator,Creator / personality • Writer,Pantheon 1.0 historical biographies,,0.76,82.1,74.4,133.09,150.71,-6.95,554256
cre-pantheon-34126,William Golding,WIGO,Creator,Creator / personality • Writer,Pantheon 1.0 historical biographies,,0.76,82.1,74.4,133.11,137.33,8.95,622152
cre-pantheon-170987,Chrétien de Troyes,CHT4,Creator,Creator / personality • Writer,Pantheon 1.0 historical biographies,,0.76,82.0,74.3,132.7,131.28,7.56,486716
cre-pantheon-27827075,Gabriel García Márquez,GAM3,Creator,Creator / personality • Writer,Pantheon 1.0 historical biographies,,0.76,82.0,74.3,132.85,138.31,-4.11,681593
cre-pantheon-152845,Hans Arp,HAAR,Creator,Creator / personality • Artist,Pantheon 1.0 historical biographies,,0.76,82.0,74.3,132.79,139.74,-0.14,613147
cre-pantheon-296047,Ivan Goncharov,IVGO,Creator,Creator / personality • Writer,Pantheon 1.0 historical biographies,,0.76,82.0,74.3,132.79,135.68,-7.08,538850
cre-pantheon-26773,Stendhal,STEN,Creator,Creator / personality • Writer,Pantheon 1.0 historical biographies,,0.76,82.0,74.3,132.88,147.93,-6.69,479336
cre-pantheon-1028,Aristophanes,ARIS,Creator,Creator / personality • Writer,Pantheon 1.0 historical biographies,,0.76,81.9,74.2,132.46,149.2,-7.5,373918
cre-pantheon-164713,Odilon Redon,ODRE,Creator,Creator / personality • Artist,Pantheon 1.0 historical biographies,,0.76,81.9,74.2,132.44,136.73,6.51,499594
cre-pantheon-27784,Sappho,SAPP,Creator,Creator / personality • Writer,Pantheon 1.0 historical biographies,,0.76,81.8,74.2,132.2,124.7,-1.72,505163
cre-pantheon-654507,Abu Nuwas,ABNU,Creator,Creator / personality • Writer,Pantheon 1.0 historical biographies,,0.76,81.8,74.1,132.12,125.15,9.05,401117
cre-pantheon-52790,Aleksandr Pushkin,ALP7,Creator,Creator / personality • Writer,Pantheon 1.0 historical biographies,,0.76,81.7,74.1,132.05,124.87,-2.96,569060
cre-pantheon-24956001,Bertolt Brecht,BEB4,Creator,Creator / personality • Writer,Pantheon 1.0 historical biographies,,0.76,81.7,74.1,131.86,120.28,-3.79,690515
cre-pantheon-45185,Billy Wilder,BIWI,Creator,Creator / personality • Film Director,Pantheon 1.0 historical biographies,,0.76,81.7,74.1,132.07,127.67,2.57,376119
cre-pantheon-1046731,Elfriede Jelinek,ELJE,Creator,Creator / personality • Writer,Pantheon 1.0 historical biographies,,0.76,81.7,74.1,132.01,131.14,-3.23,611307
cre-pantheon-155265,Paul Verlaine,PAV2,Creator,Creator / personality • Writer,Pantheon 1.0 historical biographies,,0.76,81.7,74.1,131.86,132.66,7.01,581329
cre-pantheon-32742,Virginia Woolf,VIW2,Creator,Creator / personality • Writer,Pantheon 1.0 historical biographies,,0.76,81.6,74.1,131.8,129.94,1.34,547262
cre-pantheon-262658,Alejandro Jodorowsky,ALJ4,Creator,Creator / personality • Writer,Pantheon 1.0 historical biographies,,0.76,81.6,74.0,131.59,135.55,-2.71,628201
cre-pantheon-2029,Anne Brontë,AN10,Creator,Creator / personality • Writer,Pantheon 1.0 historical biographies,,0.76,81.6,74.0,131.67,141.09,-6.09,543356
cre-pantheon-729945,Constantine P. Cavafy,COC2,Creator,Creator / personality • Writer,Pantheon 1.0 historical biographies,,0.76,81.5,74.0,131.5,136.83,8.37,346749
cre-pantheon-204260,Hafez,HAFE,Creator,Creator / personality • Writer,Pantheon 1.0 historical biographies,,0.76,81.6,74.0,131.75,154.91,6.84,468519
cre-pantheon-55016,Ivo Andrić,IVA2,Creator,Creator / personality • Writer,Pantheon 1.0 historical biographies,,0.76,81.6,74.0,131.54,141.33,5.13,446742
cre-pantheon-185576,Mikhail Lermontov,MIL6,Creator,Creator / personality • Writer,Pantheon 1.0 historical biographies,,0.76,81.6,74.0,131.74,146.35,-1.14,633171
cre-pantheon-26181,Ray Bradbury,RAB3,Creator,Creator / personality • Writer,Pantheon 1.0 historical biographies,,0.76,81.5,74.0,131.45,138.94,2.07,500056
cre-pantheon-49370,Anthony Burgess,ANBU,Creator,Creator / personality • Writer,Pantheon 1.0 historical biographies,,0.76,81.4,73.9,131.1,124.91,4.08,597474
cre-pantheon-155094,Arthur Rimbaud,ARRI,Creator,Creator / personality • Writer,Pantheon 1.0 historical biographies,,0.76,81.5,73.9,131.32,146.53,4.66,310609
cre-pantheon-97080,Callimachus,CAL2,Creator,Creator / personality • Writer,Pantheon 1.0 historical biographies,,0.76,81.4,73.9,131.05,149.12,8.05,414221
cre-pantheon-144853,Dashiell Hammett,DAH6,Creator,Creator / personality • Writer,Pantheon 1.0 historical biographies,,0.76,81.5,73.9,131.38,131.72,4.37,633231
cre-pantheon-63187,Erich Maria Remarque,ERRE,Creator,Creator / personality • Writer,Pantheon 1.0 historical biographies,,0.76,81.4,73.9,131.16,141.82,-2.53,577502
cre-pantheon-15838,John Donne,JOD6,Creator,Creator / personality • Writer,Pantheon 1.0 historical biographies,,0.76,81.5,73.9,131.23,147.99,2.77,442765
cre-pantheon-20502020,Percy Bysshe Shelley,PES4,Creator,Creator / personality • Writer,Pantheon 1.0 historical biographies,,0.76,81.4,73.9,131.14,126.26,3.1,619480
cre-pantheon-97092,Quintilian,QUIN,Creator,Creator / personality • Writer,Pantheon 1.0 historical biographies,,0.76,81.4,73.9,131.06,133.33,1.79,380529
cre-pantheon-185510,Seneca the Elder,SEEL,Creator,Creator / personality • Writer,Pantheon 1.0 historical biographies,,0.76,81.5,73.9,131.41,149.5,7.31,512481
cre-pantheon-75861,Cato the Elder,CAE2,Creator,Creator / personality • Writer,Pantheon 1.0 historical biographies,,0.76,81.4,73.8,130.96,119.0,-3.71,662430
cre-pantheon-147187,Christian Dior,CHD4,Creator,Creator / personality • Fashion Designer,Pantheon 1.0 historical biographies,,0.76,81.3,73.8,130.91,135.14,3.57,381542
cre-pantheon-241610,Giorgio de Chirico,GIC3,Creator,Creator / personality • Artist,Pantheon 1.0 historical biographies,,0.76,81.3,73.8,130.72,121.05,2.06,361925
cre-pantheon-13623,Herman Melville,HEME,Creator,Creator / personality • Writer,Pantheon 1.0 historical biographies,,0.76,81.3,73.8,130.94,144.94,2.24,556516
cre-pantheon-165163,Nicolas Boileau-Despréaux,NIBO,Creator,Creator / personality • Writer,Pantheon 1.0 historical biographies,,0.76,81.3,73.8,130.81,151.82,0.86,603649
cre-pantheon-9549,Edgar Allan Poe,EDP2,Creator,Creator / personality • Writer,Pantheon 1.0 historical biographies,,0.76,81.2,73.7,130.52,152.35,-5.77,406229
cre-pantheon-15823,Joseph Conrad,JO42,Creator,Creator / personality • Writer,Pantheon 1.0 historical biographies,,0.76,81.2,73.7,130.54,128.34,4.13,531957
cre-pantheon-22351,Otto Dix,OTDI,Creator,Creator / personality • Artist,Pantheon 1.0 historical biographies,,0.76,81.2,73.7,130.52,131.96,5.76,568060
cre-pantheon-214006,Pietro Metastasio,PIME,Creator,Creator / personality • Writer,Pantheon 1.0 historical biographies,,0.76,81.1,73.7,130.32,130.48,4.17,475500
cre-pantheon-165723,François-René de Chateaubriand,FRC4,Creator,Creator / personality • Writer,Pantheon 1.0 historical biographies,,0.76,81.1,73.6,130.19,143.21,-0.67,460152
cre-pantheon-12787,Geoffrey Chaucer,GEC4,Creator,Creator / personality • Writer,Pantheon 1.0 historical biographies,,0.76,81.0,73.6,129.95,141.36,0.76,405400
cre-pantheon-19965375,Leonard Cohen,LEC2,Creator,Creator / personality • Writer,Pantheon 1.0 historical biographies,,0.76,81.1,73.6,130.22,123.28,-7.23,624675
cre-pantheon-165457,Lucian,LUC2,Creator,Creator / personality • Writer,Pantheon 1.0 historical biographies,,0.76,81.0,73.6,129.95,125.2,6.28,404984
cre-pantheon-27885687,Mary Shelley,MA39,Creator,Creator / personality • Writer,Pantheon 1.0 historical biographies,,0.76,81.1,73.6,130.11,139.65,-1.04,503517
cre-pantheon-392157,Multatuli,MULT,Creator,Creator / personality • Writer,Pantheon 1.0 historical biographies,,0.76,81.1,73.6,130.18,130.95,3.65,558533
cre-pantheon-5884,Charles Dickens,CHDI,Creator,Creator / personality • Writer,Pantheon 1.0 historical biographies,,0.76,80.9,73.5,129.6,124.49,6.82,601922
cre-pantheon-5517284,El Lissitzky,ELLI,Creator,Creator / personality • Artist,Pantheon 1.0 historical biographies,,0.76,81.0,73.5,129.9,132.49,5.93,577775
cre-pantheon-42650,Marcel Duchamp,MAD9,Creator,Creator / personality • Artist,Pantheon 1.0 historical biographies,,0.76,80.9,73.5,129.63,121.09,-0.97,625412
cre-pantheon-65140,Samuel Richardson,SAR3,Creator,Creator / personality • Writer,Pantheon 1.0 historical biographies,,0.76,81.0,73.5,129.82,147.8,8.29,638643
cre-pantheon-49274,Tove Jansson,TOJ4,Creator,Creator / personality • Writer,Pantheon 1.0 historical biographies,,0.76,80.9,73.5,129.76,118.85,3.63,303523
cre-pantheon-78336,Archilochus,ARCH,Creator,Creator / personality • Writer,Pantheon 1.0 historical biographies,,0.76,80.8,73.4,129.51,127.59,-2.51,541369
cre-pantheon-236642,Erik Axel Karlfeldt,ERKA,Creator,Creator / personality • Writer,Pantheon 1.0 historical biographies,,0.76,80.8,73.4,129.35,131.64,-3.96,450970
cre-pantheon-62013,Guillaume Apollinaire,GUAP,Creator,Creator / personality • Writer,Pantheon 1.0 historical biographies,,0.76,80.8,73.4,129.25,136.51,-6.32,587396
cre-pantheon-63742,Johann Christoph Friedrich von Schiller,JOS9,Creator,Creator / personality • Writer,Pantheon 1.0 historical biographies,,0.76,80.7,73.4,129.17,137.28,2.17,598227
cre-pantheon-59378,John Dryden,JOD7,Creator,Creator / personality • Writer,Pantheon 1.0 historical biographies,,0.76,80.7,73.4,129.22,127.42,-2.37,595156
cre-pantheon-43469,Karel Čapek,KAC4,Creator,Creator / personality • Writer,Pantheon 1.0 historical biographies,,0.76,80.8,73.4,129.52,146.73,1.22,321397
cre-pantheon-42758,Murasaki Shikibu,MUSH,Creator,Creator / personality • Writer,Pantheon 1.0 historical biographies,,0.76,80.8,73.4,129.25,138.06,3.72,390996
cre-pantheon-100224,Stefan Zweig,STZW,Creator,Creator / personality • Writer,Pantheon 1.0 historical biographies,,0.76,80.8,73.4,129.46,146.17,1.62,329741
cre-pantheon-1625,Aleksandr Solzhenitsyn,ALS8,Creator,Creator / personality • Writer,Pantheon 1.0 historical biographies,,0.76,80.6,73.3,128.93,152.19,3.52,465216
cre-pantheon-930,Alvin Toffler,ALTO,Creator,Creator / personality • Writer,Pantheon 1.0 historical biographies,,0.76,80.7,73.3,129.03,127.52,5.78,484457
cre-pantheon-77423,Diego Velázquez,DIV2,Creator,Creator / personality • Artist,Pantheon 1.0 historical biographies,,0.76,80.6,73.3,128.95,141.52,-4.48,435290
cre-pantheon-52592,George Sand,GES2,Creator,Creator / personality • Writer,Pantheon 1.0 historical biographies,,0.76,80.6,73.3,128.81,115.05,-3.84,604830
cre-pantheon-63083,Henry Miller,HEM4,Creator,Creator / personality • Writer,Pantheon 1.0 historical biographies,,0.76,80.7,73.3,129.05,132.7,4.78,554793
cre-pantheon-15782,Jane Austen,JAA2,Creator,Creator / personality • Writer,Pantheon 1.0 historical biographies,,0.76,80.6,73.3,128.87,129.95,0.28,331428
cre-pantheon-32003,Umberto Eco,UMEC,Creator,Creator / personality • Writer,Pantheon 1.0 historical biographies,,0.76,80.6,73.3,128.92,126.01,-6.98,468054
cre-pantheon-984,Agatha Christie,AGCH,Creator,Creator / personality • Writer,Pantheon 1.0 historical biographies,,0.76,80.6,73.2,128.8,143.03,7.47,444185
cre-pantheon-83117,Henry James,HEJ2,Creator,Creator / personality • Writer,Pantheon 1.0 historical biographies,,0.76,80.5,73.2,128.52,143.92,8.85,591892
cre-pantheon-205814,James Fenimore Cooper,JA17,Creator,Creator / personality • Writer,Pantheon 1.0 historical biographies,,0.76,80.5,73.2,128.49,126.56,4.98,555097
cre-pantheon-26586083,Lewis Carroll,LECA,Creator,Creator / personality • Writer,Pantheon 1.0 historical biographies,,0.76,80.5,73.2,128.48,138.72,-3.84,342543
cre-pantheon-62034,Simone de Beauvoir,SIBE,Creator,Creator / personality • Writer,Pantheon 1.0 historical biographies,,0.76,80.5,73.2,128.6,140.64,-6.89,450472
cre-pantheon-1057,Anatole France,ANF3,Creator,Creator / personality • Writer,Pantheon 1.0 historical biographies,,0.76,80.4,73.1,128.13,133.04,0.89,633917
cre-pantheon-231699,Giacomo Casanova,GIC2,Creator,Creator / personality • Writer,Pantheon 1.0 historical biographies,,0.76,80.4,73.1,128.22,119.03,-2.4,633410
cre-pantheon-20312,Hayao Miyazaki,HAM4,Creator,Creator / personality • Film Director,Pantheon 1.0 historical biographies,,0.76,80.4,73.1,128.17,133.81,3.35,691196
cre-pantheon-182080,Khalil Gibran,KHGI,Creator,Creator / personality • Writer,Pantheon 1.0 historical biographies,,0.76,80.3,73.1,128.1,124.27,-5.99,665172
cre-pantheon-18385,Lactantius,LACT,Creator,Creator / personality • Writer,Pantheon 1.0 historical biographies,,0.76,80.3,73.1,128.09,116.81,6.96,551115
cre-pantheon-84577,Louis-Ferdinand Céline,LOCE,Creator,Creator / personality • Writer,Pantheon 1.0 historical biographies,,0.76,80.4,73.1,128.17,145.66,7.64,585152
cre-pantheon-403520,Orhan Pamuk,ORPA,Creator,Creator / personality • Writer,Pantheon 1.0 historical biographies,,0.76,80.3,73.1,128.07,135.15,9.17,632230
cre-pantheon-242591,Paul Celan,PACE,Creator,Creator / personality • Writer,Pantheon 1.0 historical biographies,,0.76,80.4,73.1,128.26,146.23,0.81,502441
cre-pantheon-65145,Paulo Coelho,PAC4,Creator,Creator / personality • Writer,Pantheon 1.0 historical biographies,,0.76,80.4,73.1,128.38,148.22,3.02,461370
cre-pantheon-770461,Pietro Aretino,PIAR,Creator,Creator / personality • Writer,Pantheon 1.0 historical biographies,,0.76,80.4,73.1,128.22,136.43,3.38,437710
cre-pantheon-294055,Ryszard Kapuściński,RYKA,Creator,Creator / personality • Writer,Pantheon 1.0 historical biographies,,0.76,80.4,73.1,128.35,139.31,-3.59,463278
cre-pantheon-30085,Thomas Mann,THMA,Creator,Creator / personality • Writer,Pantheon 1.0 historical biographies,,0.76,80.4,73.1,128.28,135.13,1.57,459812
cre-pantheon-33820,Wassily Kandinsky,WAKA,Creator,Creator / personality • Artist,Pantheon 1.0 historical biographies,,0.76,80.4,73.1,128.32,146.76,0.76,369914
cre-pantheon-33175,William Blake,WIBL,Creator,Creator / personality • Writer,Pantheon 1.0 historical biographies,,0.76,80.4,73.1,128.12,137.39,6.87,454261
cre-pantheon-11891,George Orwell,GEOR,Creator,Creator / personality • Writer,Pantheon 1.0 historical biographies,,0.76,80.3,73.0,128.05,135.85,8.27,320468
cre-pantheon-12305,Gotthold Ephraim Lessing,GOLE,Creator,Creator / personality • Writer,Pantheon 1.0 historical biographies,,0.76,80.2,73.0,127.76,119.21,1.76,535269
cre-pantheon-181420,Guillaume de Machaut,GUM3,Creator,Creator / personality • Writer,Pantheon 1.0 historical biographies,,0.76,80.3,73.0,128.02,143.68,-2.05,491209
cre-pantheon-15600,James Joyce,JAJ5,Creator,Creator / personality • Writer,Pantheon 1.0 historical biographies,,0.76,80.3,73.0,127.9,121.14,0.28,638299
cre-pantheon-65133,Karen Blixen,KAB8,Creator,Creator / personality • Writer,Pantheon 1.0 historical biographies,,0.76,80.3,73.0,127.97,130.47,8.82,372775
cre-pantheon-18425,Leopold von Sacher-Masoch,LESA,Creator,Creator / personality • Writer,Pantheon 1.0 historical biographies,,0.76,80.2,73.0,127.77,151.08,2.95,634637
cre-pantheon-235965,Marcus Terentius Varro,MAV3,Creator,Creator / personality • Writer,Pantheon 1.0 historical biographies,,0.76,80.2,73.0,127.84,115.81,8.85,604330
cre-pantheon-100938,Michael Ende,MIE2,Creator,Creator / personality • Writer,Pantheon 1.0 historical biographies,,0.76,80.2,73.0,127.8,118.83,3.75,654803
cre-pantheon-51418,Nikos Kazantzakis,NIKA,Creator,Creator / personality • Writer,Pantheon 1.0 historical biographies,,0.76,80.2,73.0,127.75,139.0,2.3,612274
cre-pantheon-23734,Petrarch,PETR,Creator,Creator / personality • Writer,Pantheon 1.0 historical biographies,,0.76,80.3,73.0,128.01,129.21,-0.55,361277
cre-pantheon-39425,Primo Levi,PRLE,Creator,Creator / personality • Writer,Pantheon 1.0 historical biographies,,0.76,80.3,73.0,127.97,150.03,-1.82,378738
cre-pantheon-161240,Prosper Mérimée,PRME,Creator,Creator / personality • Writer,Pantheon 1.0 historical biographies,,0.76,80.2,73.0,127.72,130.03,9.45,654168
cre-pantheon-26370926,Baldassare Castiglione,BAC2,Creator,Creator / personality • Writer,Pantheon 1.0 historical biographies,,0.76,80.1,72.9,127.32,138.32,2.85,393112
cre-pantheon-88893,Doris Lessing,DOL3,Creator,Creator / personality • Writer,Pantheon 1.0 historical biographies,,0.76,80.1,72.9,127.51,134.54,-3.51,515697
cre-pantheon-18247304,Edward Said,EDS4,Creator,Creator / personality • Writer,Pantheon 1.0 historical biographies,,0.76,80.1,72.9,127.43,130.12,1.32,503508
cre-pantheon-232185,Giuseppe Tomasi di Lampedusa,GILA,Creator,Creator / personality • Writer,Pantheon 1.0 historical biographies,,0.76,80.2,72.9,127.6,145.57,4.12,634496
cre-pantheon-63351,Jacques-Bénigne Bossuet,JA19,Creator,Creator / personality • Writer,Pantheon 1.0 historical biographies,,0.76,80.1,72.9,127.45,135.42,3.6,361833
cre-pantheon-62017,Pierre de Beaumarchais,PIBE,Creator,Creator / personality • Writer,Pantheon 1.0 historical biographies,,0.76,80.2,72.9,127.62,148.24,-2.32,515107
cre-pantheon-26683,Stanley Kubrick,STKU,Creator,Creator / personality • Film Director,Pantheon 1.0 historical biographies,,0.76,80.1,72.9,127.37,135.05,0.23,451024
cre-pantheon-1577,Alcaeus,ALC5,Creator,Creator / personality • Writer,Pantheon 1.0 historical biographies,,0.76,80.0,72.8,127.02,145.88,-0.99,420356
cre-pantheon-1789,Apuleius,APUL,Creator,Creator / personality • Writer,Pantheon 1.0 historical biographies,,0.76,80.1,72.8,127.31,125.54,8.22,498365
cre-pantheon-48261,Ben Jonson,BEJO,Creator,Creator / personality • Writer,Pantheon 1.0 historical biographies,,0.76,80.0,72.8,127.03,129.99,4.43,524760
cre-pantheon-169832,Eugène Delacroix,EUDE,Creator,Creator / personality • Artist,Pantheon 1.0 historical biographies,,0.76,80.0,72.8,127.16,126.99,-6.32,394036
cre-pantheon-11801,Filippo Tommaso Marinetti,FIMA,Creator,Creator / personality • Writer,Pantheon 1.0 historical biographies,,0.76,80.0,72.8,127.19,128.77,-5.07,497522
cre-pantheon-163466,François Mauriac,FRMA,Creator,Creator / personality • Writer,Pantheon 1.0 historical biographies,,0.76,80.0,72.8,127.06,128.22,6.21,500223
cre-pantheon-18622119,Leo Tolstoy,LETO,Creator,Creator / personality • Writer,Pantheon 1.0 historical biographies,,0.76,79.9,72.8,126.97,123.13,0.63,502913
cre-pantheon-33870,Walt Whitman,WAWH,Creator,Creator / personality • Writer,Pantheon 1.0 historical biographies,,0.76,80.0,72.8,127.1,137.57,-6.54,688004
cre-pantheon-1058,André Gide,ANGI,Creator,Creator / personality • Writer,Pantheon 1.0 historical biographies,,0.76,79.9,72.7,126.75,139.46,5.33,460651
cre-pantheon-5768,Catullus,CATU,Creator,Creator / personality • Writer,Pantheon 1.0 historical biographies,,0.76,79.9,72.7,126.92,123.09,9.43,430796
cre-pantheon-13546,Henry Fielding,HEFI,Creator,Creator / personality • Writer,Pantheon 1.0 historical biographies,,0.76,79.9,72.7,126.89,121.87,6.77,511271
cre-pantheon-15614,Jonathan Swift,JO40,Creator,Creator / personality • Writer,Pantheon 1.0 historical biographies,,0.76,79.8,72.7,126.64,121.52,6.81,557719
cre-pantheon-422861,Käthe Kollwitz,KAK2,Creator,Creator / personality • Artist,Pantheon 1.0 historical biographies,,0.76,79.8,72.7,126.62,124.39,5.68,320483
cre-pantheon-85036,Maxim Gorky,MAG8,Creator,Creator / personality • Writer,Pantheon 1.0 historical biographies,,0.76,79.8,72.7,126.64,129.83,4.88,605125
cre-pantheon-420483,Bai Juyi,BAJU,Creator,Creator / personality • Writer,Pantheon 1.0 historical biographies,,0.76,79.8,72.6,126.47,116.08,8.42,565153
cre-pantheon-3992,Bram Stoker,BRST,Creator,Creator / personality • Writer,Pantheon 1.0 historical biographies,,0.76,79.8,72.6,126.49,126.41,6.16,332841
cre-pantheon-43421,Henry David Thoreau,HETH,Creator,Creator / personality • Writer,Pantheon 1.0 historical biographies,,0.76,79.7,72.6,126.3,127.38,-2.4,343682
cre-pantheon-60256,Jean de La Fontaine,JEFO,Creator,Creator / personality • Writer,Pantheon 1.0 historical biographies,,0.76,79.7,72.6,126.37,132.23,-2.25,399332
cre-pantheon-291884,Kālidāsa,KALI,Creator,Creator / personality • Writer,Pantheon 1.0 historical biographies,,0.76,79.7,72.6,126.29,133.35,3.92,676290
cre-pantheon-160570,Menander,MENA,Creator,Creator / personality • Writer,Pantheon 1.0 historical biographies,,0.76,79.7,72.6,126.37,112.75,-5.95,618255
cre-pantheon-19381,Miyamoto Musashi,MIMU,Creator,Creator / personality • Writer,Pantheon 1.0 historical biographies,,0.76,79.8,72.6,126.51,118.88,-3.66,533659
cre-pantheon-22614,Oscar Wilde,OSWI,Creator,Creator / personality • Writer,Pantheon 1.0 historical biographies,,0.76,79.8,72.6,126.57,126.8,8.64,693564
cre-pantheon-49407,Pliny the Younger,PLYO,Creator,Creator / personality • Writer,Pantheon 1.0 historical biographies,,0.76,79.7,72.6,126.23,124.14,-5.69,503557
cre-pantheon-28824,Stéphane Mallarmé,STM6,Creator,Creator / personality • Writer,Pantheon 1.0 historical biographies,,0.76,79.7,72.6,126.26,118.28,-0.5,435315
cre-pantheon-28699,Sylvia Plath,SYPL,Creator,Creator / personality • Writer,Pantheon 1.0 historical biographies,,0.76,79.7,72.6,126.28,128.64,7.41,366965
cre-pantheon-63299,Václav Havel,VAHA,Creator,Creator / personality • Writer,Pantheon 1.0 historical biographies,,0.76,79.7,72.6,126.37,117.91,6.29,478053
cre-pantheon-204261,Attar,ATTA,Creator,Creator / personality • Writer,Pantheon 1.0 historical biographies,,0.76,79.6,72.5,126.02,130.69,-7.23,620203
cre-pantheon-154771,Comte de Lautréamont,COLA,Creator,Creator / personality • Writer,Pantheon 1.0 historical biographies,,0.76,79.6,72.5,126.01,123.07,-2.2,422945
cre-pantheon-6542,Czesław Miłosz,CZMI,Creator,Creator / personality • Writer,Pantheon 1.0 historical biographies,,0.76,79.5,72.5,125.86,139.8,7.62,437053
cre-pantheon-9428,Ernest Hemingway,ERHE,Creator,Creator / personality • Writer,Pantheon 1.0 historical biographies,,0.76,79.6,72.5,125.98,113.31,-5.89,696803
cre-pantheon-12855,George Bernard Shaw,GESH,Creator,Creator / personality • Writer,Pantheon 1.0 historical biographies,,0.76,79.6,72.5,125.9,137.54,-6.85,331822
cre-pantheon-209215,Georges Bataille,GEBA,Creator,Creator / personality • Writer,Pantheon 1.0 historical biographies,,0.76,79.7,72.5,126.18,129.16,0.41,379021
cre-pantheon-43357,Hokusai,HOKU,Creator,Creator / personality • Artist,Pantheon 1.0 historical biographies,,0.76,79.6,72.5,125.91,129.72,6.33,393754
cre-pantheon-15872,J. R. R. Tolkien,JTOX,Creator,Creator / personality • Writer,Pantheon 1.0 historical biographies,,0.76,79.6,72.5,126.05,126.56,-4.04,679980
cre-pantheon-16340,Jean-Paul Sartre,JESA,Creator,Creator / personality • Writer,Pantheon 1.0 historical biographies,,0.76,79.7,72.5,126.16,125.37,-7.5,582988
cre-cur-cre-004,Marques Brownlee,MABR,Creator,Technology creator,Curated prototype anchor,,0.78,78.9,72.5,126.09,119.64,-2.3,646937
cre-pantheon-149006,Vivienne Westwood,VIW3,Creator,Creator / personality • Fashion Designer,Pantheon 1.0 historical biographies,,0.76,79.7,72.5,126.18,143.34,0.44,407871
cre-pantheon-8199,Denis Diderot,DEDI,Creator,Creator / personality • Writer,Pantheon 1.0 historical biographies,,0.76,79.4,72.4,125.48,142.17,-1.28,515114
cre-pantheon-58972,Friedensreich Hundertwasser,FRHU,Creator,Creator / personality • Artist,Pantheon 1.0 historical biographies,,0.76,79.5,72.4,125.76,134.5,-1.24,468573
cre-pantheon-67575,Gustave Moreau,GUMO,Creator,Creator / personality • Artist,Pantheon 1.0 historical biographies,,0.76,79.5,72.4,125.74,131.12,0.83,390469
cre-pantheon-23473348,Günter Grass,GUGR,Creator,Creator / personality • Writer,Pantheon 1.0 historical biographies,,0.76,79.5,72.4,125.68,126.62,2.84,593685
cre-pantheon-181651,Joseph Beuys,JO47,Creator,Creator / personality • Artist,Pantheon 1.0 historical biographies,,0.76,79.5,72.4,125.83,138.69,4.35,462683
cre-pantheon-407073,Karl Kraus,KAKR,Creator,Creator / personality • Writer,Pantheon 1.0 historical biographies,,0.76,79.4,72.4,125.55,126.84,2.01,565743
cre-pantheon-97103,Martial,MA36,Creator,Creator / personality • Writer,Pantheon 1.0 historical biographies,,0.76,79.5,72.4,125.76,119.34,-1.25,518459
cre-pantheon-99614,Paul Claudel,PAC5,Creator,Creator / personality • Writer,Pantheon 1.0 historical biographies,,0.76,79.5,72.4,125.82,125.34,-3.28,583433
cre-pantheon-685895,René Guénon,REGU,Creator,Creator / personality • Writer,Pantheon 1.0 historical biographies,,0.76,79.5,72.4,125.64,128.56,4.05,481625
cre-pantheon-55490,Roald Dahl,ROD3,Creator,Creator / personality • Writer,Pantheon 1.0 historical biographies,,0.76,79.5,72.4,125.62,142.3,1.27,483092
cre-pantheon-29550,Shmuel Yosef Agnon,SHA2,Creator,Creator / personality • Writer,Pantheon 1.0 historical biographies,,0.76,79.4,72.4,125.57,138.32,2.4,652537
cre-pantheon-665095,Alexander Blok,AL10,Creator,Creator / personality • Writer,Pantheon 1.0 historical biographies,,0.76,79.4,72.3,125.4,129.28,-3.41,371893
cre-pantheon-67129,Carlos Castaneda,CAC5,Creator,Creator / personality • Writer,Pantheon 1.0 historical biographies,,0.76,79.3,72.3,125.14,128.75,-2.17,456630
cre-pantheon-149882,Dante Gabriel Rossetti,DAR4,Creator,Creator / personality • Writer,Pantheon 1.0 historical biographies,,0.76,79.3,72.3,125.26,144.42,-6.09,478175
cre-pantheon-11857,George Lucas,GELU,Creator,Creator / personality • Film Director,Pantheon 1.0 historical biographies,,0.76,79.3,72.3,125.21,136.86,-4.63,571059
cre-pantheon-167347,Jean Genet,JEGE,Creator,Creator / personality • Writer,Pantheon 1.0 historical biographies,,0.76,79.3,72.3,125.13,134.65,5.25,388527
cre-pantheon-15770,Jules Verne,JUV2,Creator,Creator / personality • Writer,Pantheon 1.0 historical biographies,,0.76,79.3,72.3,125.3,134.05,1.94,426547
cre-pantheon-17988,Laurence Sterne,LAST,Creator,Creator / personality • Writer,Pantheon 1.0 historical biographies,,0.76,79.4,72.3,125.46,120.28,9.05,329481
cre-pantheon-18995,Martin Scorsese,MA37,Creator,Creator / personality • Film Director,Pantheon 1.0 historical biographies,,0.76,79.3,72.3,125.18,121.17,-5.51,600911
cre-pantheon-36679,Milan Kundera,MIK3,Creator,Creator / personality • Writer,Pantheon 1.0 historical biographies,,0.76,79.3,72.3,125.13,129.19,-2.53,328051
cre-pantheon-23005,Philip K. Dick,PHDI,Creator,Creator / personality • Writer,Pantheon 1.0 historical biographies,,0.76,79.3,72.3,125.15,130.46,1.56,644009
cre-pantheon-80462,Statius,STAT,Creator,Creator / personality • Writer,Pantheon 1.0 historical biographies,,0.76,79.3,72.3,125.13,130.84,8.62,468417
cre-pantheon-167150,Alfred de Musset,ALMU,Creator,Creator / personality • Writer,Pantheon 1.0 historical biographies,,0.76,79.2,72.2,125.0,129.15,5.61,648744
cre-pantheon-72590,Eugène Ionesco,EUIO,Creator,Creator / personality • Writer,Pantheon 1.0 historical biographies,,0.76,79.2,72.2,124.98,116.38,-0.72,571016
cre-pantheon-14236,Henrik Ibsen,HEIB,Creator,Creator / personality • Writer,Pantheon 1.0 historical biographies,,0.76,79.2,72.2,124.89,114.81,6.82,310828
cre-pantheon-321560,Osamu Tezuka,OSTE,Creator,Creator / personality • Comic Artist,Pantheon 1.0 historical biographies,,0.76,79.2,72.2,124.95,131.42,8.75,631218
cre-pantheon-68241,Paul Éluard,PAEL,Creator,Creator / personality • Writer,Pantheon 1.0 historical biographies,,0.76,79.2,72.2,124.8,127.38,2.82,284344
cre-pantheon-34350,Yoko Ono,YOON,Creator,Creator / personality • Artist,Pantheon 1.0 historical biographies,,0.76,79.2,72.2,124.98,127.68,-4.08,290819
cre-pantheon-44980,Émile Zola,EMZO,Creator,Creator / personality • Writer,Pantheon 1.0 historical biographies,,0.76,79.2,72.2,124.84,129.91,0.39,541695
cre-pantheon-951026,Anacreon,ANAC,Creator,Creator / personality • Writer,Pantheon 1.0 historical biographies,,0.76,79.1,72.1,124.57,130.85,0.38,308223
cre-pantheon-14626,Ingmar Bergman,INBE,Creator,Creator / personality • Film Director,Pantheon 1.0 historical biographies,,0.76,79.0,72.1,124.46,121.88,1.74,375498
cre-pantheon-180913,Ivan Turgenev,IVTU,Creator,Creator / personality • Writer,Pantheon 1.0 historical biographies,,0.76,79.0,72.1,124.48,116.65,-1.88,463850
cre-pantheon-262593,Joseph Brodsky,JO48,Creator,Creator / personality • Writer,Pantheon 1.0 historical biographies,,0.76,79.0,72.1,124.47,119.52,9.28,412243
cre-pantheon-27640,Samuel Beckett,SABE,Creator,Creator / personality • Writer,Pantheon 1.0 historical biographies,,0.76,79.1,72.1,124.57,121.67,1.76,455000
cre-pantheon-99613,Frederick II of Prussia,FRPR,Creator,Creator / personality • Writer,Pantheon 1.0 historical biographies,,0.76,79.0,72.0,124.38,122.68,3.75,471978
cre-pantheon-217749,Yves Klein,YVKL,Creator,Creator / personality • Artist,Pantheon 1.0 historical biographies,,0.76,78.9,72.0,124.12,114.11,8.67,379942
cre-pantheon-70369,Cyrano de Bergerac,CYBE,Creator,Creator / personality • Writer,Pantheon 1.0 historical biographies,,0.76,78.8,71.9,123.91,123.94,-6.97,573053
cre-pantheon-254015,Dale Carnegie,DAC7,Creator,Creator / personality • Writer,Pantheon 1.0 historical biographies,,0.76,78.9,71.9,123.98,118.8,-1.28,442220
cre-pantheon-200401,Eliphas Levi,ELLE,Creator,Creator / personality • Writer,Pantheon 1.0 historical biographies,,0.76,78.8,71.9,123.79,121.35,6.94,631569
cre-pantheon-173668,Franz Marc,FRM2,Creator,Creator / personality • Artist,Pantheon 1.0 historical biographies,,0.76,78.9,71.9,123.98,126.18,-4.84,514162
cre-pantheon-334671,Julio Cortázar,JUC3,Creator,Creator / personality • Writer,Pantheon 1.0 historical biographies,,0.76,78.8,71.9,123.86,122.89,-7.4,586086
cre-pantheon-50714,Sinclair Lewis,SILE,Creator,Creator / personality • Writer,Pantheon 1.0 historical biographies,,0.76,78.9,71.9,123.98,122.88,4.85,296982
cre-pantheon-295860,Susan Sontag,SUSO,Creator,Creator / personality • Writer,Pantheon 1.0 historical biographies,,0.76,78.8,71.9,123.86,130.92,-5.47,286107
cre-pantheon-1185988,Alberto Moravia,ALM5,Creator,Creator / personality • Writer,Pantheon 1.0 historical biographies,,0.76,78.7,71.8,123.57,126.01,-2.95,548745
cre-pantheon-5813,C. S. Lewis,CLEX,Creator,Creator / personality • Writer,Pantheon 1.0 historical biographies,,0.76,78.7,71.8,123.52,123.2,6.99,499476
cre-pantheon-6928,Colette,COLE,Creator,Creator / personality • Writer,Pantheon 1.0 historical biographies,,0.76,78.7,71.8,123.41,130.13,3.1,289983
cre-pantheon-159184,Edgar Cayce,EDC2,Creator,Creator / personality • Celebrity,Pantheon 1.0 historical biographies,,0.76,78.7,71.8,123.58,137.14,-7.5,577338
cre-pantheon-80833,François Rabelais,FRRA,Creator,Creator / personality • Writer,Pantheon 1.0 historical biographies,,0.76,78.7,71.8,123.53,135.89,0.61,438139
cre-pantheon-60730,Lucy Maud Montgomery,LUM2,Creator,Creator / personality • Writer,Pantheon 1.0 historical biographies,,0.76,78.7,71.8,123.51,119.96,-7.3,355407
cre-pantheon-51333,Miloš Forman,MIF2,Creator,Creator / personality • Film Director,Pantheon 1.0 historical biographies,,0.76,78.7,71.8,123.51,132.04,6.66,635283
cre-pantheon-26308,Rudyard Kipling,RUKI,Creator,Creator / personality • Writer,Pantheon 1.0 historical biographies,,0.76,78.7,71.8,123.47,120.5,6.91,335000
cre-pantheon-78375,Simonides of Ceos,SICE,Creator,Creator / personality • Writer,Pantheon 1.0 historical biographies,,0.76,78.7,71.8,123.61,136.11,2.17,577766
cre-pantheon-30273,T. S. Eliot,TELX,Creator,Creator / personality • Writer,Pantheon 1.0 historical biographies,,0.76,78.7,71.8,123.63,135.1,-4.14,436385
cre-pantheon-170759,Alphonse de Lamartine,ALL3,Creator,Creator / personality • Writer,Pantheon 1.0 historical biographies,,0.76,78.5,71.7,122.99,126.58,-1.57,564534
cre-pantheon-18951262,Anne Rice,ANR6,Creator,Creator / personality • Writer,Pantheon 1.0 historical biographies,,0.76,78.6,71.7,123.27,134.14,-0.92,442300
cre-pantheon-220166,Aubrey Beardsley,AUBE,Creator,Creator / personality • Writer,Pantheon 1.0 historical biographies,,0.76,78.5,71.7,123.06,131.45,-7.18,390229
cre-pantheon-89530,Harold Pinter,HAPI,Creator,Creator / personality • Writer,Pantheon 1.0 historical biographies,,0.76,78.5,71.7,123.03,117.84,8.35,527478
cre-pantheon-18938156,J. D. Salinger,JSAX,Creator,Creator / personality • Writer,Pantheon 1.0 historical biographies,,0.76,78.5,71.7,123.07,134.03,-7.12,367892
cre-pantheon-312501,Kenzaburō Ōe,KEOE,Creator,Creator / personality • Writer,Pantheon 1.0 historical biographies,,0.76,78.6,71.7,123.16,135.87,-5.71,282498
cre-pantheon-162198,Maurice Maeterlinck,MA35,Creator,Creator / personality • Writer,Pantheon 1.0 historical biographies,,0.76,78.5,71.7,123.09,110.32,6.86,499702
cre-pantheon-25951,Robert Frost,ROF3,Creator,Creator / personality • Writer,Pantheon 1.0 historical biographies,,0.76,78.6,71.7,123.19,121.38,3.32,372170
cre-pantheon-44634,Tennessee Williams,TEWI,Creator,Creator / personality • Writer,Pantheon 1.0 historical biographies,,0.76,78.5,71.7,123.05,131.85,-6.4,640133
cre-pantheon-30029,Terry Pratchett,TEPR,Creator,Creator / personality • Writer,Pantheon 1.0 historical biographies,,0.76,78.5,71.7,123.03,131.2,7.27,443886
cre-pantheon-101631,Yukio Mishima,YUMI,Creator,Creator / personality • Writer,Pantheon 1.0 historical biographies,,0.76,78.5,71.7,122.94,136.13,-7.47,533658
cre-pantheon-78426,Aulus Gellius,AUGE,Creator,Creator / personality • Writer,Pantheon 1.0 historical biographies,,0.76,78.4,71.6,122.83,124.26,2.37,511728
cre-pantheon-82384,Heinrich Böll,HEBO,Creator,Creator / personality • Writer,Pantheon 1.0 historical biographies,,0.76,78.4,71.6,122.65,132.9,3.93,636305
cre-pantheon-14573,Isaac Asimov,ISAS,Creator,Creator / personality • Writer,Pantheon 1.0 historical biographies,,0.76,78.4,71.6,122.65,110.31,-7.4,322149
cre-pantheon-379771,Lope de Vega,LOVE,Creator,Creator / personality • Writer,Pantheon 1.0 historical biographies,,0.76,78.4,71.6,122.59,118.54,-3.71,581927
cre-pantheon-23932,Patrick White,PAWH,Creator,Creator / personality • Writer,Pantheon 1.0 historical biographies,,0.76,78.5,71.6,122.91,122.57,9.4,572033
cre-pantheon-7270459,Saadi,SAAD,Creator,Creator / personality • Writer,Pantheon 1.0 historical biographies,,0.76,78.4,71.6,122.72,129.7,7.92,294433
cre-pantheon-33277,William Morris,WIMO,Creator,Creator / personality • Designer,Pantheon 1.0 historical biographies,,0.76,78.4,71.6,122.72,127.38,-6.59,531537
cre-pantheon-33594,William S. Burroughs,WIBU,Creator,Creator / personality • Writer,Pantheon 1.0 historical biographies,,0.76,78.4,71.6,122.59,115.57,-2.51,413577
cre-pantheon-872,Akira Kurosawa,AKK2,Creator,Creator / personality • Film Director,Pantheon 1.0 historical biographies,,0.76,78.3,71.5,122.55,137.23,-0.02,537603
cre-cur-cre-005,Alex Cooper,ALCO,Creator,Podcaster and creator,Curated prototype anchor,,0.78,77.5,71.5,122.35,138.86,-1.8,421978
cre-pantheon-1017,Allen Ginsberg,ALG3,Creator,Creator / personality • Writer,Pantheon 1.0 historical biographies,,0.76,78.2,71.5,122.27,130.56,-5.66,529672
cre-pantheon-79500,Alphonse Daudet,ALD3,Creator,Creator / personality • Writer,Pantheon 1.0 historical biographies,,0.76,78.3,71.5,122.51,120.54,4.17,557064
cre-pantheon-9505,Elias Canetti,ELCA,Creator,Creator / personality • Writer,Pantheon 1.0 historical biographies,,0.76,78.3,71.5,122.32,112.07,5.74,634110
cre-pantheon-287047,François de La Rochefoucauld,FRR4,Creator,Creator / personality • Writer,Pantheon 1.0 historical biographies,,0.76,78.3,71.5,122.42,116.83,6.84,331444
cre-pantheon-164100,Harriet Beecher Stowe,HAS3,Creator,Creator / personality • Writer,Pantheon 1.0 historical biographies,,0.76,78.3,71.5,122.49,126.1,2.54,472712
cre-pantheon-162510,Octavio Paz,OCPA,Creator,Creator / personality • Writer,Pantheon 1.0 historical biographies,,0.76,78.3,71.5,122.34,131.34,0.28,395251
cre-pantheon-16215,John Milton,JO41,Creator,Creator / personality • Writer,Pantheon 1.0 historical biographies,,0.76,78.1,71.4,121.86,121.07,-0.42,662425
cre-pantheon-179599,Nadine Gordimer,NAGO,Creator,Creator / personality • Writer,Pantheon 1.0 historical biographies,,0.76,78.1,71.4,121.92,125.26,-6.19,377985
cre-pantheon-27884,Walter Scott,WAS2,Creator,Creator / personality • Writer,Pantheon 1.0 historical biographies,,0.76,78.1,71.4,121.94,125.84,-6.29,478004
cre-pantheon-44845,Alessandro Manzoni,ALM6,Creator,Creator / personality • Writer,Pantheon 1.0 historical biographies,,0.76,78.0,71.3,121.58,125.01,5.25,300850
cre-pantheon-204040,Christoph Martin Wieland,CHW3,Creator,Creator / personality • Writer,Pantheon 1.0 historical biographies,,0.76,78.0,71.3,121.52,121.48,7.62,502220
cre-pantheon-9810,Emily Brontë,EMB2,Creator,Creator / personality • Writer,Pantheon 1.0 historical biographies,,0.76,78.1,71.3,121.81,122.24,3.65,626831
cre-pantheon-11431,Fernando Pessoa,FEPE,Creator,Creator / personality • Writer,Pantheon 1.0 historical biographies,,0.76,78.0,71.3,121.67,128.46,-3.96,310637
cre-pantheon-60368,Jean-Luc Godard,JEG5,Creator,Creator / personality • Film Director,Pantheon 1.0 historical biographies,,0.76,78.0,71.3,121.65,116.85,6.24,298680
cre-pantheon-157799,Joseph Merrick,JO50,Creator,Creator / personality • Celebrity,Pantheon 1.0 historical biographies,,0.76,78.1,71.3,121.75,137.51,-0.59,319953
cre-pantheon-240018,Peter Drucker,PED3,Creator,Creator / personality • Writer,Pantheon 1.0 historical biographies,,0.76,78.0,71.3,121.58,131.03,-3.54,653964
cre-pantheon-25493,Ridley Scott,RIS3,Creator,Creator / personality • Film Director,Pantheon 1.0 historical biographies,,0.76,78.0,71.3,121.54,116.8,8.59,619441
cre-pantheon-33187,W. Somerset Maugham,WMAX,Creator,Creator / personality • Writer,Pantheon 1.0 historical biographies,,0.76,78.1,71.3,121.76,112.82,-6.95,640945
cre-pantheon-238765,Anton LaVey,ANL4,Creator,Creator / personality • Writer,Pantheon 1.0 historical biographies,,0.76,77.8,71.2,121.15,127.82,-7.22,427545
cre-pantheon-12274,Guy de Maupassant,GUM2,Creator,Creator / personality • Writer,Pantheon 1.0 historical biographies,,0.76,77.8,71.2,121.16,118.5,-5.61,368934
cre-pantheon-17901,Ludovico Ariosto,LUAR,Creator,Creator / personality • Writer,Pantheon 1.0 historical biographies,,0.76,77.9,71.2,121.28,137.5,7.72,621518
cre-pantheon-66199,Osip Mandelstam,OSMA,Creator,Creator / personality • Writer,Pantheon 1.0 historical biographies,,0.76,77.9,71.2,121.24,125.12,2.79,459986
cre-pantheon-263306,Pierre Choderlos de Laclos,PILA,Creator,Creator / personality • Writer,Pantheon 1.0 historical biographies,,0.76,77.8,71.2,121.15,132.96,0.06,394005
cre-pantheon-769387,Sextus Propertius,SEP3,Creator,Creator / personality • Writer,Pantheon 1.0 historical biographies,,0.76,77.9,71.2,121.41,128.19,-4.67,595580
cre-pantheon-215217,Antonin Artaud,ANA4,Creator,Creator / personality • Writer,Pantheon 1.0 historical biographies,,0.76,77.8,71.1,121.07,130.36,-6.82,291144
cre-pantheon-1138120,Ernst Ludwig Kirchner,ERKI,Creator,Creator / personality • Artist,Pantheon 1.0 historical biographies,,0.76,77.8,71.1,121.06,116.59,-5.97,401687
cre-pantheon-13896,Halldór Laxness,HALA,Creator,Creator / personality • Writer,Pantheon 1.0 historical biographies,,0.76,77.7,71.1,120.84,111.5,-1.85,374910
cre-pantheon-25428,Roman Polański,ROPO,Creator,Creator / personality • Film Director,Pantheon 1.0 historical biographies,,0.76,77.8,71.1,121.02,130.98,3.67,681435
cre-pantheon-28754,Saul Bellow,SAB4,Creator,Creator / personality • Writer,Pantheon 1.0 historical biographies,,0.76,77.8,71.1,121.11,117.92,-5.36,645493
cre-pantheon-28380,Sergei Eisenstein,SEEI,Creator,Creator / personality • Film Director,Pantheon 1.0 historical biographies,,0.76,77.8,71.1,120.94,128.11,5.1,502562
cre-pantheon-385620,Wu Cheng'en,WUCH,Creator,Creator / personality • Writer,Pantheon 1.0 historical biographies,,0.76,77.8,71.1,120.95,136.7,-3.86,287687
cre-pantheon-210684,Anne Louise Germaine de Staël,ANST,Creator,Creator / personality • Writer,Pantheon 1.0 historical biographies,,0.76,77.7,71.0,120.71,125.84,-3.81,599143
cre-pantheon-339,Ayn Rand,AYRA,Creator,Creator / personality • Writer,Pantheon 1.0 historical biographies,,0.76,77.6,71.0,120.55,112.83,-2.9,301685
cre-pantheon-182032,Georges Simenon,GES3,Creator,Creator / personality • Writer,Pantheon 1.0 historical biographies,,0.76,77.6,71.0,120.53,131.3,-4.18,538390
cre-pantheon-57985,Ian Fleming,IAFL,Creator,Creator / personality • Writer,Pantheon 1.0 historical biographies,,0.76,77.7,71.0,120.75,128.79,-4.44,308224
cre-pantheon-113565,John Constable,JO46,Creator,Creator / personality • Artist,Pantheon 1.0 historical biographies,,0.76,77.6,71.0,120.48,122.45,-6.17,503642
cre-pantheon-65861,Lu Xun,LUXU,Creator,Creator / personality • Writer,Pantheon 1.0 historical biographies,,0.76,77.6,71.0,120.57,121.29,-1.19,386338
cre-pantheon-127657,Mark Rothko,MA40,Creator,Creator / personality • Artist,Pantheon 1.0 historical biographies,,0.76,77.7,71.0,120.77,131.45,-1.68,621639
cre-pantheon-56355,Geoffrey of Monmouth,GEMO,Creator,Creator / personality • Writer,Pantheon 1.0 historical biographies,,0.76,77.5,70.9,120.13,128.41,-3.16,539465
cre-pantheon-362820,Georg Büchner,GEB3,Creator,Creator / personality • Writer,Pantheon 1.0 historical biographies,,0.76,77.5,70.9,120.12,120.83,7.01,424443
cre-pantheon-60231,Georg Trakl,GETR,Creator,Creator / personality • Writer,Pantheon 1.0 historical biographies,,0.76,77.4,70.9,120.08,124.97,0.34,583135
cre-pantheon-168171,Helena Blavatsky,HEBL,Creator,Creator / personality • Writer,Pantheon 1.0 historical biographies,,0.76,77.5,70.9,120.14,120.8,-3.54,596947
cre-pantheon-164622,Mika Waltari,MIW6,Creator,Creator / personality • Writer,Pantheon 1.0 historical biographies,,0.76,77.5,70.9,120.19,120.61,-1.67,399484
cre-pantheon-467504,Rubén Darío,RUDA,Creator,Creator / personality • Writer,Pantheon 1.0 historical biographies,,0.76,77.6,70.9,120.41,120.68,-1.37,651678
cre-pantheon-103020,William Hogarth,WIH2,Creator,Creator / personality • Artist,Pantheon 1.0 historical biographies,,0.76,77.5,70.9,120.13,130.3,3.37,461409
cre-pantheon-59209,"Alfred Tennyson, 1st Baron Tennyson",ALTE,Creator,Creator / personality • Writer,Pantheon 1.0 historical biographies,,0.76,77.3,70.8,119.78,124.36,-0.42,367962
cre-pantheon-6532,Charlotte Brontë,CHB7,Creator,Creator / personality • Writer,Pantheon 1.0 historical biographies,,0.76,77.3,70.8,119.81,121.82,7.92,551115
cre-pantheon-188158,José Martí,JO45,Creator,Creator / personality • Writer,Pantheon 1.0 historical biographies,,0.76,77.4,70.8,119.91,108.44,7.37,317641
cre-pantheon-155269,Krzysztof Kieślowski,KRK2,Creator,Creator / personality • Film Director,Pantheon 1.0 historical biographies,,0.76,77.4,70.8,119.99,112.58,7.34,447450
cre-pantheon-165755,Pearl S. Buck,PEBU,Creator,Creator / personality • Writer,Pantheon 1.0 historical biographies,,0.76,77.3,70.8,119.74,134.54,1.51,328615
cre-pantheon-165243,Pierre de Ronsard,PIRO,Creator,Creator / personality • Writer,Pantheon 1.0 historical biographies,,0.76,77.4,70.8,120.0,124.19,-5.27,369460
cre-pantheon-39345,Robert Graves,ROGR,Creator,Creator / personality • Writer,Pantheon 1.0 historical biographies,,0.76,77.3,70.8,119.81,138.77,-0.22,486018
cre-pantheon-57215,Théophile Gautier,THGA,Creator,Creator / personality • Writer,Pantheon 1.0 historical biographies,,0.76,77.3,70.8,119.71,128.0,-1.15,434461
cre-pantheon-43165,Toni Morrison,TOMO,Creator,Creator / personality • Writer,Pantheon 1.0 historical biographies,,0.76,77.3,70.8,119.76,131.31,-6.09,323064
cre-pantheon-36885,Tristan Tzara,TRTZ,Creator,Creator / personality • Writer,Pantheon 1.0 historical biographies,,0.76,77.3,70.8,119.82,108.68,3.32,341685
cre-pantheon-429800,Emir Kusturica,EMKU,Creator,Creator / personality • Film Director,Pantheon 1.0 historical biographies,,0.76,77.2,70.7,119.43,136.32,-6.6,575224
cre-pantheon-14937,Italo Calvino,ITCA,Creator,Creator / personality • Writer,Pantheon 1.0 historical biographies,,0.76,77.3,70.7,119.65,112.23,-1.63,538623
cre-pantheon-101865,Jacques Prévert,JAP4,Creator,Creator / personality • Writer,Pantheon 1.0 historical biographies,,0.76,77.2,70.7,119.45,118.05,5.46,400790
cre-pantheon-16021,John Irving,JOIR,Creator,Creator / personality • Writer,Pantheon 1.0 historical biographies,,0.76,77.2,70.7,119.55,115.31,-0.15,528117
cre-pantheon-77382,Luís de Camões,LUCA,Creator,Creator / personality • Writer,Pantheon 1.0 historical biographies,,0.76,77.2,70.7,119.47,107.34,3.52,661655
cre-pantheon-26444,Robert Louis Stevenson,ROS7,Creator,Creator / personality • Writer,Pantheon 1.0 historical biographies,,0.76,77.2,70.7,119.53,113.48,-1.77,531090
cre-pantheon-162217,Tibullus,TIBU,Creator,Creator / personality • Writer,Pantheon 1.0 historical biographies,,0.76,77.3,70.7,119.59,134.92,4.61,567908
cre-pantheon-32037,Ursula K. Le Guin,URGU,Creator,Creator / personality • Writer,Pantheon 1.0 historical biographies,,0.76,77.2,70.7,119.54,118.67,3.63,554432
cre-pantheon-324387,Antonio Machado,ANM9,Creator,Creator / personality • Writer,Pantheon 1.0 historical biographies,,0.76,77.1,70.6,119.09,120.28,3.92,529863
cre-pantheon-18950939,Arthur Koestler,ARKO,Creator,Creator / personality • Writer,Pantheon 1.0 historical biographies,,0.76,77.0,70.6,118.99,132.42,-7.3,575788
cre-pantheon-362109,George A. Romero,GER3,Creator,Creator / personality • Film Director,Pantheon 1.0 historical biographies,,0.76,77.1,70.6,119.05,120.04,-5.26,419532
cre-pantheon-15837,Jean Cocteau,JEC4,Creator,Creator / personality • Writer,Pantheon 1.0 historical biographies,,0.76,77.1,70.6,119.25,114.73,-1.88,348794
cre-pantheon-39658,John Galsworthy,JOG7,Creator,Creator / personality • Writer,Pantheon 1.0 historical biographies,,0.76,77.1,70.6,119.07,129.76,-2.73,419534
cre-pantheon-175855,Karl Lagerfeld,KAL3,Creator,Creator / personality • Fashion Designer,Pantheon 1.0 historical biographies,,0.76,77.1,70.6,119.09,130.82,-2.45,361835
cre-pantheon-53926,Marcus Annaeus Lucanus,MAL5,Creator,Creator / personality • Writer,Pantheon 1.0 historical biographies,,0.76,77.2,70.6,119.33,119.57,-4.18,350479
cre-pantheon-19834,Mary Wollstonecraft,MAWO,Creator,Creator / personality • Writer,Pantheon 1.0 historical biographies,,0.76,77.1,70.6,119.22,125.88,-4.56,572760
cre-pantheon-82713,Romain Gary,ROG3,Creator,Creator / personality • Writer,Pantheon 1.0 historical biographies,,0.76,77.0,70.6,119.0,132.54,6.72,322256
cre-pantheon-152771,Theocritus,THEO,Creator,Creator / personality • Writer,Pantheon 1.0 historical biographies,,0.76,77.1,70.6,119.17,124.0,0.51,383685
cre-pantheon-190441,Gao Xingjian,GAXI,Creator,Creator / personality • Writer,Pantheon 1.0 historical biographies,,0.76,77.0,70.5,118.79,125.59,1.27,479027
cre-pantheon-48422,José Saramago,JO44,Creator,Creator / personality • Writer,Pantheon 1.0 historical biographies,,0.76,77.0,70.5,118.97,117.35,6.29,535327
cre-pantheon-20127,M. C. Escher,MESX,Creator,Creator / personality • Artist,Pantheon 1.0 historical biographies,,0.76,77.0,70.5,118.8,119.52,9.17,413711
cre-pantheon-84569,Marguerite Duras,MA38,Creator,Creator / personality • Writer,Pantheon 1.0 historical biographies,,0.76,77.0,70.5,118.77,124.7,-4.09,414282
cre-pantheon-217358,Pedro Calderón de la Barca,PEBA,Creator,Creator / personality • Writer,Pantheon 1.0 historical biographies,,0.76,76.9,70.5,118.67,118.57,3.97,560876
cre-pantheon-5790,Carlo Goldoni,CAG2,Creator,Creator / personality • Writer,Pantheon 1.0 historical biographies,,0.76,76.8,70.4,118.42,132.74,-6.82,335927
cre-pantheon-193580,Ferdowsi,FERD,Creator,Creator / personality • Writer,Pantheon 1.0 historical biographies,,0.76,76.9,70.4,118.61,110.96,-7.28,505131
cre-pantheon-13032,Giosuè Carducci,GIC4,Creator,Creator / personality • Writer,Pantheon 1.0 historical biographies,,0.76,76.8,70.4,118.42,132.32,-4.29,456713
cre-pantheon-229201,Karl Barth,KAB9,Creator,Creator / personality • Writer,Pantheon 1.0 historical biographies,,0.76,76.8,70.4,118.45,120.11,0.69,593027
cre-pantheon-43069,O. Henry,OHEX,Creator,Creator / personality • Writer,Pantheon 1.0 historical biographies,,0.76,76.8,70.4,118.3,115.27,8.12,622993
cre-pantheon-44743,Thomas Hardy,THH4,Creator,Creator / personality • Writer,Pantheon 1.0 historical biographies,,0.76,76.9,70.4,118.53,111.75,5.79,465505
cre-pantheon-203774,Franz Werfel,FRW3,Creator,Creator / personality • Writer,Pantheon 1.0 historical biographies,,0.76,76.7,70.3,117.99,115.84,-6.49,591536
cre-pantheon-13509,H. P. Lovecraft,HLOX,Creator,Creator / personality • Writer,Pantheon 1.0 historical biographies,,0.76,76.7,70.3,118.1,117.71,2.65,426643
cre-pantheon-65129,Jaroslav Hašek,JA18,Creator,Creator / personality • Writer,Pantheon 1.0 historical biographies,,0.76,76.7,70.3,118.06,120.17,7.39,388761
cre-pantheon-16455,John Keats,JOK6,Creator,Creator / personality • Writer,Pantheon 1.0 historical biographies,,0.76,76.7,70.3,118.16,119.91,0.06,442519
cre-pantheon-303688,Jules Michelet,JUMI,Creator,Creator / personality • Writer,Pantheon 1.0 historical biographies,,0.76,76.7,70.3,118.09,123.78,2.3,294807
cre-pantheon-269775,Luis de Góngora,LUG3,Creator,Creator / personality • Writer,Pantheon 1.0 historical biographies,,0.76,76.8,70.3,118.22,132.86,3.22,501589
cre-pantheon-55452,Peter Greenaway,PEGR,Creator,Creator / personality • Film Director,Pantheon 1.0 historical biographies,,0.76,76.8,70.3,118.25,109.52,-0.74,556088
cre-pantheon-236590,Romain Rolland,ROR3,Creator,Creator / personality • Writer,Pantheon 1.0 historical biographies,,0.76,76.7,70.3,117.99,121.63,8.14,441539
cre-pantheon-157272,Alexandre Dumas,ALDU,Creator,Creator / personality • Writer,Pantheon 1.0 historical biographies,,0.76,76.6,70.2,117.78,113.63,-3.25,385300
cre-pantheon-66789,Alfonso X of Castile,ALC6,Creator,Creator / personality • Writer,Pantheon 1.0 historical biographies,,0.76,76.5,70.2,117.62,111.27,-4.43,521354
cre-pantheon-44191,D. H. Lawrence,DLAX,Creator,Creator / personality • Writer,Pantheon 1.0 historical biographies,,0.76,76.6,70.2,117.88,134.0,6.61,421131
cre-pantheon-12307,Gustave Flaubert,GUF2,Creator,Creator / personality • Writer,Pantheon 1.0 historical biographies,,0.76,76.6,70.2,117.92,123.16,-5.57,409422
cre-pantheon-16555,John the Evangelist,JOEV,Creator,Creator / personality • Writer,Pantheon 1.0 historical biographies,,0.76,76.5,70.2,117.62,126.89,5.06,356894
cre-pantheon-163278,Mario Vargas Llosa,MALL,Creator,Creator / personality • Writer,Pantheon 1.0 historical biographies,,0.76,76.5,70.2,117.65,120.72,-2.45,479987
cre-pantheon-153994,Octave Mirbeau,OCMI,Creator,Creator / personality • Writer,Pantheon 1.0 historical biographies,,0.76,76.6,70.2,117.72,118.22,2.77,375798
cre-pantheon-23519,Paul Valéry,PAVA,Creator,Creator / personality • Writer,Pantheon 1.0 historical biographies,,0.76,76.6,70.2,117.68,121.9,9.32,333399
cre-pantheon-55167,André Breton,ANB9,Creator,Creator / personality • Writer,Pantheon 1.0 historical biographies,,0.76,76.4,70.1,117.28,121.73,0.89,345354
cre-pantheon-314182,Apollonius of Rhodes,APRH,Creator,Creator / personality • Writer,Pantheon 1.0 historical biographies,,0.76,76.4,70.1,117.28,114.2,4.75,321506
cre-pantheon-15890,Jack Kerouac,JAKE,Creator,Creator / personality • Writer,Pantheon 1.0 historical biographies,,0.76,76.5,70.1,117.52,110.14,-7.5,309733
cre-pantheon-596023,Franz Grillparzer,FRG2,Creator,Creator / personality • Writer,Pantheon 1.0 historical biographies,,0.76,76.3,70.0,116.95,116.08,6.06,628810
cre-pantheon-333250,John Maxwell Coetzee,JO49,Creator,Creator / personality • Writer,Pantheon 1.0 historical biographies,,0.76,76.3,70.0,116.88,109.75,3.43,501178
cre-pantheon-324413,Juan Ramón Jiménez,JUJI,Creator,Creator / personality • Writer,Pantheon 1.0 historical biographies,,0.76,76.3,70.0,116.89,115.38,-5.89,360760
cre-pantheon-214866,Novalis,NOV2,Creator,Creator / personality • Writer,Pantheon 1.0 historical biographies,,0.76,76.4,70.0,117.18,111.14,6.79,334985
cre-pantheon-25663,Raymond Chandler,RAC4,Creator,Creator / personality • Writer,Pantheon 1.0 historical biographies,,0.76,76.3,70.0,117.06,113.76,1.22,669042
cre-pantheon-90625,Basho,BASH,Creator,Creator / personality • Writer,Pantheon 1.0 historical biographies,,0.76,76.1,69.9,116.55,125.45,-3.33,311412
cre-pantheon-7628,Christine de Pizan,CHP7,Creator,Creator / personality • Writer,Pantheon 1.0 historical biographies,,0.76,76.1,69.9,116.55,114.79,-3.45,561378
cre-pantheon-9536,Edmund Spenser,EDS3,Creator,Creator / personality • Writer,Pantheon 1.0 historical biographies,,0.76,76.2,69.9,116.64,129.41,-5.64,580750
cre-pantheon-9820,Ennius,ENNI,Creator,Creator / personality • Writer,Pantheon 1.0 historical biographies,,0.76,76.1,69.9,116.53,110.58,8.74,441062
cre-pantheon-24064,Peter Handke,PEH2,Creator,Creator / personality • Writer,Pantheon 1.0 historical biographies,,0.76,76.2,69.9,116.81,127.48,5.73,525417
cre-pantheon-58193,Pierre Corneille,PICO,Creator,Creator / personality • Writer,Pantheon 1.0 historical biographies,,0.76,76.2,69.9,116.85,103.99,-5.36,626618
cre-pantheon-7412236,Steve Jobs,STJO,Creator,Creator / personality • Designer,Pantheon 1.0 historical biographies,,0.76,76.2,69.9,116.85,122.37,5.31,619516
cre-pantheon-8233758,Theodor Herzl,THH3,Creator,Creator / personality • Writer,Pantheon 1.0 historical biographies,,0.76,76.1,69.9,116.59,114.17,-0.62,403122
cre-pantheon-155736,Truman Capote,TRCA,Creator,Creator / personality • Writer,Pantheon 1.0 historical biographies,,0.76,76.1,69.9,116.55,120.52,7.62,512764
cre-pantheon-330857,Amos Oz,AMOZ,Creator,Creator / personality • Writer,Pantheon 1.0 historical biographies,,0.76,76.0,69.8,116.19,110.84,-6.0,479869
cre-pantheon-2919,Anaïs Nin,ANN2,Creator,Creator / personality • Writer,Pantheon 1.0 historical biographies,,0.76,76.1,69.8,116.34,112.07,0.89,351155
cre-pantheon-12505972,F. Scott Fitzgerald,FFIX,Creator,Creator / personality • Writer,Pantheon 1.0 historical biographies,,0.76,76.0,69.8,116.21,124.61,7.42,289223
cre-pantheon-63179,Friedrich Dürrenmatt,FRDU,Creator,Creator / personality • Writer,Pantheon 1.0 historical biographies,,0.76,76.1,69.8,116.44,107.15,8.67,298410
cre-pantheon-25022,Paul Auster,PAAU,Creator,Creator / personality • Writer,Pantheon 1.0 historical biographies,,0.76,76.0,69.8,116.25,105.34,2.3,283781
cre-pantheon-30903,Thomas Pynchon,THPY,Creator,Creator / personality • Writer,Pantheon 1.0 historical biographies,,0.76,76.0,69.8,116.27,112.36,1.04,459869
cre-pantheon-63148,Vaslav Nijinsky,VANI,Creator,Creator / personality • Dancer,Pantheon 1.0 historical biographies,,0.76,76.1,69.8,116.51,117.53,9.03,394712
cre-pantheon-13049,George Eliot,GEEL,Creator,Creator / personality • Writer,Pantheon 1.0 historical biographies,,0.76,75.9,69.7,116.02,115.58,-2.23,599838
cre-pantheon-163283,Heinrich Mann,HEM5,Creator,Creator / personality • Writer,Pantheon 1.0 historical biographies,,0.76,75.9,69.7,116.03,105.05,-5.85,457713
cre-pantheon-13433,Henryk Sienkiewicz,HES2,Creator,Creator / personality • Writer,Pantheon 1.0 historical biographies,,0.76,75.9,69.7,116.01,119.64,-3.66,548523
cre-pantheon-48227,Torquato Tasso,TOTA,Creator,Creator / personality • Writer,Pantheon 1.0 historical biographies,,0.76,76.0,69.7,116.16,113.66,-0.75,395701
cre-pantheon-216661,Friedrich Gottlieb Klopstock,FRKL,Creator,Creator / personality • Writer,Pantheon 1.0 historical biographies,,0.76,75.7,69.6,115.52,125.75,-6.49,344405
cre-pantheon-229198,Haruki Murakami,HAMU,Creator,Creator / personality • Writer,Pantheon 1.0 historical biographies,,0.76,75.8,69.6,115.55,128.41,-6.07,429561
cre-pantheon-406119,Henri Cartier-Bresson,HEC3,Creator,Creator / personality • Photographer,Pantheon 1.0 historical biographies,,0.76,75.8,69.6,115.73,110.69,-6.89,298189
cre-pantheon-105311,Imre Kertész,IMKE,Creator,Creator / personality • Writer,Pantheon 1.0 historical biographies,,0.76,75.7,69.6,115.52,114.3,-3.58,344294
cre-pantheon-17461,Knut Hamsun,KNHA,Creator,Creator / personality • Writer,Pantheon 1.0 historical biographies,,0.76,75.7,69.6,115.49,109.83,2.87,644014
cre-pantheon-20187,Marina Tsvetaeva,MATS,Creator,Creator / personality • Writer,Pantheon 1.0 historical biographies,,0.76,75.8,69.6,115.78,130.71,-3.99,345446
cre-pantheon-209350,Walther von der Vogelweide,WAVO,Creator,Creator / personality • Writer,Pantheon 1.0 historical biographies,,0.76,75.8,69.6,115.74,124.94,7.11,362143
cre-pantheon-53506,Edmond Rostand,EDRO,Creator,Creator / personality • Writer,Pantheon 1.0 historical biographies,,0.76,75.6,69.5,115.21,127.34,-1.35,305017
cre-pantheon-104641,Heinrich Heine,HEH5,Creator,Creator / personality • Writer,Pantheon 1.0 historical biographies,,0.76,75.7,69.5,115.29,104.74,-6.85,362850
cre-pantheon-5052533,Rabindranath Tagore,RAT2,Creator,Creator / personality • Writer,Pantheon 1.0 historical biographies,,0.76,75.7,69.5,115.27,106.81,-0.95,353923
cre-pantheon-40119,William Makepeace Thackeray,WITH,Creator,Creator / personality • Writer,Pantheon 1.0 historical biographies,,0.76,75.7,69.5,115.39,110.92,-3.88,436615
cre-pantheon-158252,Adam Mickiewicz,ADMI,Creator,Creator / personality • Writer,Pantheon 1.0 historical biographies,,0.76,75.6,69.4,115.07,115.59,9.4,291665
cre-pantheon-63174,Antoine de Saint-Exupéry,ANS6,Creator,Creator / personality • Writer,Pantheon 1.0 historical biographies,,0.76,75.6,69.4,115.05,109.55,-6.75,457640
cre-pantheon-162742,Friedrich Hölderlin,FRHO,Creator,Creator / personality • Writer,Pantheon 1.0 historical biographies,,0.76,75.6,69.4,115.02,104.02,-6.65,461285
cre-pantheon-1682937,Jean Paul,JEP2,Creator,Creator / personality • Writer,Pantheon 1.0 historical biographies,,0.76,75.5,69.4,114.88,126.98,-4.81,567915
cre-pantheon-38772,Sergio Leone,SELE,Creator,Creator / personality • Film Director,Pantheon 1.0 historical biographies,,0.76,75.5,69.4,114.79,101.45,-6.0,360086
cre-pantheon-1869,Alfred Jarry,ALJ3,Creator,Creator / personality • Writer,Pantheon 1.0 historical biographies,,0.76,75.4,69.3,114.73,108.23,6.34,530536
cre-pantheon-12333,G. K. Chesterton,GCHX,Creator,Creator / personality • Writer,Pantheon 1.0 historical biographies,,0.76,75.4,69.3,114.63,110.7,2.77,412744
cre-pantheon-26202,Ralph Waldo Emerson,RAEM,Creator,Creator / personality • Writer,Pantheon 1.0 historical biographies,,0.76,75.4,69.3,114.58,111.54,4.51,348100
cre-pantheon-29408,Samuel Taylor Coleridge,SAC3,Creator,Creator / personality • Writer,Pantheon 1.0 historical biographies,,0.76,75.4,69.3,114.74,124.16,3.15,577985
cre-pantheon-30795,Thomas Paine,THPA,Creator,Creator / personality • Writer,Pantheon 1.0 historical biographies,,0.76,75.4,69.3,114.5,115.06,-1.87,441555
cre-pantheon-181577,Eyvind Johnson,EYJO,Creator,Creator / personality • Writer,Pantheon 1.0 historical biographies,,0.76,75.3,69.2,114.37,113.73,4.35,454201
cre-pantheon-28722,Salman Rushdie,SARU,Creator,Creator / personality • Writer,Pantheon 1.0 historical biographies,,0.76,75.2,69.2,114.08,120.87,-2.78,376116
cre-pantheon-24002071,Selma Lagerlöf,SELA,Creator,Creator / personality • Writer,Pantheon 1.0 historical biographies,,0.76,75.2,69.2,114.08,122.32,-5.74,451128
cre-pantheon-162145,Vladimir Mayakovsky,VLMA,Creator,Creator / personality • Writer,Pantheon 1.0 historical biographies,,0.76,75.3,69.2,114.36,119.0,4.98,620132
cre-pantheon-33138,Werner Herzog,WEH2,Creator,Creator / personality • Film Director,Pantheon 1.0 historical biographies,,0.76,75.2,69.2,114.21,126.8,1.04,637757
cre-pantheon-15511,Isaac Bashevis Singer,ISSI,Creator,Creator / personality • Writer,Pantheon 1.0 historical biographies,,0.76,75.1,69.1,113.92,111.93,3.68,304625
cre-pantheon-160640,Isadora Duncan,ISDU,Creator,Creator / personality • Dancer,Pantheon 1.0 historical biographies,,0.76,75.1,69.1,113.89,110.9,-2.83,668326
cre-pantheon-145236,Yves Saint-Laurent,YVSA,Creator,Creator / personality • Fashion Designer,Pantheon 1.0 historical biographies,,0.76,75.2,69.1,113.98,121.84,-6.35,521588
cre-pantheon-2433,Alberto Giacometti,ALG4,Creator,Creator / personality • Artist,Pantheon 1.0 historical biographies,,0.76,75.0,69.0,113.64,124.0,5.18,371147
cre-pantheon-59600,Charles Bukowski,CHBU,Creator,Creator / personality • Writer,Pantheon 1.0 historical biographies,,0.76,75.0,69.0,113.6,106.43,-5.36,369023
cre-pantheon-159275,Emily Dickinson,EMDI,Creator,Creator / personality • Writer,Pantheon 1.0 historical biographies,,0.76,75.0,69.0,113.47,106.63,-2.02,405305
cre-cur-cre-006,Mark Rober,MAR2,Creator,Science creator,Curated prototype anchor,,0.78,74.4,69.0,113.54,116.13,-0.24,542273
cre-pantheon-18951335,Arthur Conan Doyle,ARDO,Creator,Creator / personality • Writer,Pantheon 1.0 historical biographies,,0.76,74.9,68.9,113.35,102.87,9.08,426100
cre-pantheon-25701,Robert Musil,ROMU,Creator,Creator / personality • Writer,Pantheon 1.0 historical biographies,,0.76,74.8,68.9,113.08,116.47,5.84,419948
cre-pantheon-18002,Louisa May Alcott,LOAL,Creator,Creator / personality • Writer,Pantheon 1.0 historical biographies,,0.76,74.7,68.8,112.72,116.11,-0.34,368821
cre-pantheon-10518,Elie Wiesel,ELWI,Creator,Creator / personality • Writer,Pantheon 1.0 historical biographies,,0.76,74.7,68.7,112.65,118.56,0.39,360830
cre-pantheon-169033,Luis Buñuel,LUBU,Creator,Creator / personality • Film Director,Pantheon 1.0 historical biographies,,0.76,74.7,68.7,112.68,108.4,-1.88,373048
cre-pantheon-18951309,Ambrose Bierce,AMBI,Creator,Creator / personality • Writer,Pantheon 1.0 historical biographies,,0.76,74.5,68.6,112.32,100.16,-1.17,481203
cre-pantheon-1368802,Cesare Pavese,CEPA,Creator,Creator / personality • Writer,Pantheon 1.0 historical biographies,,0.76,74.5,68.6,112.34,108.44,5.03,298396
cre-pantheon-730109,Fyodor Tyutchev,FYTY,Creator,Creator / personality • Writer,Pantheon 1.0 historical biographies,,0.76,74.5,68.6,112.22,110.12,-6.89,549441
cre-pantheon-102036,Giorgio Vasari,GIVA,Creator,Creator / personality • Writer,Pantheon 1.0 historical biographies,,0.76,74.5,68.6,112.28,110.81,-1.85,435479
cre-pantheon-21995,Naguib Mahfouz,NAM2,Creator,Creator / personality • Writer,Pantheon 1.0 historical biographies,,0.76,74.5,68.6,112.33,118.33,-0.14,505658
cre-pantheon-151398,Philip Roth,PHR2,Creator,Creator / personality • Writer,Pantheon 1.0 historical biographies,,0.76,74.5,68.6,112.18,115.42,5.68,373949
cre-pantheon-25389,Robert A. Heinlein,ROH2,Creator,Creator / personality • Writer,Pantheon 1.0 historical biographies,,0.76,74.5,68.6,112.25,122.31,0.94,285471
cre-pantheon-13459,H. G. Wells,HWEX,Creator,Creator / personality • Writer,Pantheon 1.0 historical biographies,,0.76,74.3,68.5,111.8,124.84,-1.55,642331
cre-pantheon-676,Andrei Tarkovsky,ANT2,Creator,Creator / personality • Film Director,Pantheon 1.0 historical biographies,,0.76,74.2,68.4,111.53,122.67,0.58,397015
cre-pantheon-5771,Christopher Marlowe,CH10,Creator,Creator / personality • Writer,Pantheon 1.0 historical biographies,,0.76,74.2,68.4,111.37,119.61,1.66,601010
cre-pantheon-42874,Elia Kazan,ELKA,Creator,Creator / personality • Film Director,Pantheon 1.0 historical biographies,,0.76,74.3,68.4,111.63,117.08,4.08,298558
cre-pantheon-33703,Walter Raleigh,WARA,Creator,Creator / personality • Writer,Pantheon 1.0 historical biographies,,0.76,74.2,68.4,111.37,110.91,-7.17,353567
cre-pantheon-33726,Washington Irving,WAIR,Creator,Creator / personality • Writer,Pantheon 1.0 historical biographies,,0.76,74.2,68.4,111.43,111.77,3.33,447516
cre-pantheon-88077,Camille Claudel,CAC6,Creator,Creator / personality • Artist,Pantheon 1.0 historical biographies,,0.76,74.1,68.3,111.24,121.71,-1.19,411290
cre-pantheon-187358,George Grosz,GEG2,Creator,Creator / personality • Artist,Pantheon 1.0 historical biographies,,0.76,74.1,68.3,111.19,108.08,-5.85,286114
cre-pantheon-16861,Kurt Vonnegut,KUVO,Creator,Creator / personality • Writer,Pantheon 1.0 historical biographies,,0.76,74.0,68.3,111.0,112.48,0.16,647284
cre-pantheon-48594,Samuel Johnson,SAJ2,Creator,Creator / personality • Writer,Pantheon 1.0 historical biographies,,0.76,74.1,68.3,111.09,105.46,9.05,304917
cre-pantheon-48344,Alexander Pope,ALP8,Creator,Creator / personality • Writer,Pantheon 1.0 historical biographies,,0.76,73.9,68.2,110.65,119.32,-1.8,369049
cre-pantheon-21486951,Oliver Stone,OLST,Creator,Creator / personality • Film Director,Pantheon 1.0 historical biographies,,0.76,73.8,68.1,110.48,114.4,-0.01,336705
cre-pantheon-18598148,Arthur C. Clarke,ARCL,Creator,Creator / personality • Writer,Pantheon 1.0 historical biographies,,0.76,73.6,68.0,110.0,103.21,-3.99,409256
cre-pantheon-7892,David Cronenberg,DAC8,Creator,Creator / personality • Film Director,Pantheon 1.0 historical biographies,,0.76,73.6,68.0,109.98,101.15,-2.18,448859
cre-pantheon-63306,Jaroslav Seifert,JAS4,Creator,Creator / personality • Writer,Pantheon 1.0 historical biographies,,0.76,73.6,67.9,109.79,111.38,3.98,360643
cre-pantheon-512244,Taras Shevchenko,TAS3,Creator,Creator / personality • Writer,Pantheon 1.0 historical biographies,,0.76,73.5,67.8,109.55,112.31,-0.99,569496
cre-pantheon-39661,John Bunyan,JOBU,Creator,Creator / personality • Writer,Pantheon 1.0 historical biographies,,0.76,73.0,67.5,108.43,101.6,-1.35,494912
cre-pantheon-307267,Max Frisch,MAF3,Creator,Creator / personality • Writer,Pantheon 1.0 historical biographies,,0.76,72.7,67.3,107.63,119.62,-3.46,282938
cre-cur-cre-008,Lilly Singh,LISI,Creator,Digital creator,Curated prototype anchor,,0.78,71.9,67.1,107.01,108.74,2.74,474284
cre-pantheon-434293,Mansur Al-Hallaj,MAA7,Creator,Creator / personality • Writer,Pantheon 1.0 historical biographies,,0.76,72.3,67.0,106.67,104.48,8.65,451553
cre-pantheon-45158,Tatian,TATI,Creator,Creator / personality • Writer,Pantheon 1.0 historical biographies,,0.76,72.1,66.8,106.04,95.22,-2.2,312374
cre-pantheon-460443,Edgar Wallace,EDWA,Creator,Creator / personality • Writer,Pantheon 1.0 historical biographies,,0.76,72.0,66.7,105.76,113.81,-4.26,427268
cre-cur-cre-007,Khaby Lame,KHLA,Creator,Digital creator,Curated prototype anchor,,0.78,70.8,66.2,104.18,112.2,-5.34,577986
cre-pantheon-69830,Bartolomé de Las Casas,BACA,Creator,Creator / personality • Writer,Pantheon 1.0 historical biographies,,0.76,71.1,66.0,103.47,107.99,-2.45,337204
cre-pantheon-60143,Roy Lichtenstein,ROL4,Creator,Creator / personality • Artist,Pantheon 1.0 historical biographies,,0.76,70.8,65.8,102.72,94.87,-3.76,432358
